rank,Name,Team,G,PA,AB,H,HR,FB%,HR/FB,AVG,SLG,ISO,EV,Barrel%,HardHit%,BB%,K%,SwStr%,Pitches,SB,CS
1,Matt Carpenter,NYY,20,52,42,12,8,63.0%,47.1%,.286,.881,.595,91.4,24.1%,41.4%,26.9%,15.4%,9.7%,237,0,0
2,Joe Dunand,MIA,3,11,10,3,1,71.4%,20.0%,.300,.700,.400,85.9,0.0%,28.6%,27.3%,0.0%,10.6%,47,0,0
3,Paul Goldschmidt,STL,77,338,293,100,19,44.1%,19.0%,.341,.625,.283,90.4,12.2%,45.9%,19.8%,12.1%,9.7%,1397,3,0
4,Yordan Alvarez,HOU,69,288,245,76,23,37.7%,30.7%,.310,.645,.335,95.7,18.6%,60.3%,16.7%,13.2%,8.4%,1135,0,1
5,Nick Fortes,MIA,15,51,44,13,3,36.8%,21.4%,.295,.591,.295,93.1,7.9%,39.5%,11.8%,9.8%,5.7%,175,2,0
6,Mike Trout,LAA,72,298,257,70,23,57.4%,23.7%,.272,.623,.350,92.1,21.3%,52.1%,29.5%,12.4%,12.1%,1253,0,0
7,Kyle Lewis,SEA,4,16,15,4,2,28.6%,50.0%,.267,.667,.400,90.1,14.3%,28.6%,6.3%,0.0%,14.8%,54,0,0
8,Bryce Harper,PHI,64,275,242,77,15,35.4%,22.1%,.318,.599,.281,92.8,14.4%,52.1%,18.9%,9.5%,14.9%,1035,9,2
9,Taylor Ward,LAA,57,240,208,64,12,43.0%,18.5%,.308,.548,.240,89.5,13.9%,42.4%,23.8%,13.3%,8.4%,1001,2,2
10,Rafael Devers,BOS,77,343,314,102,17,34.5%,19.5%,.325,.580,.255,93.8,12.3%,53.0%,17.8%,6.7%,14.3%,1200,2,0
11,Aaron Judge,NYY,78,339,294,83,29,41.8%,32.6%,.282,.619,.337,95.4,24.7%,60.0%,25.1%,11.5%,11.0%,1405,6,0
12,Jose Ramirez,CLE,73,318,277,81,16,54.0%,11.9%,.292,.588,.296,88.0,6.8%,38.4%,9.1%,11.6%,5.1%,1307,12,3
13,Tom Murphy,SEA,14,42,33,10,1,35.0%,14.3%,.303,.455,.152,94.3,19.0%,57.1%,31.0%,19.0%,13.3%,181,0,0
14,Alejandro Kirk,TOR,70,255,218,69,10,33.2%,15.4%,.317,.509,.193,91.0,10.2%,44.4%,9.4%,12.2%,5.5%,1027,0,0
15,Jarren Duran,BOS,16,72,66,22,1,34.6%,5.6%,.333,.530,.197,90.4,9.4%,37.7%,18.1%,6.9%,8.9%,281,4,1
16,Willson Contreras,CHC,70,304,254,71,13,33.3%,20.3%,.280,.508,.228,91.2,9.9%,50.0%,20.4%,11.5%,13.8%,1166,3,2
17,Josh Bell,WSN,80,336,288,92,12,30.8%,15.8%,.319,.517,.198,89.3,7.6%,38.6%,13.4%,11.0%,8.9%,1215,0,1
18,Darick Hall,PHI,5,18,18,4,3,38.5%,60.0%,.222,.722,.500,88.1,23.1%,38.5%,27.8%,0.0%,13.6%,66,0,0
19,Joc Pederson,SFG,68,229,204,57,17,43.2%,25.4%,.279,.578,.299,94.5,17.9%,55.1%,21.8%,8.3%,10.0%,900,2,2
20,Manny Machado,SDP,70,299,266,85,12,40.1%,14.1%,.320,.530,.211,90.6,6.6%,48.1%,18.4%,10.4%,9.7%,1068,7,1
21,Garrett Stubbs,PHI,20,57,50,14,3,31.4%,27.3%,.280,.560,.280,85.1,7.5%,32.5%,19.3%,10.5%,5.7%,228,1,0
22,P.J. Higgins,CHC,25,72,63,19,3,37.0%,17.6%,.302,.524,.222,85.9,2.0%,26.0%,19.4%,9.7%,9.6%,271,0,0
23,Jose Altuve,HOU,63,276,243,68,16,40.2%,20.5%,.280,.539,.259,85.6,9.6%,31.5%,16.7%,10.1%,6.9%,1074,6,1
24,Rob Refsnyder,BOS,16,56,46,14,2,32.5%,15.4%,.304,.522,.217,89.0,17.5%,45.0%,14.3%,10.7%,8.4%,214,0,1
25,Mookie Betts,LAD,61,280,248,69,17,46.5%,18.1%,.278,.544,.266,90.2,9.4%,46.5%,16.8%,10.4%,5.6%,1088,6,1
26,Isaac Paredes,TBR,41,138,127,32,13,45.2%,27.7%,.252,.606,.354,88.2,8.7%,42.3%,17.4%,6.5%,6.9%,591,0,1
27,C.J. Cron,COL,79,339,309,92,19,40.0%,21.1%,.298,.550,.252,87.5,12.4%,42.0%,25.7%,6.2%,10.5%,1369,0,0
28,Danny Jansen,TOR,19,62,56,13,7,57.4%,25.9%,.232,.625,.393,89.0,21.3%,40.4%,16.1%,4.8%,7.9%,240,0,0
29,Luis Arraez,MIN,72,298,262,90,4,28.6%,5.9%,.344,.443,.099,89.0,3.8%,31.1%,8.4%,11.1%,3.0%,1224,2,2
30,Freddie Freeman,LAD,78,353,307,94,10,35.1%,11.5%,.306,.498,.192,91.5,10.9%,47.6%,17.6%,11.3%,8.7%,1374,7,0
31,Nolan Arenado,STL,77,324,293,85,17,50.8%,13.3%,.290,.539,.249,88.5,7.9%,37.7%,13.3%,8.3%,9.2%,1213,0,3
32,Ty France,SEA,70,311,275,87,10,28.8%,14.9%,.316,.476,.160,89.1,6.0%,38.0%,13.8%,6.4%,8.8%,1131,0,0
33,Yairo Munoz,PHI,13,30,27,7,2,21.7%,40.0%,.259,.556,.296,87.8,4.3%,47.8%,13.3%,10.0%,14.9%,101,1,0
34,Mike Brosseau,MIL,34,87,76,22,4,35.2%,21.1%,.289,.487,.197,88.9,7.4%,44.4%,25.3%,11.5%,14.0%,351,1,0
35,William Contreras,ATL,39,148,132,35,9,30.8%,32.1%,.265,.538,.273,90.4,15.4%,48.4%,27.7%,10.8%,12.5%,623,2,0
36,Ji-Man Choi,TBR,56,217,183,53,7,33.9%,16.7%,.290,.481,.191,92.4,12.0%,46.4%,27.6%,14.7%,11.4%,956,0,0
37,Pete Alonso,NYM,78,332,286,79,22,44.5%,21.8%,.276,.545,.269,89.3,13.7%,44.9%,19.9%,9.6%,11.1%,1260,2,1
38,Edward Olivares,KCR,22,63,59,18,3,25.5%,25.0%,.305,.525,.220,91.6,10.6%,46.8%,19.0%,4.8%,9.3%,257,2,1
39,J.D. Martinez,BOS,68,302,267,82,8,35.7%,11.3%,.307,.487,.180,89.8,12.1%,42.2%,23.5%,9.3%,13.4%,1233,0,0
40,Kyle Garlick,MIN,34,83,75,21,6,38.6%,27.3%,.280,.533,.253,93.3,14.0%,56.1%,22.9%,7.2%,15.0%,314,0,0
41,Dansby Swanson,ATL,80,331,302,91,14,39.9%,16.5%,.301,.500,.199,90.3,12.7%,47.9%,27.2%,7.6%,14.6%,1332,12,3
42,Riley Greene,DET,13,58,48,14,1,21.1%,12.5%,.292,.417,.125,87.8,10.5%,44.7%,17.2%,17.2%,6.7%,255,1,1
43,Royce Lewis,MIN,12,41,40,12,2,48.6%,11.8%,.300,.550,.250,90.7,5.7%,40.0%,12.2%,2.4%,8.5%,141,0,0
44,Austin Riley,ATL,78,339,304,81,20,38.4%,24.1%,.266,.530,.263,93.7,14.8%,55.6%,26.5%,7.7%,14.2%,1248,2,0
45,Xander Bogaerts,BOS,76,322,283,90,6,31.1%,8.7%,.318,.456,.138,88.4,7.2%,40.5%,19.9%,9.6%,9.5%,1277,3,0
46,Byron Buxton,MIN,61,251,225,51,21,49.0%,27.6%,.227,.569,.342,92.6,16.8%,48.4%,28.3%,8.0%,14.2%,1034,1,0
47,Michael Harris II,ATL,34,130,124,38,5,26.6%,20.0%,.306,.516,.210,88.5,9.6%,41.5%,23.1%,3.8%,14.1%,469,4,0
48,Garrett Cooper,MIA,69,284,251,79,5,26.3%,10.0%,.315,.462,.147,90.4,9.5%,45.3%,22.9%,8.1%,8.5%,1120,0,0
49,Ronald Acuna Jr.,ATL,46,211,178,51,7,35.4%,15.2%,.287,.455,.169,90.3,16.2%,45.4%,24.2%,10.4%,12.4%,839,15,4
50,Rhys Hoskins,PHI,79,337,292,75,17,43.6%,18.5%,.257,.500,.243,90.1,12.3%,46.0%,24.6%,12.2%,9.2%,1462,0,0
51,Ian Happ,CHC,77,315,267,76,8,32.4%,11.9%,.285,.461,.176,89.8,8.2%,40.6%,20.0%,12.7%,11.3%,1278,5,2
52,Juan Soto,WSN,79,343,274,62,15,36.2%,18.8%,.226,.449,.223,89.5,12.6%,43.7%,15.2%,19.5%,6.8%,1450,5,2
53,Trea Turner,LAD,78,345,314,98,11,33.6%,13.1%,.312,.490,.178,90.3,8.4%,47.0%,19.7%,7.0%,12.4%,1324,16,2
54,Brandon Drury,CIN,68,280,256,69,16,40.5%,20.3%,.270,.523,.254,89.4,11.3%,45.1%,22.1%,6.8%,7.3%,1129,1,2
55,Andres Gimenez,CLE,66,239,218,66,9,31.5%,17.0%,.303,.495,.193,89.4,8.0%,40.8%,20.1%,4.6%,12.7%,891,6,1
56,Kyle Tucker,HOU,73,295,256,66,16,47.8%,16.0%,.258,.492,.234,89.4,12.0%,37.3%,16.3%,12.9%,10.9%,1137,14,2
57,Jazz Chisholm Jr.,MIA,60,241,213,54,14,40.8%,23.3%,.254,.535,.282,90.2,16.6%,45.7%,27.4%,8.7%,13.7%,950,12,5
58,Brendan Donovan,STL,60,222,186,55,2,22.4%,6.1%,.296,.414,.118,86.4,1.4%,34.0%,18.0%,13.1%,6.2%,972,2,2
59,Vladimir Guerrero Jr.,TOR,79,343,300,80,19,31.7%,25.0%,.267,.497,.230,93.8,11.7%,54.6%,18.1%,10.8%,10.9%,1299,0,1
60,Jose Abreu,CHW,75,330,286,82,9,35.9%,10.6%,.287,.448,.161,93.2,11.0%,54.4%,15.2%,12.1%,8.5%,1403,0,0
61,Victor Caratini,MIL,37,128,105,26,6,32.5%,23.1%,.248,.448,.200,89.3,12.5%,46.3%,20.3%,13.3%,6.8%,530,0,0
62,Jason Vosler,SFG,19,64,56,15,4,29.3%,33.3%,.268,.518,.250,85.1,4.9%,31.7%,25.0%,10.9%,12.1%,231,1,1
63,Brian Serven,COL,22,75,68,20,3,35.8%,15.8%,.294,.471,.176,84.7,3.8%,28.3%,20.0%,9.3%,14.9%,289,0,0
64,Jeff McNeil,NYM,70,264,240,76,4,33.3%,5.9%,.317,.450,.133,87.3,1.9%,34.8%,12.9%,7.6%,7.9%,958,2,0
65,Tyler Stephenson,CIN,42,155,141,43,5,32.7%,15.2%,.305,.468,.163,86.3,6.9%,33.7%,26.5%,7.1%,10.6%,615,1,0
66,Anthony Rizzo,NYY,77,324,274,61,22,49.3%,20.6%,.223,.507,.285,89.9,12.4%,40.8%,17.9%,11.4%,8.9%,1288,6,1
67,Giancarlo Stanton,NYY,66,272,237,58,20,37.5%,31.7%,.245,.519,.274,95.8,23.1%,53.3%,26.5%,11.4%,14.1%,1098,0,0
68,Shohei Ohtani,LAA,78,334,294,77,18,39.3%,21.4%,.262,.503,.241,93.1,18.6%,48.4%,24.3%,10.5%,12.0%,1303,8,5
69,Tim Anderson,CHW,51,226,213,71,5,24.0%,11.4%,.333,.451,.117,88.8,7.7%,42.1%,13.3%,4.0%,11.1%,700,10,0
70,Carlos Correa,MIN,59,254,228,67,9,33.7%,15.5%,.294,.465,.171,91.7,11.6%,49.4%,22.8%,9.1%,11.0%,1049,0,0
71,Cavan Biggio,TOR,42,135,108,26,2,42.9%,6.7%,.241,.407,.167,89.2,12.5%,38.9%,27.4%,17.0%,8.3%,587,1,0
72,George Springer,TOR,71,306,264,68,15,37.5%,19.2%,.258,.489,.231,89.1,7.6%,40.0%,19.6%,9.8%,14.0%,1177,8,1
73,Vinnie Pasquantino,KCR,5,20,14,2,1,33.3%,25.0%,.143,.357,.214,96.7,8.3%,58.3%,10.0%,25.0%,3.0%,66,0,0
74,Will Smith,LAD,65,269,234,61,13,47.4%,14.0%,.261,.470,.209,90.7,11.2%,45.4%,14.9%,11.2%,6.2%,1129,0,0
75,Kyle Schwarber,PHI,78,341,289,62,23,51.6%,23.7%,.215,.495,.280,93.2,21.1%,53.2%,29.3%,14.4%,10.4%,1485,4,0
76,Harold Ramirez,TBR,66,218,198,64,4,26.3%,8.9%,.323,.444,.121,88.9,5.8%,43.3%,13.8%,6.4%,13.9%,772,3,3
77,Seby Zavala,CHW,16,52,48,15,1,37.5%,8.3%,.313,.500,.188,89.1,12.1%,39.4%,32.7%,3.8%,13.7%,233,0,0
78,Julio Rodriguez,SEA,80,329,300,83,14,33.8%,19.7%,.277,.483,.207,92.1,14.3%,49.5%,27.7%,7.0%,15.4%,1241,20,4
79,Christopher Morel,CHC,43,198,178,49,8,28.8%,23.5%,.275,.489,.213,89.8,14.2%,40.0%,30.8%,8.1%,16.3%,796,7,3
80,Ryan Mountcastle,BAL,68,287,269,76,14,34.0%,20.9%,.283,.506,.223,93.1,16.8%,52.3%,25.8%,5.2%,15.6%,1096,3,1
81,Brian Anderson,MIA,38,141,121,33,3,30.9%,12.0%,.273,.421,.149,88.2,11.1%,42.0%,28.4%,12.8%,14.3%,616,1,0
82,Juan Yepez,STL,52,189,174,48,10,49.3%,15.2%,.276,.506,.230,87.2,9.0%,34.3%,22.8%,5.8%,12.3%,714,0,0
83,Austin Slater,SFG,56,136,113,28,5,26.8%,26.3%,.248,.425,.177,87.9,11.1%,38.9%,30.9%,15.4%,14.5%,567,3,0
84,Josh Naylor,CLE,53,214,194,53,10,36.6%,16.7%,.273,.495,.222,89.9,9.1%,42.7%,15.4%,7.0%,8.4%,764,1,0
85,Luis Gonzalez,SFG,49,180,159,48,3,35.3%,7.1%,.302,.447,.145,87.8,3.2%,36.5%,20.6%,8.3%,9.5%,750,7,2
86,Yandy Diaz,TBR,71,287,240,68,3,27.6%,5.2%,.283,.367,.083,91.8,3.3%,44.8%,10.5%,15.3%,5.0%,1134,1,3
87,Andrew Vaughn,CHW,59,253,229,69,7,32.8%,11.3%,.301,.454,.153,91.8,6.3%,50.8%,17.4%,6.7%,8.0%,1004,0,0
88,Matt Olson,ATL,80,353,306,76,12,40.4%,12.9%,.248,.467,.219,92.3,12.6%,49.4%,21.8%,12.5%,11.7%,1467,0,0
89,Josh Smith,TEX,15,53,41,11,0,26.7%,0.0%,.268,.293,.024,86.8,0.0%,19.4%,18.9%,17.0%,7.8%,244,2,1
90,Jeremy Pena,HOU,60,239,219,61,11,36.3%,19.0%,.279,.479,.201,89.1,10.4%,38.4%,24.3%,5.0%,15.9%,872,6,0
91,Nelson Velazquez,CHC,13,35,31,9,0,33.3%,0.0%,.290,.419,.129,87.5,4.8%,28.6%,28.6%,11.4%,17.6%,136,1,0
92,Evan Longoria,SFG,42,143,126,31,8,42.7%,21.1%,.246,.476,.230,90.1,14.6%,41.6%,26.6%,11.2%,11.5%,591,0,0
93,Tim Locastro,NYY,15,15,13,3,1,22.2%,50.0%,.231,.462,.231,84.4,11.1%,22.2%,26.7%,13.3%,9.4%,64,4,1
94,Starling Marte,NYM,68,296,275,78,9,30.0%,13.4%,.284,.462,.178,85.9,6.7%,33.0%,17.2%,4.7%,10.5%,1111,9,5
95,Manuel Margot,TBR,51,200,182,55,3,33.1%,6.3%,.302,.423,.121,89.7,4.8%,38.1%,17.5%,8.5%,10.1%,766,5,1
96,Jonah Heim,TEX,58,211,193,50,12,45.8%,17.1%,.259,.492,.233,90.4,8.4%,43.5%,19.4%,7.6%,9.8%,825,2,0
97,Michael Brantley,HOU,64,277,243,70,5,31.3%,7.5%,.288,.416,.128,89.8,6.0%,45.1%,10.8%,11.2%,4.8%,1006,1,1
98,Luis Garcia,WSN,30,118,115,37,2,28.7%,7.4%,.322,.470,.148,88.0,8.5%,38.3%,18.6%,0.8%,16.2%,413,1,2
99,Nomar Mazara,SDP,26,82,75,22,2,39.0%,8.7%,.293,.427,.133,85.8,5.1%,33.9%,19.5%,7.3%,11.9%,327,0,0
100,Danny Mendick,CHW,31,106,97,28,3,32.9%,12.5%,.289,.443,.155,86.8,4.0%,20.0%,21.7%,6.6%,10.4%,422,1,0
101,Trey Mancini,BAL,71,304,269,75,8,39.8%,9.5%,.279,.428,.149,89.5,11.4%,43.6%,19.7%,8.2%,10.4%,1229,0,0
102,Connor Joe,COL,72,326,282,77,5,31.9%,7.2%,.273,.397,.124,85.1,4.6%,32.4%,20.2%,12.6%,7.6%,1322,4,2
103,Lourdes Gurriel Jr.,TOR,72,283,258,76,5,37.1%,6.4%,.295,.434,.140,90.7,4.8%,46.7%,17.7%,6.4%,9.8%,1052,2,1
104,DJ LeMahieu,NYY,71,298,256,67,8,30.0%,12.3%,.262,.406,.145,89.4,6.4%,42.0%,12.8%,12.8%,5.2%,1165,3,1
105,Patrick Wisdom,CHC,75,306,271,63,17,48.5%,21.0%,.232,.476,.244,92.7,16.8%,52.7%,34.3%,9.8%,15.6%,1287,4,3
106,Christian Walker,ARI,77,316,271,56,21,48.6%,20.4%,.207,.483,.277,90.5,15.1%,45.8%,19.3%,12.3%,9.9%,1166,0,2
107,Rowdy Tellez,MIL,76,297,267,64,16,43.5%,17.6%,.240,.483,.243,91.2,12.4%,45.0%,19.9%,8.4%,9.2%,1191,0,0
108,Andrew Benintendi,KCR,76,321,286,88,3,33.7%,3.7%,.308,.395,.087,89.2,4.9%,38.0%,13.7%,9.7%,8.5%,1205,1,2
109,Travis d'Arnaud,ATL,54,226,213,56,11,36.7%,17.7%,.263,.484,.221,87.9,9.5%,36.7%,19.5%,3.1%,12.8%,843,0,0
110,Austin Hays,BAL,75,313,288,78,11,39.9%,11.8%,.271,.458,.188,89.1,7.7%,42.5%,17.9%,6.1%,11.6%,1050,1,3
111,Charlie Blackmon,COL,70,312,286,77,13,34.3%,16.3%,.269,.469,.199,86.0,5.9%,32.4%,17.0%,6.1%,8.8%,1100,2,1
112,Bryan Reynolds,PIT,76,320,285,72,15,33.3%,21.1%,.253,.460,.207,88.6,6.6%,40.4%,23.1%,9.7%,13.2%,1221,3,3
113,Joey Wendle,MIA,31,107,96,28,2,25.6%,9.1%,.292,.417,.125,87.2,1.2%,36.0%,10.3%,8.4%,5.8%,416,5,0
114,Tommy Pham,CIN,69,293,253,65,11,37.0%,16.2%,.257,.423,.166,93.1,9.2%,48.9%,24.6%,12.3%,10.3%,1179,6,1
115,David Peralta,ARI,69,253,227,57,11,47.1%,13.8%,.251,.476,.225,91.2,12.9%,46.5%,23.3%,9.1%,13.0%,942,1,2
116,Ketel Marte,ARI,70,286,251,66,5,36.7%,6.8%,.263,.422,.159,90.1,4.0%,42.0%,18.2%,10.8%,8.8%,1122,4,0
117,Dustin Garneau,DET,8,11,10,3,0,83.3%,0.0%,.300,.400,.100,89.5,16.7%,16.7%,36.4%,9.1%,15.4%,52,0,0
118,Nolan Gorman,STL,38,138,125,31,7,45.7%,18.9%,.248,.456,.208,90.2,13.6%,42.0%,31.9%,8.0%,16.3%,566,0,0
119,Jack Suwinski,PIT,61,214,190,42,13,42.3%,25.0%,.221,.474,.253,88.5,13.8%,38.2%,31.3%,9.3%,11.0%,896,2,0
120,Edwin Rios,LAD,27,92,86,21,7,34.0%,41.2%,.244,.500,.256,88.5,14.0%,40.0%,39.1%,5.4%,17.3%,347,0,1
121,Brandon Nimmo,NYM,71,309,268,72,5,30.3%,7.6%,.269,.414,.146,89.5,7.7%,37.4%,16.5%,9.1%,8.2%,1241,0,1
122,Hunter Renfroe,MIL,54,217,198,49,13,46.9%,18.8%,.247,.490,.242,89.7,13.6%,42.2%,24.9%,6.9%,11.5%,863,0,1
123,Daniel Vogelbach,PIT,63,232,200,47,10,44.8%,15.4%,.235,.435,.200,90.5,13.1%,46.2%,24.1%,13.4%,6.5%,1025,0,0
124,Taylor Trammell,SEA,32,94,81,19,3,40.4%,13.0%,.235,.457,.222,88.0,10.2%,30.5%,25.5%,11.7%,14.2%,332,2,1
125,Nathaniel Lowe,TEX,72,289,269,75,11,29.1%,19.0%,.279,.446,.167,89.5,8.0%,41.2%,24.2%,6.9%,12.2%,1092,1,2
126,Eugenio Suarez,SEA,80,340,296,71,13,42.0%,16.5%,.240,.436,.196,88.1,14.4%,38.8%,32.4%,11.2%,13.6%,1378,0,0
127,Alex Bregman,HOU,75,317,264,63,9,46.4%,8.7%,.239,.402,.163,89.8,6.7%,36.2%,13.9%,13.9%,5.4%,1225,0,0
128,Keston Hiura,MIL,37,124,106,23,7,34.0%,41.2%,.217,.425,.208,92.6,16.0%,50.0%,45.2%,10.5%,19.4%,521,3,1
129,Gleyber Torres,NYY,71,265,242,61,13,50.3%,13.4%,.252,.475,.223,91.8,10.3%,47.2%,18.9%,6.8%,12.4%,1058,4,2
130,Seiya Suzuki,CHC,41,163,139,34,4,51.1%,8.5%,.245,.432,.187,90.4,13.0%,40.2%,30.1%,12.9%,8.8%,714,3,2
131,Jurickson Profar,SDP,80,350,300,74,8,33.5%,9.5%,.247,.407,.160,87.3,4.8%,30.2%,14.3%,12.9%,7.1%,1485,4,1
132,David Bote,CHC,6,18,15,4,0,33.3%,0.0%,.267,.333,.067,91.8,0.0%,66.7%,33.3%,11.1%,10.8%,83,0,0
133,Christian Vazquez,BOS,61,226,207,61,4,27.3%,8.5%,.295,.425,.130,88.6,6.4%,37.8%,16.8%,6.2%,8.0%,878,1,2
134,Tyler Naquin,CIN,39,150,137,35,5,39.2%,13.2%,.255,.460,.204,89.9,9.9%,36.6%,24.7%,6.7%,14.7%,532,3,1
135,Gosuke Katoh,TOR,8,11,7,1,0,33.3%,0.0%,.143,.286,.143,83.3,0.0%,14.3%,9.1%,27.3%,2.6%,38,0,0
136,Jorge Alfaro,SDP,45,164,153,42,6,32.7%,18.8%,.275,.464,.190,91.0,14.3%,39.8%,34.8%,4.9%,20.3%,601,1,0
137,Nico Hoerner,CHC,64,237,223,69,4,30.2%,6.7%,.309,.422,.112,88.7,3.5%,36.0%,10.1%,4.2%,6.7%,819,6,1
138,Michael A. Taylor,KCR,58,212,186,51,5,44.1%,8.3%,.274,.403,.129,87.1,7.1%,31.4%,23.1%,10.4%,13.0%,786,1,1
139,Mike Yastrzemski,SFG,68,273,231,55,8,39.8%,11.8%,.238,.416,.177,90.7,10.9%,42.5%,22.3%,12.8%,8.0%,1201,1,1
140,Kyle Farmer,CIN,67,265,236,66,5,27.2%,9.1%,.280,.411,.131,85.8,4.9%,37.4%,14.0%,6.8%,8.3%,964,4,2
141,Jon Berti,MIA,49,190,164,44,2,27.6%,5.9%,.268,.378,.110,87.7,4.9%,36.6%,22.1%,12.1%,8.4%,747,25,3
142,Yonathan Daza,COL,63,221,200,63,0,23.9%,0.0%,.315,.370,.055,85.8,2.8%,26.6%,11.3%,7.2%,7.8%,856,0,3
143,Hunter Dozier,KCR,68,275,251,65,8,38.2%,11.3%,.259,.430,.171,89.6,10.2%,40.6%,23.3%,7.6%,12.7%,1062,2,3
144,Rafael Ortega,CHC,68,222,186,48,4,46.2%,6.1%,.258,.387,.129,87.2,5.5%,31.5%,20.7%,13.1%,8.1%,891,5,4
145,Jace Peterson,MIL,69,210,186,46,7,35.3%,14.9%,.247,.441,.194,89.0,8.1%,36.8%,25.2%,9.0%,9.2%,902,9,0
146,Christian Yelich,MIL,78,343,297,76,8,27.0%,13.8%,.256,.394,.138,90.9,10.1%,48.2%,23.9%,11.7%,9.1%,1433,12,0
147,Ben Gamel,PIT,45,160,140,36,3,25.2%,11.5%,.257,.386,.129,88.8,5.8%,40.8%,23.1%,12.5%,8.7%,679,3,1
148,Teoscar Hernandez,TOR,56,229,213,55,8,33.8%,16.0%,.258,.446,.188,92.2,12.8%,50.0%,28.4%,6.1%,17.4%,861,3,2
149,Adolis Garcia,TEX,75,318,297,75,15,39.1%,17.9%,.253,.478,.226,92.3,11.1%,47.7%,26.4%,5.0%,17.3%,1188,11,2
150,Willy Adames,MIL,59,253,229,49,16,46.3%,21.3%,.214,.472,.258,90.2,15.4%,45.1%,26.5%,9.1%,13.6%,1037,2,1
151,Omar Narvaez,MIL,46,176,155,40,3,44.1%,5.8%,.258,.394,.135,84.3,4.2%,21.0%,20.5%,10.2%,10.5%,711,0,0
152,Franchy Cordero,BOS,51,175,154,40,3,34.9%,7.9%,.260,.409,.149,90.5,10.8%,48.6%,25.7%,10.3%,13.4%,708,3,1
153,Brendan Rodgers,COL,68,292,267,70,8,31.1%,11.8%,.262,.434,.172,89.4,9.1%,45.2%,17.1%,7.2%,11.4%,1044,0,0
154,Gavin Lux,LAD,70,254,227,65,2,31.5%,3.5%,.286,.383,.097,87.2,6.1%,37.0%,18.9%,9.8%,7.0%,1003,5,1
155,Jake Burger,CHW,50,183,168,42,8,42.5%,16.7%,.250,.458,.208,90.7,14.9%,43.0%,30.6%,5.5%,17.7%,682,0,0
156,Anthony Santander,BAL,73,307,267,62,15,48.6%,14.9%,.232,.423,.191,89.4,9.1%,39.4%,20.2%,10.1%,8.9%,1286,0,2
157,Luke Voit,SDP,61,255,224,52,10,36.4%,19.6%,.232,.433,.201,89.9,17.1%,43.6%,33.7%,11.0%,21.5%,1038,1,0
158,Mark Canha,NYM,64,254,222,59,6,32.0%,10.7%,.266,.369,.104,87.6,3.4%,34.9%,18.9%,9.1%,8.5%,1067,1,1
159,Tommy Edman,STL,79,345,311,84,7,28.9%,9.7%,.270,.395,.125,88.8,6.4%,36.4%,18.0%,8.7%,8.2%,1280,19,3
160,Wilmer Flores,SFG,72,286,249,61,9,44.5%,9.7%,.245,.410,.165,88.3,5.7%,33.0%,15.0%,10.1%,7.9%,1153,0,0
161,Max Kepler,MIN,71,284,240,56,8,36.5%,11.0%,.233,.388,.154,89.5,8.0%,43.0%,15.1%,13.0%,8.7%,1069,2,1
162,Steven Kwan,CLE,64,253,218,61,1,33.2%,1.5%,.280,.358,.078,85.1,1.5%,22.1%,8.7%,11.5%,2.8%,1046,5,2
163,Jorge Polanco,MIN,63,271,236,57,9,42.9%,12.0%,.242,.398,.157,88.4,10.7%,37.9%,22.5%,12.2%,10.3%,1157,3,2
164,Oscar Gonzalez,CLE,32,130,123,35,2,24.0%,8.7%,.285,.431,.146,90.4,5.2%,43.8%,21.5%,3.8%,14.6%,485,0,0
165,Joey Votto,CIN,61,249,210,45,6,37.8%,10.7%,.214,.381,.167,89.8,11.5%,41.2%,24.9%,13.3%,13.3%,998,0,0
166,Francisco Lindor,NYM,78,342,299,73,12,39.0%,13.0%,.244,.415,.171,89.2,8.0%,39.7%,19.6%,9.4%,10.4%,1391,9,2
167,Kolten Wong,MIL,58,231,200,47,6,38.4%,9.8%,.235,.410,.175,87.3,3.7%,34.1%,16.9%,10.0%,7.5%,976,8,4
168,J.P. Crawford,SEA,72,306,268,70,5,33.5%,6.7%,.261,.381,.119,83.9,3.1%,27.1%,15.0%,9.8%,6.0%,1211,3,1
169,Jose Trevino,NYY,53,152,141,36,7,38.3%,15.2%,.255,.440,.184,88.7,6.7%,37.5%,14.5%,5.9%,9.0%,557,1,0
170,Chas McCormick,HOU,54,188,168,39,8,38.2%,17.0%,.232,.429,.196,88.0,10.6%,39.0%,24.5%,9.6%,15.6%,703,1,2
171,Alek Thomas,ARI,49,187,171,43,7,26.3%,19.4%,.251,.427,.175,87.3,7.3%,38.0%,18.7%,7.0%,12.0%,702,4,0
172,Victor Reyes,DET,26,86,82,25,1,28.4%,5.3%,.305,.415,.110,89.6,6.0%,50.7%,18.6%,3.5%,10.5%,325,0,2
173,Dylan Carlson,STL,62,241,216,55,5,36.4%,7.8%,.255,.417,.162,85.2,4.5%,24.4%,17.8%,7.9%,10.6%,954,4,0
174,Luis Guillorme,NYM,57,184,164,48,1,18.5%,4.0%,.293,.348,.055,87.3,2.8%,27.0%,13.6%,9.8%,3.7%,753,1,0
175,Jake Cronenworth,SDP,79,356,306,74,7,46.2%,6.4%,.242,.389,.147,87.5,5.4%,33.9%,19.7%,9.6%,5.9%,1394,1,0
176,Jean Segura,PHI,44,179,167,46,6,29.8%,14.3%,.275,.407,.132,89.8,5.7%,44.0%,14.5%,5.6%,7.1%,622,8,1
177,Jared Walsh,LAA,77,298,281,71,13,34.9%,19.4%,.253,.448,.196,90.9,10.4%,46.9%,29.9%,4.7%,12.5%,1138,1,1
178,Luis Urias,MIL,53,221,192,44,9,43.1%,14.5%,.229,.401,.172,87.3,8.3%,34.7%,22.6%,10.9%,7.8%,923,1,1
179,Orlando Arcia,ATL,33,121,107,28,3,34.6%,11.1%,.262,.393,.131,90.8,7.6%,48.1%,24.8%,9.1%,11.6%,491,0,0
180,Santiago Espinal,TOR,79,306,280,76,6,34.3%,7.6%,.271,.407,.136,87.3,4.3%,35.2%,17.3%,7.2%,7.2%,1173,3,2
181,Amed Rosario,CLE,70,302,284,82,3,26.0%,4.8%,.289,.398,.109,88.5,3.7%,38.8%,14.2%,5.3%,8.9%,1078,9,3
182,Yadiel Hernandez,WSN,60,215,199,54,5,26.3%,12.5%,.271,.412,.141,89.3,10.5%,42.1%,22.8%,6.0%,13.8%,880,2,1
183,Jorge Soler,MIA,67,289,254,55,13,41.0%,18.3%,.217,.421,.205,90.9,12.1%,42.5%,28.4%,10.4%,13.2%,1199,0,2
184,Zack Collins,TOR,24,74,67,14,4,57.9%,18.2%,.209,.448,.239,93.2,13.2%,42.1%,39.2%,8.1%,15.3%,321,0,0
185,Luis Robert,CHW,62,274,262,75,8,29.0%,13.1%,.286,.416,.130,89.2,9.5%,41.4%,19.3%,2.9%,16.6%,898,11,1
186,Ryan McMahon,COL,77,310,270,64,7,35.4%,10.4%,.237,.378,.141,91.6,9.4%,42.9%,25.8%,11.6%,11.4%,1329,1,2
187,Bligh Madris,PIT,13,51,50,14,1,20.6%,14.3%,.280,.440,.160,89.4,8.8%,41.2%,31.4%,2.0%,14.7%,197,2,0
188,Chris Taylor,LAD,73,283,251,60,6,39.1%,10.2%,.239,.410,.171,87.9,11.1%,40.5%,35.3%,9.9%,18.9%,1246,6,1
189,Eric Hosmer,SDP,72,296,271,75,6,23.3%,11.5%,.277,.395,.118,88.7,5.4%,42.2%,16.6%,8.1%,8.7%,1120,0,0
190,Randy Arozarena,TBR,76,319,294,76,8,28.4%,13.1%,.259,.412,.153,90.3,7.0%,40.5%,25.1%,5.6%,12.5%,1241,18,6
191,Curt Casali,SFG,40,124,106,25,4,41.1%,13.3%,.236,.377,.142,87.3,5.5%,39.7%,28.2%,12.1%,12.1%,545,0,0
192,Roberto Perez,PIT,21,69,60,14,2,34.3%,16.7%,.233,.367,.133,89.3,11.4%,51.4%,36.2%,13.0%,14.3%,308,0,0
193,Nick Gordon,MIN,63,181,169,45,4,32.0%,10.0%,.266,.414,.148,91.3,13.4%,49.6%,24.3%,3.9%,14.1%,624,3,3
194,Bo Bichette,TOR,79,356,335,86,12,30.6%,15.8%,.257,.421,.164,91.4,9.7%,48.4%,24.4%,5.9%,13.0%,1296,5,4
195,Anthony Rendon,LAA,45,188,162,37,5,42.4%,8.9%,.228,.383,.154,89.7,8.3%,37.9%,17.0%,12.2%,7.0%,746,2,0
196,Cal Raleigh,SEA,52,175,155,30,10,53.8%,17.9%,.194,.458,.265,91.1,15.4%,48.1%,30.3%,9.7%,18.0%,674,0,0
197,Leody Taveras,TEX,18,47,45,12,2,56.3%,11.1%,.267,.422,.156,90.4,6.1%,39.4%,25.5%,4.3%,11.0%,164,1,1
198,Cam Gallagher,KCR,12,31,27,7,0,55.0%,0.0%,.259,.407,.148,83.0,0.0%,22.7%,22.6%,6.5%,8.2%,122,0,0
199,Matt Vierling,PHI,43,115,98,24,3,41.8%,9.1%,.245,.378,.133,92.0,7.6%,48.1%,19.1%,11.3%,7.0%,473,2,2
200,Jose Iglesias,COL,65,254,238,69,1,24.5%,1.9%,.290,.370,.080,84.8,0.5%,28.3%,10.2%,4.3%,7.0%,912,2,2
201,Josh Rojas,ARI,48,197,175,46,4,40.0%,7.4%,.263,.389,.126,87.6,2.2%,35.5%,20.8%,8.6%,7.8%,746,5,0
202,Andrew McCutchen,MIL,66,289,261,67,7,34.6%,9.6%,.257,.383,.126,88.6,7.6%,40.8%,18.0%,8.0%,9.1%,1155,5,4
203,Brandon Belt,SFG,41,169,141,30,5,48.9%,11.1%,.213,.355,.142,88.2,12.8%,37.2%,28.4%,13.6%,13.6%,715,1,0
204,Marwin Gonzalez,NYY,45,109,100,25,3,34.7%,12.0%,.250,.410,.160,88.7,5.6%,43.1%,26.6%,5.5%,11.4%,420,1,0
205,Garrett Hampson,COL,34,98,85,20,2,36.8%,9.5%,.235,.376,.141,85.6,1.6%,23.8%,24.5%,11.2%,12.0%,382,2,1
206,Gilberto Celestino,MIN,53,149,134,38,0,15.5%,0.0%,.284,.343,.060,87.1,1.9%,34.3%,20.8%,7.4%,8.4%,585,0,1
207,Ramon Laureano,OAK,50,202,180,43,4,31.6%,9.5%,.239,.372,.133,89.1,9.0%,39.1%,23.3%,8.4%,11.0%,818,8,3
208,Sandy Leon,CLE,5,14,9,1,0,42.9%,0.0%,.111,.111,.000,91.7,0.0%,71.4%,14.3%,35.7%,6.3%,64,0,0
209,Gio Urshela,MIN,74,278,254,66,7,36.5%,9.1%,.260,.402,.142,89.1,8.5%,38.9%,16.9%,7.2%,10.0%,1005,0,0
210,Jordan Luplow,ARI,47,136,118,20,10,50.0%,25.0%,.169,.449,.280,87.2,11.3%,31.3%,28.7%,10.3%,14.0%,584,4,1
211,LaMonte Wade Jr.,SFG,13,44,37,8,2,41.9%,15.4%,.216,.378,.162,90.7,6.5%,48.4%,15.9%,11.4%,5.9%,170,0,0
212,Josh Donaldson,NYY,61,255,221,50,6,38.6%,9.8%,.226,.380,.154,91.6,10.1%,44.9%,25.9%,11.0%,13.7%,1031,1,1
213,Harold Castro,DET,51,174,165,45,4,29.5%,10.3%,.273,.418,.145,88.6,7.4%,37.0%,19.0%,2.9%,8.6%,659,0,0
214,Trevor Larnach,MIN,51,180,160,37,5,39.0%,12.2%,.231,.406,.175,90.1,11.4%,43.8%,31.7%,10.0%,15.5%,724,0,0
215,Brandon Lowe,TBR,32,133,118,25,5,42.4%,13.9%,.212,.415,.203,89.8,10.6%,35.3%,25.6%,9.0%,18.3%,482,1,0
216,Michael Chavis,PIT,68,227,210,52,9,42.3%,14.3%,.248,.429,.181,85.2,9.4%,38.9%,28.2%,5.3%,17.2%,768,1,1
217,Luke Williams,- - -,31,49,44,11,1,35.7%,10.0%,.250,.364,.114,80.5,3.3%,20.0%,28.6%,10.2%,11.2%,206,3,1
218,Ezequiel Duran,TEX,16,64,62,16,2,22.2%,20.0%,.258,.435,.177,87.7,2.2%,40.0%,26.6%,3.1%,16.4%,232,2,1
219,Ke'Bryan Hayes,PIT,71,302,270,69,3,30.9%,4.8%,.256,.359,.104,91.6,5.9%,49.0%,22.2%,9.6%,7.8%,1225,9,3
220,Dylan Moore,SEA,56,137,106,18,4,54.9%,10.3%,.170,.330,.160,87.6,13.5%,35.1%,25.5%,15.3%,9.4%,609,10,3
221,Miguel Cabrera,DET,66,258,240,72,3,22.0%,7.7%,.300,.367,.067,90.3,5.6%,39.5%,25.6%,5.0%,13.7%,965,0,0
222,Donovan Solano,CIN,9,36,33,8,0,28.0%,0.0%,.242,.394,.152,85.7,8.0%,36.0%,22.2%,2.8%,7.4%,135,0,0
223,Bobby Witt Jr.,KCR,75,312,288,67,11,46.3%,11.1%,.233,.438,.205,90.9,9.3%,42.5%,24.7%,5.8%,12.2%,1153,12,2
224,Nelson Cruz,WSN,75,315,278,67,8,30.3%,12.5%,.241,.371,.129,91.0,12.2%,48.8%,21.6%,10.5%,14.1%,1251,2,0
225,Darin Ruf,SFG,68,253,216,48,6,36.4%,10.9%,.222,.347,.125,90.2,7.9%,45.0%,26.1%,13.0%,9.8%,1016,2,0
226,Jesse Winker,SEA,79,331,279,63,6,40.0%,6.8%,.226,.337,.111,87.3,7.2%,31.2%,18.1%,14.8%,8.4%,1352,0,0
227,Daulton Varsho,ARI,72,293,265,62,11,43.5%,13.3%,.234,.411,.177,87.8,9.0%,37.5%,23.5%,6.5%,11.2%,1121,4,3
228,Austin Meadows,DET,36,147,128,32,0,44.1%,0.0%,.250,.328,.078,88.0,6.3%,39.6%,11.6%,10.9%,4.6%,590,0,1
229,Corey Seager,TEX,75,329,296,67,15,40.5%,15.3%,.226,.412,.186,90.6,10.3%,43.4%,17.0%,8.5%,14.2%,1187,3,0
230,Cedric Mullins II,BAL,78,341,310,80,6,45.5%,5.4%,.258,.384,.126,88.9,5.5%,37.4%,17.6%,6.5%,9.3%,1237,16,4
231,Jesus Aguilar,MIA,69,290,265,66,10,43.3%,11.5%,.249,.411,.162,87.6,7.9%,35.0%,23.4%,6.2%,12.6%,1214,0,0
232,Thairo Estrada,SFG,70,270,246,63,6,24.5%,12.0%,.256,.386,.130,86.4,2.9%,33.2%,15.2%,5.9%,8.8%,987,11,2
233,Clint Frazier,CHC,19,45,37,8,0,32.0%,0.0%,.216,.297,.081,85.9,3.8%,30.8%,24.4%,15.6%,11.3%,168,1,0
234,J.T. Realmuto,PHI,70,287,256,62,6,36.2%,8.5%,.242,.371,.129,88.1,6.1%,40.8%,21.6%,7.7%,10.3%,1131,11,0
235,Kole Calhoun,TEX,71,265,245,58,10,39.5%,14.3%,.237,.416,.180,91.0,12.4%,49.2%,26.4%,5.7%,17.2%,1048,2,2
236,Kris Bryant,COL,22,95,84,24,0,31.4%,0.0%,.286,.333,.048,84.7,2.9%,27.1%,16.8%,8.4%,11.3%,371,0,0
237,J.D. Davis,NYM,52,174,151,37,2,26.3%,7.7%,.245,.344,.099,94.0,12.1%,62.6%,31.0%,9.8%,17.6%,687,1,1
238,Carlos Santana,- - -,58,234,195,41,4,42.2%,5.9%,.210,.323,.113,90.1,7.5%,42.2%,14.5%,16.7%,8.0%,959,0,0
239,Mitch Garver,TEX,48,189,166,35,8,49.2%,13.8%,.211,.398,.187,88.9,7.6%,39.0%,26.5%,10.6%,9.8%,834,1,1
240,Marcell Ozuna,ATL,76,321,295,67,16,43.6%,16.2%,.227,.420,.193,89.9,14.5%,47.1%,22.1%,6.5%,12.1%,1240,2,1
241,Sean Murphy,OAK,72,292,261,59,9,41.4%,11.0%,.226,.402,.176,89.0,10.6%,41.7%,22.6%,7.2%,12.1%,1108,1,0
242,Tyrone Taylor,MIL,62,231,215,49,9,45.4%,12.2%,.228,.423,.195,88.1,7.9%,37.2%,22.5%,5.2%,11.3%,876,1,1
243,MJ Melendez,KCR,51,200,175,38,6,39.2%,11.8%,.217,.377,.160,89.6,7.7%,37.7%,23.0%,12.0%,11.0%,802,0,1
244,Randal Grichuk,COL,67,252,235,60,8,32.4%,14.5%,.255,.396,.140,88.3,4.1%,41.8%,26.6%,4.8%,11.8%,932,2,0
245,Alex Verdugo,BOS,73,309,284,75,6,32.3%,7.2%,.264,.387,.123,89.6,6.6%,41.2%,10.0%,6.5%,5.7%,1121,0,1
246,Trevor Story,BOS,72,307,272,60,12,47.5%,14.0%,.221,.408,.188,89.0,12.2%,39.2%,30.9%,9.1%,13.2%,1232,10,0
247,Seth Brown,OAK,75,262,240,52,10,41.2%,14.3%,.217,.421,.204,89.9,11.1%,43.3%,26.7%,7.3%,13.2%,1026,7,0
248,Nick Ahmed,ARI,17,54,52,12,3,30.6%,27.3%,.231,.442,.212,86.9,5.4%,32.4%,27.8%,3.7%,11.8%,211,0,1
249,Keibert Ruiz,WSN,61,248,224,57,3,34.8%,4.3%,.254,.357,.103,87.6,3.5%,33.2%,9.7%,7.7%,6.8%,879,4,0
250,Jake Hager,ARI,25,57,48,12,0,40.0%,0.0%,.250,.292,.042,80.4,6.1%,18.2%,28.1%,14.0%,13.9%,251,0,0
251,Wander Franco,TBR,53,227,212,55,5,28.6%,9.1%,.259,.406,.146,88.4,4.7%,38.0%,10.1%,5.3%,6.7%,780,4,0
252,Ozzie Albies,ATL,62,263,242,59,8,44.0%,9.1%,.244,.405,.161,87.1,5.5%,26.5%,17.5%,5.7%,12.8%,1002,3,5
253,Mitch Haniger,SEA,9,36,35,7,3,50.0%,23.1%,.200,.486,.286,93.3,19.2%,46.2%,25.0%,2.8%,11.0%,146,0,0
254,Matt Chapman,TOR,75,293,261,56,11,51.8%,11.1%,.215,.395,.180,92.1,12.6%,50.8%,24.9%,8.9%,10.3%,1226,0,0
255,Kevin Newman,PIT,14,52,48,12,0,43.9%,0.0%,.250,.375,.125,84.8,0.0%,31.7%,13.5%,7.7%,6.7%,195,1,1
256,Jake McCarthy,ARI,31,86,79,18,3,36.2%,17.6%,.228,.405,.177,90.6,10.0%,46.0%,34.9%,5.8%,12.4%,322,1,0
257,Eduardo Escobar,NYM,72,301,272,62,9,47.3%,9.5%,.228,.408,.180,88.2,8.0%,34.3%,25.2%,8.0%,12.6%,1185,0,1
258,Jo Adell,LAA,25,87,84,21,3,32.1%,17.6%,.250,.417,.167,90.1,13.0%,42.6%,34.5%,3.4%,16.2%,357,1,1
259,Didi Gregorius,PHI,41,155,141,36,0,35.3%,0.0%,.255,.362,.106,84.7,2.6%,25.6%,16.1%,6.5%,12.3%,587,0,0
260,Justin Turner,LAD,73,301,265,61,7,45.4%,7.1%,.230,.385,.155,89.0,8.7%,37.2%,17.6%,9.6%,8.7%,1208,1,0
261,Austin Barnes,LAD,31,101,84,15,4,43.9%,13.8%,.179,.357,.179,90.1,7.6%,45.5%,18.8%,14.9%,5.7%,423,2,0
262,Ha-seong Kim,SDP,73,285,250,57,5,41.1%,6.2%,.228,.352,.124,84.5,5.6%,26.8%,18.9%,9.8%,7.1%,1186,4,2
263,Luis Rengifo,LAA,47,169,158,38,5,34.6%,11.1%,.241,.399,.158,87.4,5.3%,32.8%,16.6%,4.7%,12.1%,630,1,1
264,Sam Huff,TEX,27,75,71,20,1,20.0%,10.0%,.282,.352,.070,86.0,4.0%,34.0%,28.0%,5.3%,17.2%,267,1,0
265,Nick Castellanos,PHI,79,332,307,76,8,36.6%,9.4%,.248,.381,.134,88.0,7.8%,34.9%,23.2%,6.3%,16.6%,1233,4,1
266,Albert Almora Jr.,CIN,43,156,150,39,5,27.9%,14.7%,.260,.413,.153,84.7,2.4%,23.4%,17.9%,1.9%,12.2%,541,2,2
267,Matt Reynolds,- - -,52,157,142,35,3,29.1%,10.0%,.246,.359,.113,91.6,3.9%,46.6%,25.5%,8.9%,10.2%,618,4,0
268,Lane Thomas,WSN,70,246,223,51,8,39.8%,12.1%,.229,.395,.166,87.0,6.6%,38.0%,24.4%,7.7%,8.0%,960,1,0
269,Jake Meyers,HOU,8,29,29,8,1,16.7%,33.3%,.276,.414,.138,89.0,11.1%,50.0%,37.9%,0.0%,13.2%,121,0,0
270,Nick Allen,OAK,22,70,63,15,1,33.3%,6.3%,.238,.349,.111,83.2,2.0%,20.0%,18.6%,8.6%,10.0%,260,1,2
271,Josh Harrison,CHW,53,182,161,38,2,37.1%,4.1%,.236,.348,.112,87.8,5.3%,29.3%,16.5%,5.5%,12.4%,670,1,0
272,Gary Sanchez,MIN,64,255,234,51,9,47.3%,11.5%,.218,.410,.192,90.3,17.0%,47.9%,27.8%,5.9%,12.1%,991,1,0
273,Odubel Herrera,PHI,52,171,161,39,5,30.4%,13.2%,.242,.404,.161,87.0,5.5%,38.6%,20.5%,5.3%,10.9%,641,4,0
274,Harrison Bader,STL,72,264,246,63,5,44.0%,5.7%,.256,.370,.114,83.5,4.0%,26.5%,17.8%,4.9%,9.3%,1011,15,2
275,Jose Miranda,MIN,47,161,154,37,5,38.8%,10.6%,.240,.409,.169,89.5,5.0%,43.8%,20.5%,3.7%,10.5%,601,0,1
276,Christian Bethancourt,OAK,54,174,163,40,4,34.4%,9.5%,.245,.387,.141,91.9,13.7%,46.0%,23.0%,5.2%,18.8%,591,4,1
277,Tommy La Stella,SFG,32,112,105,27,2,38.5%,5.7%,.257,.400,.143,89.8,3.3%,39.6%,14.3%,3.6%,6.5%,463,0,0
278,Daz Cameron,DET,18,61,56,13,1,50.0%,5.3%,.232,.375,.143,90.7,10.5%,44.7%,29.5%,6.6%,14.7%,231,2,0
279,Jesus Sanchez,MIA,66,246,229,49,11,36.3%,19.3%,.214,.419,.205,89.3,11.4%,41.1%,29.3%,5.7%,14.0%,976,1,0
280,J.J. Matijevic,HOU,12,25,24,4,2,41.7%,40.0%,.167,.500,.333,95.4,8.3%,58.3%,48.0%,0.0%,24.2%,91,0,0
281,Miguel Rojas,MIA,68,248,229,57,6,31.5%,9.4%,.249,.376,.127,86.5,3.0%,27.1%,11.3%,5.6%,7.0%,889,5,1
282,Brandon Crawford,SFG,63,243,214,48,5,39.0%,7.8%,.224,.350,.126,86.9,8.5%,30.3%,20.6%,8.6%,16.4%,907,1,1
283,Jose Azocar,SDP,62,121,112,29,0,32.5%,0.0%,.259,.366,.107,88.1,2.4%,31.0%,24.0%,6.6%,13.7%,430,3,5
284,Elvis Andrus,OAK,74,269,246,57,5,38.8%,6.3%,.232,.366,.134,88.7,3.9%,35.0%,14.9%,8.2%,8.7%,1048,4,2
285,Yuli Gurriel,HOU,72,283,262,59,7,44.4%,7.0%,.225,.393,.168,87.4,2.7%,36.0%,13.4%,6.0%,7.4%,1015,3,0
286,Gavin Sheets,CHW,54,186,170,38,5,45.4%,8.5%,.224,.371,.147,88.3,6.9%,38.2%,21.0%,7.5%,8.0%,788,0,0
287,Sam Haggerty,SEA,18,30,28,7,0,28.6%,0.0%,.250,.357,.107,85.2,0.0%,13.6%,20.0%,0.0%,8.3%,96,2,0
288,Salvador Perez,KCR,57,236,223,47,11,49.4%,14.1%,.211,.426,.215,91.4,10.8%,46.8%,27.5%,3.8%,18.0%,839,0,0
289,Willi Castro,DET,54,185,172,45,2,33.1%,4.3%,.262,.372,.110,83.1,2.1%,23.4%,18.4%,3.8%,14.5%,674,2,3
290,Colin Moran,CIN,37,117,100,21,4,31.6%,16.7%,.210,.360,.150,90.0,7.9%,38.2%,23.1%,12.0%,12.6%,484,0,0
291,Alfonso Rivas,CHC,52,156,136,32,3,21.6%,15.8%,.235,.331,.096,87.1,4.4%,36.7%,30.8%,10.9%,9.5%,655,3,0
292,Frank Schwindel,CHC,62,245,228,54,8,36.5%,12.1%,.237,.386,.149,87.9,5.5%,34.3%,20.0%,6.1%,12.2%,949,0,0
293,Aaron Hicks,NYY,69,244,204,45,3,38.3%,5.3%,.221,.284,.064,87.9,3.3%,34.4%,22.5%,14.3%,9.6%,1063,7,3
294,Owen Miller,CLE,69,267,237,57,4,33.9%,6.2%,.241,.371,.131,87.6,3.1%,34.4%,19.9%,7.1%,8.1%,1031,1,0
295,Gabriel Moreno,TOR,15,49,47,14,0,29.5%,0.0%,.298,.319,.021,89.2,2.3%,31.8%,6.1%,4.1%,6.1%,164,0,0
296,Oneil Cruz,PIT,14,56,54,11,3,48.6%,17.6%,.204,.444,.241,92.6,17.1%,37.1%,33.9%,3.6%,12.4%,226,1,1
297,Dee Strange-Gordon,WSN,23,59,59,18,0,20.4%,0.0%,.305,.356,.051,84.4,0.0%,17.6%,13.6%,0.0%,8.7%,196,3,2
298,Max Stassi,LAA,50,183,159,33,4,28.8%,13.3%,.208,.321,.113,89.6,10.6%,42.3%,30.1%,13.1%,13.3%,708,0,0
299,Alec Bohm,PHI,76,309,287,76,4,27.9%,6.3%,.265,.362,.098,89.6,6.6%,41.5%,20.7%,4.9%,11.2%,1177,1,2
300,Pavin Smith,ARI,65,241,213,44,9,44.7%,13.2%,.207,.362,.155,88.9,11.8%,36.8%,26.1%,10.4%,7.6%,983,1,0
301,Cooper Hummel,ARI,43,128,109,20,2,30.4%,9.5%,.183,.330,.147,87.5,7.2%,39.1%,31.3%,14.8%,10.5%,533,3,0
302,Marcus Semien,TEX,76,338,307,71,9,47.6%,7.4%,.231,.368,.137,86.5,5.9%,32.3%,17.2%,7.4%,9.8%,1301,13,2
303,Ramon Urias,BAL,49,188,173,39,6,28.3%,16.7%,.225,.387,.162,91.3,9.4%,50.8%,25.5%,5.9%,12.8%,711,0,0
304,Cody Bellinger,LAD,72,290,266,55,11,48.1%,12.6%,.207,.395,.188,90.1,8.8%,39.8%,30.0%,7.2%,11.9%,1228,9,1
305,Hoy Park,PIT,22,59,50,11,2,38.9%,14.3%,.220,.380,.160,85.4,10.3%,25.6%,25.4%,6.8%,7.3%,232,1,0
306,Max Muncy,LAD,63,257,209,34,7,50.0%,9.3%,.163,.301,.139,88.1,12.6%,38.4%,23.0%,17.9%,8.5%,1073,0,0
307,Cesar Hernandez,WSN,80,356,325,83,0,28.6%,0.0%,.255,.320,.065,84.7,3.0%,30.3%,17.7%,7.3%,9.3%,1330,3,2
308,Eric Haase,DET,45,134,124,27,5,38.9%,14.3%,.218,.387,.169,85.9,7.8%,35.6%,26.1%,6.7%,15.3%,544,0,0
309,Tyler O'Neill,STL,45,185,166,40,4,34.2%,10.0%,.241,.361,.120,88.8,9.4%,40.2%,29.2%,7.6%,14.6%,782,6,3
310,Adley Rutschman,BAL,34,137,126,26,3,38.0%,7.9%,.206,.381,.175,89.7,7.0%,40.0%,19.0%,6.6%,8.1%,577,1,0
311,Christian Arroyo,BOS,38,112,101,22,4,38.8%,12.1%,.218,.366,.149,88.2,11.6%,38.4%,15.2%,5.4%,9.8%,407,3,0
312,Adam Duvall,ATL,77,290,263,54,10,52.3%,11.1%,.205,.376,.171,88.3,12.2%,40.1%,32.1%,7.2%,14.1%,1130,0,2
313,Kevin Kiermaier,TBR,59,203,191,44,7,28.8%,18.4%,.230,.372,.141,87.8,7.6%,37.1%,29.1%,5.4%,14.9%,763,5,1
314,Adam Engel,CHW,56,158,146,35,1,35.3%,2.8%,.240,.349,.110,88.4,1.0%,36.3%,27.8%,6.3%,14.0%,627,9,1
315,Alejo Lopez,CIN,30,69,61,15,0,23.5%,0.0%,.246,.279,.033,85.7,0.0%,25.5%,14.5%,8.7%,8.2%,256,2,1
316,Richie Palacios,CLE,35,83,75,19,0,29.0%,0.0%,.253,.320,.067,85.0,1.6%,23.8%,15.7%,7.2%,7.7%,350,1,0
317,Mike Moustakas,CIN,53,200,173,37,3,48.9%,4.7%,.214,.312,.098,87.5,4.6%,32.8%,22.0%,10.0%,13.6%,808,2,0
318,Raimel Tapia,TOR,67,232,218,56,3,27.0%,6.3%,.257,.362,.106,88.1,6.0%,39.0%,17.7%,3.9%,10.4%,830,4,1
319,Willians Astudillo,MIA,17,38,37,10,1,28.6%,10.0%,.270,.351,.081,84.0,0.0%,25.7%,5.3%,2.6%,12.6%,103,1,0
320,Pablo Reyes,MIL,4,15,14,4,0,36.4%,0.0%,.286,.286,.000,83.7,0.0%,8.3%,13.3%,6.7%,5.4%,56,0,0
321,Tucupita Marcano,PIT,22,78,70,16,2,36.7%,11.1%,.229,.357,.129,86.0,3.8%,17.0%,25.6%,6.4%,8.5%,284,1,0
322,A.J. Pollock,CHW,61,229,215,52,4,37.9%,6.3%,.242,.363,.121,88.3,9.5%,37.9%,21.0%,4.8%,13.6%,840,1,0
323,Luis Barrera,OAK,32,85,77,18,1,28.8%,5.9%,.234,.338,.104,87.1,3.3%,32.8%,20.0%,7.1%,8.2%,316,3,0
324,Rougned Odor,BAL,69,238,218,43,8,54.5%,9.4%,.197,.390,.193,87.7,8.9%,35.0%,26.5%,5.9%,12.4%,926,0,0
325,Emmanuel Rivera,KCR,47,155,145,30,5,36.4%,12.5%,.207,.386,.179,91.3,10.9%,40.9%,22.6%,5.2%,10.7%,582,0,0
326,Trayce Thompson,- - -,18,50,46,10,1,32.0%,12.5%,.217,.348,.130,87.9,16.0%,36.0%,42.0%,8.0%,21.6%,208,1,1
327,Ryan Jeffers,MIN,54,189,168,33,5,48.2%,9.1%,.196,.339,.143,88.8,16.4%,43.1%,28.0%,10.6%,9.7%,786,0,0
328,Joey Bart,SFG,36,108,90,14,4,29.3%,33.3%,.156,.300,.144,89.4,7.3%,46.3%,45.4%,13.9%,17.4%,465,1,1
329,Kurt Suzuki,LAA,27,91,80,16,2,45.2%,7.1%,.200,.313,.113,85.4,4.8%,24.2%,19.8%,11.0%,8.5%,364,0,0
330,Nick Solak,TEX,26,75,67,14,2,26.5%,15.4%,.209,.313,.104,88.4,6.0%,36.0%,22.7%,6.7%,10.5%,287,3,1
331,Sheldon Neuse,OAK,62,225,208,51,2,17.4%,7.7%,.245,.313,.067,89.4,2.7%,38.9%,26.2%,6.7%,12.7%,898,6,1
332,Robbie Grossman,DET,61,239,204,43,2,44.0%,3.4%,.211,.284,.074,86.9,4.4%,34.1%,30.1%,11.7%,9.4%,1004,2,1
333,Johan Camargo,PHI,47,153,139,32,3,34.3%,8.3%,.230,.317,.086,86.6,2.8%,26.2%,21.6%,8.5%,10.9%,667,0,0
334,Brandon Marsh,LAA,73,258,235,54,6,34.7%,11.8%,.230,.349,.119,89.0,8.0%,36.7%,34.9%,6.2%,13.6%,996,4,2
335,Brad Miller,TEX,57,172,159,34,7,41.1%,15.2%,.214,.358,.145,91.0,8.0%,37.2%,27.3%,7.0%,16.8%,656,4,1
336,Maikel Franco,WSN,77,303,289,70,7,35.1%,8.6%,.242,.367,.125,87.2,5.2%,35.5%,20.1%,3.6%,14.1%,1098,0,0
337,Austin Nola,SDP,56,213,186,44,2,36.5%,3.4%,.237,.306,.070,90.4,2.5%,42.1%,15.5%,7.5%,5.9%,786,1,1
338,Albert Pujols,STL,42,140,120,23,4,40.6%,10.3%,.192,.325,.133,89.9,7.3%,43.8%,19.3%,9.3%,9.3%,581,1,1
339,Riley Adams,WSN,27,88,78,15,3,42.3%,13.6%,.192,.321,.128,89.8,9.6%,44.2%,29.5%,10.2%,11.6%,362,0,1
340,Bobby Dalbec,BOS,71,214,190,39,5,41.5%,9.3%,.205,.326,.121,90.2,8.5%,45.4%,29.0%,8.9%,14.0%,884,2,0
341,Victor Robles,WSN,69,202,176,41,1,33.6%,2.6%,.233,.301,.068,82.3,3.8%,17.4%,25.7%,5.4%,14.1%,711,7,0
342,Francisco Mejia,TBR,46,143,141,33,5,32.7%,14.3%,.234,.404,.170,86.3,4.7%,24.3%,24.5%,0.7%,13.9%,518,0,0
343,Isiah Kiner-Falefa,NYY,70,259,236,61,0,25.1%,0.0%,.258,.305,.047,85.8,0.5%,26.7%,14.7%,6.2%,5.6%,945,12,3
344,Joey Gallo,NYY,66,224,194,32,9,48.6%,17.6%,.165,.325,.160,88.3,19.0%,48.6%,39.7%,13.4%,18.6%,926,1,0
345,Trent Grisham,SDP,78,300,257,48,7,40.5%,10.0%,.187,.323,.136,85.5,6.4%,27.3%,26.0%,10.7%,9.2%,1251,2,0
346,Josh VanMeter,PIT,40,127,115,24,3,42.0%,8.1%,.209,.339,.130,87.7,5.6%,31.5%,21.3%,8.7%,6.5%,527,2,0
347,Enrique Hernandez,BOS,51,238,215,45,4,50.0%,4.4%,.209,.340,.130,87.8,7.2%,31.1%,16.0%,7.6%,11.5%,823,0,1
348,Matt Duffy,LAA,45,143,134,35,0,25.0%,0.0%,.261,.291,.030,86.5,1.9%,27.9%,21.0%,6.3%,9.9%,534,0,0
349,Dominic Smith,NYM,47,118,103,22,0,36.8%,0.0%,.214,.301,.087,90.2,3.9%,48.7%,24.6%,7.6%,10.8%,444,0,0
350,Chad Pinder,OAK,55,202,193,45,5,27.8%,14.3%,.233,.363,.130,88.5,6.3%,44.9%,33.7%,3.5%,16.4%,757,2,0
351,Whit Merrifield,KCR,77,345,311,73,3,38.8%,2.9%,.235,.318,.084,87.2,4.1%,30.4%,13.9%,7.8%,8.4%,1289,13,2
352,Franmil Reyes,CLE,46,188,174,37,6,36.1%,17.1%,.213,.345,.132,94.0,15.5%,53.6%,41.5%,6.4%,16.2%,785,0,0
353,Bryan De La Cruz,MIA,60,156,144,31,4,25.0%,14.8%,.215,.340,.125,89.3,7.4%,42.6%,23.7%,6.4%,11.5%,582,2,0
354,Austin Wynns,SFG,17,47,43,9,1,33.3%,9.1%,.209,.326,.116,81.8,3.0%,18.2%,21.3%,8.5%,5.9%,188,0,0
355,Mike Ford,- - -,21,47,37,6,0,34.8%,0.0%,.162,.189,.027,93.1,4.3%,43.5%,29.8%,19.1%,7.7%,208,0,0
356,Geraldo Perdomo,ARI,70,240,207,41,2,30.4%,4.4%,.198,.275,.077,85.3,2.6%,26.3%,22.1%,12.1%,7.7%,1019,2,1
357,Alex Kirilloff,MIN,26,90,82,19,1,37.7%,4.3%,.232,.341,.110,90.8,6.5%,50.0%,25.6%,3.3%,10.9%,339,0,0
358,Spencer Torkelson,DET,70,253,222,43,5,37.5%,8.3%,.194,.302,.108,89.2,8.1%,37.5%,25.3%,10.3%,9.8%,1028,0,1
359,Javier Baez,DET,65,265,250,53,7,32.6%,11.5%,.212,.364,.152,87.8,8.6%,34.2%,24.5%,4.2%,19.6%,947,3,1
360,Nick Senzel,CIN,52,203,181,44,1,33.3%,2.1%,.243,.287,.044,88.2,4.1%,33.3%,20.2%,6.4%,8.4%,737,5,2
361,Ryan McKenna,BAL,52,86,79,19,0,28.3%,0.0%,.241,.316,.076,84.3,8.5%,21.3%,38.4%,4.7%,17.2%,303,1,0
362,Elias Diaz,COL,55,194,179,38,5,33.6%,10.6%,.212,.341,.128,87.5,5.0%,36.4%,21.1%,6.7%,9.4%,723,0,0
363,Seth Beer,ARI,27,93,81,17,1,31.0%,5.6%,.210,.284,.074,87.5,3.4%,34.5%,25.8%,8.6%,13.2%,334,0,0
364,Tony Kemp,OAK,75,287,250,54,2,39.4%,2.5%,.216,.276,.060,84.0,0.9%,9.8%,14.3%,8.7%,6.4%,1095,6,1
365,Adam Haseley,CHW,11,23,20,5,0,0.0%,0.0%,.250,.250,.000,84.0,0.0%,33.3%,26.1%,8.7%,11.9%,84,0,0
366,Mauricio Dubon,- - -,47,113,103,23,3,48.5%,6.3%,.223,.350,.126,84.9,4.0%,32.7%,5.3%,5.3%,7.4%,367,1,3
367,Travis Demeritte,ATL,26,96,89,19,3,32.8%,15.8%,.213,.337,.124,88.8,6.9%,37.9%,33.3%,6.3%,14.4%,381,0,0
368,Avisail Garcia,MIA,64,260,245,56,6,26.9%,12.8%,.229,.331,.102,87.9,8.0%,42.9%,27.7%,3.5%,21.6%,915,3,0
369,Tyler Nevin,BAL,41,149,124,23,2,39.6%,5.6%,.185,.258,.073,87.7,4.4%,40.7%,24.2%,12.1%,11.0%,647,0,0
370,Nicky Lopez,KCR,71,249,224,52,0,26.6%,0.0%,.232,.281,.049,84.6,1.0%,24.0%,13.3%,6.8%,7.2%,906,5,1
371,Willie Calhoun,TEX,18,53,44,6,1,50.0%,5.3%,.136,.273,.136,89.8,2.6%,36.8%,11.3%,15.1%,4.0%,198,0,0
372,Stephen Piscotty,OAK,19,65,58,12,1,18.9%,14.3%,.207,.293,.086,88.5,2.7%,40.5%,32.3%,9.2%,17.8%,242,2,0
373,Jonathan Villar,- - -,47,170,156,34,2,23.9%,7.4%,.218,.321,.103,90.2,2.6%,41.2%,25.9%,7.1%,15.2%,683,6,0
374,Eli White,TEX,47,117,105,21,3,48.2%,11.1%,.200,.305,.105,86.4,4.6%,29.2%,35.0%,9.4%,18.0%,444,12,1
375,Adam Frazier,SEA,80,325,293,64,2,32.7%,2.4%,.218,.290,.072,84.8,1.2%,22.8%,11.4%,8.6%,5.7%,1201,2,4
376,Hanser Alberto,LAD,36,74,73,17,2,29.3%,11.8%,.233,.356,.123,82.6,1.7%,18.3%,17.6%,1.4%,15.5%,245,0,0
377,Jonathan India,CIN,27,114,106,23,2,32.5%,7.7%,.217,.302,.085,83.9,3.8%,31.3%,22.8%,2.6%,10.2%,443,1,2
378,Jonathan Davis,MIL,10,34,29,6,0,20.0%,0.0%,.207,.207,.000,82.5,0.0%,20.0%,26.5%,14.7%,8.8%,137,3,0
379,Diego Castillo,PIT,66,209,195,38,8,42.0%,13.3%,.195,.359,.164,89.9,11.2%,40.6%,26.3%,4.3%,11.1%,856,1,1
380,Oscar Mercado,- - -,50,120,115,23,4,52.3%,8.7%,.200,.374,.174,86.6,6.8%,30.7%,23.3%,2.5%,14.9%,437,2,2
381,Eloy Jimenez,CHW,11,39,36,8,1,25.9%,14.3%,.222,.333,.111,92.6,7.4%,51.9%,25.6%,5.1%,15.1%,152,0,0
382,Charlie Culberson,TEX,41,74,67,17,0,19.6%,0.0%,.254,.269,.015,84.4,2.0%,24.5%,28.4%,5.4%,16.9%,260,2,2
383,Rodolfo Castro,PIT,21,78,71,14,1,38.5%,5.0%,.197,.296,.099,87.0,5.8%,30.8%,24.4%,6.4%,13.9%,295,2,3
384,Alan Trejo,COL,11,40,39,9,1,36.7%,9.1%,.231,.333,.103,87.8,6.7%,30.0%,22.5%,2.5%,14.2%,148,0,0
385,Wil Myers,SDP,32,134,124,29,1,36.8%,3.1%,.234,.306,.073,88.2,4.5%,33.0%,28.4%,6.0%,14.4%,515,0,0
386,Jackie Bradley Jr.,BOS,71,236,218,46,1,32.1%,1.9%,.211,.307,.096,88.4,5.3%,40.9%,20.8%,6.8%,14.0%,876,2,2
387,Ildemaro Vargas,CHC,10,26,23,3,1,28.6%,16.7%,.130,.348,.217,90.6,0.0%,38.1%,7.7%,11.5%,4.0%,101,0,0
388,Jorge Mateo,BAL,73,261,240,47,6,39.7%,9.7%,.196,.329,.133,86.5,6.9%,27.5%,32.2%,5.4%,16.8%,987,19,3
389,Jeimer Candelario,DET,61,228,210,40,5,41.9%,7.7%,.190,.314,.124,86.8,9.0%,33.5%,24.1%,6.1%,12.5%,853,0,0
390,Jason Heyward,CHC,48,151,137,28,1,38.1%,2.5%,.204,.277,.073,87.6,4.8%,38.1%,21.2%,7.3%,12.0%,558,1,0
391,Kyle Isbel,KCR,43,113,108,24,2,31.7%,7.7%,.222,.333,.111,91.7,6.0%,49.4%,23.0%,2.7%,5.7%,453,3,1
392,Stephen Vogt,OAK,22,62,56,9,3,45.9%,17.6%,.161,.321,.161,86.0,7.9%,21.1%,29.0%,8.1%,9.4%,233,0,0
393,Jose Siri,HOU,45,141,130,24,3,38.1%,9.4%,.185,.315,.131,89.1,7.1%,41.2%,31.9%,6.4%,18.0%,528,6,1
394,Myles Straw,CLE,75,313,273,53,0,33.8%,0.0%,.194,.245,.051,85.9,0.5%,22.5%,16.9%,11.8%,4.7%,1307,12,1
395,Aledmys Diaz,HOU,46,151,141,30,3,32.4%,8.3%,.213,.291,.078,85.8,4.5%,32.1%,19.2%,6.0%,11.6%,559,0,1
396,Derek Hill,DET,31,92,83,19,1,29.4%,6.7%,.229,.289,.060,85.2,3.4%,30.5%,30.4%,5.4%,14.2%,332,3,0
397,Andy Ibanez,TEX,40,128,119,26,1,44.9%,2.3%,.218,.277,.059,88.3,6.1%,39.8%,16.4%,7.0%,8.8%,464,3,0
398,Yoshi Tsutsugo,PIT,35,135,113,20,2,39.5%,5.9%,.177,.257,.080,88.8,5.8%,36.0%,23.0%,13.3%,7.2%,624,0,0
399,Yasmani Grandal,CHW,50,201,173,32,2,39.5%,3.9%,.185,.237,.052,89.9,6.2%,39.5%,22.4%,13.4%,8.2%,842,1,0
400,Nick Plummer,NYM,14,31,29,4,2,29.4%,40.0%,.138,.379,.241,89.1,11.8%,41.2%,38.7%,3.2%,17.7%,96,0,0
401,Yan Gomes,CHC,42,139,136,30,3,30.1%,8.8%,.221,.331,.110,84.4,2.7%,28.3%,16.5%,1.4%,9.2%,459,0,0
402,Alcides Escobar,WSN,37,128,121,27,0,33.7%,0.0%,.223,.289,.066,81.7,1.1%,17.8%,24.2%,3.9%,10.4%,501,1,1
403,Andrew Knizner,STL,48,145,126,23,1,41.1%,2.6%,.183,.238,.056,85.3,3.1%,30.2%,21.4%,10.3%,11.3%,541,0,0
404,Tyler Wade,LAA,67,163,147,32,1,38.1%,2.7%,.218,.272,.054,83.9,1.7%,16.0%,20.2%,6.1%,7.0%,628,8,5
405,Bryson Stott,PHI,52,178,162,30,4,41.5%,7.8%,.185,.284,.099,86.6,3.2%,29.8%,21.3%,9.0%,6.9%,734,3,1
406,Robinson Chirinos,BAL,43,146,126,20,2,43.4%,5.6%,.159,.270,.111,84.1,8.2%,35.3%,29.5%,9.6%,16.4%,572,1,0
407,Zach Reks,TEX,16,34,34,9,0,41.7%,0.0%,.265,.294,.029,86.3,0.0%,41.7%,29.4%,0.0%,13.2%,114,0,1
408,Miguel Andujar,NYY,14,52,49,12,0,42.9%,0.0%,.245,.286,.041,85.3,4.8%,31.0%,15.4%,3.8%,8.6%,185,3,0
409,Kody Clemens,DET,19,47,41,6,2,53.1%,11.8%,.146,.317,.171,89.0,3.1%,28.1%,21.3%,10.6%,9.8%,184,0,0
410,Michael Perez,PIT,32,102,96,16,6,50.0%,16.7%,.167,.354,.188,90.8,9.6%,41.1%,23.5%,4.9%,9.5%,370,1,0
411,CJ Abrams,SDP,32,105,94,19,1,36.6%,3.8%,.202,.277,.074,85.5,4.0%,26.7%,21.0%,3.8%,13.6%,352,1,1
412,Justin Upton,SEA,13,42,36,5,1,52.6%,10.0%,.139,.250,.111,86.6,5.3%,21.1%,40.5%,9.5%,18.4%,163,0,0
413,Payton Henry,MIA,15,35,28,4,0,10.0%,0.0%,.143,.143,.000,79.5,0.0%,10.0%,22.9%,14.3%,10.5%,133,0,0
414,Calvin Mitchell,PIT,26,88,83,16,2,29.5%,11.1%,.193,.325,.133,90.6,3.3%,41.0%,26.1%,4.5%,13.6%,317,1,0
415,Richie Martin,BAL,13,33,30,5,0,35.0%,0.0%,.167,.300,.133,86.5,5.0%,35.0%,30.3%,9.1%,10.8%,130,3,1
416,Guillermo Heredia,ATL,41,64,58,7,3,54.8%,17.6%,.121,.345,.224,86.8,16.1%,35.5%,42.2%,9.4%,18.3%,263,0,0
417,Matt Davidson,- - -,13,37,34,5,2,42.9%,22.2%,.147,.324,.176,87.3,14.3%,33.3%,35.1%,8.1%,15.1%,139,0,1
418,Luis Torrens,SEA,36,118,108,24,0,21.1%,0.0%,.222,.241,.019,88.9,2.8%,40.8%,32.2%,6.8%,11.7%,469,0,0
419,Reese McGuire,CHW,45,142,128,28,0,46.1%,0.0%,.219,.273,.055,84.7,2.8%,22.0%,17.6%,4.2%,9.6%,500,0,0
420,Abraham Toro,SEA,65,232,216,39,7,47.5%,8.1%,.181,.329,.148,87.7,7.7%,31.5%,16.4%,5.2%,8.3%,865,1,0
421,Jacob Stallings,MIA,61,199,181,36,2,33.3%,4.4%,.199,.254,.055,85.3,2.9%,27.9%,23.1%,8.0%,9.6%,788,0,1
422,Travis Jankowski,NYM,33,48,43,9,0,17.6%,0.0%,.209,.209,.000,79.0,0.0%,19.4%,14.6%,10.4%,2.6%,195,3,0
423,T.J. Friedl,CIN,29,100,90,18,0,47.9%,0.0%,.200,.289,.089,87.0,2.7%,26.7%,18.0%,5.0%,7.7%,388,5,0
424,Edmundo Sosa,STL,43,101,95,19,0,37.1%,0.0%,.200,.284,.084,88.6,4.3%,28.6%,24.8%,2.0%,17.9%,329,2,1
425,James McCann,NYM,26,82,72,13,1,38.6%,4.5%,.181,.264,.083,90.2,8.6%,34.5%,19.5%,4.9%,13.4%,292,1,0
426,Taylor Walls,TBR,69,227,206,35,3,41.1%,5.0%,.170,.277,.107,86.2,5.5%,30.8%,26.4%,8.8%,9.6%,871,6,1
427,Jonah Bride,OAK,12,44,41,9,0,42.1%,0.0%,.220,.244,.024,86.0,2.6%,26.3%,6.8%,6.8%,4.1%,193,0,0
428,Jed Lowrie,OAK,46,167,151,28,3,43.9%,6.0%,.185,.272,.086,85.8,2.6%,29.6%,22.8%,8.4%,11.2%,653,1,0
429,Luke Maile,CLE,29,81,70,12,0,49.0%,0.0%,.171,.257,.086,84.5,3.9%,27.5%,25.9%,11.1%,11.9%,336,0,0
430,Corey Dickerson,STL,38,106,98,19,2,38.0%,6.7%,.194,.286,.092,86.8,5.1%,29.1%,18.9%,5.7%,12.4%,404,0,0
431,David MacKinnon,LAA,12,30,24,4,0,33.3%,0.0%,.167,.167,.000,83.8,0.0%,16.7%,23.3%,16.7%,9.2%,142,0,0
432,Jonathan Schoop,DET,74,290,277,53,6,34.3%,8.1%,.191,.307,.116,87.9,5.6%,41.7%,21.4%,3.4%,13.7%,1048,1,0
433,Aramis Garcia,CIN,43,109,102,22,1,36.6%,3.8%,.216,.265,.049,87.4,2.7%,37.0%,28.4%,2.8%,14.9%,424,0,1
434,Nick Madrigal,CHC,31,115,108,24,0,18.7%,0.0%,.222,.250,.028,86.4,0.0%,30.4%,14.8%,4.3%,4.7%,443,1,0
435,Martin Maldonado,HOU,57,198,179,27,7,43.5%,14.0%,.151,.302,.151,90.9,10.2%,46.6%,32.3%,7.1%,14.0%,807,0,0
436,Tucker Barnhart,DET,51,160,150,32,0,30.3%,0.0%,.213,.247,.033,84.4,1.0%,23.8%,30.6%,6.3%,10.5%,645,0,0
437,Buddy Kennedy,ARI,13,45,40,6,1,46.7%,7.1%,.150,.300,.150,89.2,3.3%,36.7%,24.4%,6.7%,8.0%,162,0,0
438,Ryan O'Hearn,KCR,33,61,56,11,1,12.5%,20.0%,.196,.268,.071,91.8,2.5%,47.5%,27.9%,6.6%,12.4%,218,0,0
439,Chad Wallach,LAA,10,36,32,5,1,40.0%,10.0%,.156,.281,.125,87.5,7.7%,38.5%,19.4%,8.3%,11.1%,153,0,0
440,Sam Hilliard,COL,41,126,112,18,2,38.8%,6.5%,.161,.268,.107,91.6,11.3%,46.3%,27.0%,9.5%,14.4%,534,2,1
441,Steven Duggar,- - -,15,46,43,9,0,41.7%,0.0%,.209,.279,.070,92.5,8.3%,50.0%,43.5%,4.3%,19.3%,166,4,1
442,Erik Gonzalez,MIA,16,41,37,7,0,20.8%,0.0%,.189,.216,.027,84.4,0.0%,20.0%,29.3%,9.8%,15.9%,176,1,0
443,Jarred Kelenic,SEA,30,96,86,12,3,49.0%,12.0%,.140,.291,.151,84.5,9.8%,31.4%,37.5%,9.4%,15.1%,370,4,2
444,Kevin Plawecki,BOS,29,86,73,11,1,40.4%,4.3%,.151,.219,.068,88.7,0.0%,36.2%,19.8%,10.5%,11.0%,355,0,0
445,Josh Lowe,TBR,30,114,106,19,1,39.1%,4.0%,.179,.292,.113,89.1,6.2%,40.0%,36.8%,6.1%,14.3%,489,2,0
446,Yadier Molina,STL,40,138,136,29,2,42.5%,4.2%,.213,.294,.081,87.2,3.5%,31.9%,16.7%,1.4%,11.8%,500,1,0
447,Aristides Aquino,CIN,31,90,87,15,3,39.1%,16.7%,.172,.322,.149,84.8,10.9%,28.3%,45.6%,3.3%,20.6%,394,2,1
448,Jason Krizan,SFG,3,10,8,1,0,40.0%,0.0%,.125,.125,.000,94.5,0.0%,40.0%,30.0%,20.0%,4.9%,41,0,0
449,Yoan Moncada,CHW,34,135,127,23,3,35.6%,9.7%,.181,.283,.102,87.9,8.0%,35.2%,28.9%,4.4%,15.0%,547,0,0
450,Kevin Smith,OAK,47,151,139,25,2,45.9%,4.4%,.180,.302,.122,87.0,7.8%,33.3%,27.8%,4.6%,14.7%,564,4,0
451,Jack Mayfield,LAA,23,74,70,13,1,41.5%,4.5%,.186,.271,.086,84.5,1.9%,24.5%,23.0%,4.1%,10.2%,255,1,0
452,Dom Nunez,COL,12,36,28,4,0,60.9%,0.0%,.143,.179,.036,85.3,4.3%,34.8%,19.4%,16.7%,7.1%,154,0,0
453,Austin Hedges,CLE,49,160,144,23,5,45.6%,10.6%,.160,.271,.111,83.5,3.7%,23.1%,25.0%,6.3%,12.7%,606,1,0
454,Tyler Heineman,- - -,35,95,87,17,0,44.9%,0.0%,.195,.241,.046,83.2,0.0%,14.1%,11.6%,5.3%,8.5%,318,1,0
455,Leury Garcia,CHW,57,205,194,40,2,29.6%,4.4%,.206,.273,.067,87.1,5.8%,36.8%,21.0%,2.9%,13.0%,755,1,0
456,Tomas Nido,NYM,48,150,137,29,0,25.0%,0.0%,.212,.234,.022,86.8,3.0%,32.3%,28.7%,4.7%,21.5%,506,0,0
457,Kyle Higashioka,NYY,43,128,116,19,4,50.0%,8.9%,.164,.302,.138,92.0,10.9%,54.3%,22.7%,4.7%,16.4%,464,0,0
458,Alex Jackson,MIL,5,12,12,3,0,20.0%,0.0%,.250,.250,.000,79.7,0.0%,0.0%,58.3%,0.0%,30.0%,40,0,0
459,Mike Zunino,TBR,36,123,115,17,5,54.3%,13.2%,.148,.304,.157,91.8,8.6%,40.0%,37.4%,4.9%,19.3%,482,0,0
460,Drew Ellis,- - -,7,17,16,3,0,33.3%,0.0%,.188,.250,.063,88.4,0.0%,33.3%,41.2%,5.9%,11.3%,80,0,0
461,Brett Phillips,TBR,58,169,152,23,4,39.5%,12.5%,.151,.257,.105,88.6,4.7%,31.8%,41.4%,7.1%,17.1%,725,6,0
462,Donovan Walton,- - -,24,75,73,12,1,35.1%,5.0%,.164,.315,.151,85.7,5.3%,29.8%,21.3%,1.3%,7.3%,288,0,0
463,Lars Nootbaar,STL,33,81,72,10,2,26.1%,16.7%,.139,.250,.111,90.8,4.2%,39.6%,30.9%,9.9%,11.9%,327,1,0
464,David Fletcher,LAA,14,41,38,6,0,38.9%,0.0%,.158,.263,.105,82.8,0.0%,5.6%,4.9%,7.3%,3.5%,142,0,0
465,Steele Walker,TEX,5,16,14,1,1,50.0%,20.0%,.071,.286,.214,88.2,20.0%,40.0%,25.0%,12.5%,14.0%,57,0,0
466,Patrick Mazeika,NYM,17,51,48,8,1,40.5%,5.9%,.167,.292,.125,84.7,4.7%,18.6%,11.8%,3.9%,8.0%,187,0,0
467,Bradley Zimmer,TOR,57,78,69,8,2,42.9%,13.3%,.116,.261,.145,88.8,12.8%,43.6%,39.7%,6.4%,17.5%,292,1,1
468,Jermaine Palacios,MIN,8,28,24,5,0,33.3%,0.0%,.208,.208,.000,89.5,5.3%,42.1%,25.0%,7.1%,10.7%,121,0,0
469,Yu Chang,- - -,22,59,52,7,1,66.7%,5.6%,.135,.212,.077,90.3,11.1%,33.3%,42.4%,6.8%,16.2%,247,0,1
470,Ernie Clement,CLE,47,122,111,21,0,35.2%,0.0%,.189,.216,.027,85.9,4.3%,26.6%,15.6%,5.7%,7.2%,445,0,1
471,Jose Herrera,ARI,35,95,87,17,0,22.0%,0.0%,.195,.218,.023,84.6,0.0%,9.8%,29.5%,6.3%,10.2%,364,0,0
472,Vidal Brujan,TBR,45,147,134,22,2,35.0%,5.7%,.164,.246,.082,86.3,2.0%,28.0%,24.5%,7.5%,9.1%,558,4,5
473,Andrew Velazquez,LAA,73,226,210,35,5,36.6%,10.4%,.167,.267,.100,89.7,5.8%,37.7%,33.6%,4.0%,16.4%,855,10,0
474,Lorenzo Cain,MIL,43,156,145,26,1,28.2%,3.2%,.179,.234,.055,87.9,0.0%,36.4%,23.1%,5.1%,12.0%,623,2,2
475,Phil Gosselin,ATL,8,16,15,3,0,40.0%,0.0%,.200,.200,.000,92.7,0.0%,60.0%,31.3%,6.3%,7.6%,66,0,0
476,Kelvin Gutierrez,BAL,12,33,28,4,0,30.0%,0.0%,.143,.179,.036,89.6,4.8%,33.3%,24.2%,12.1%,12.0%,133,1,0
477,Jake Fraley,CIN,15,48,43,5,1,45.2%,7.1%,.116,.233,.116,85.2,3.2%,22.6%,25.0%,8.3%,13.4%,216,1,0
478,Chris Owings,BAL,27,68,56,6,0,26.7%,0.0%,.107,.143,.036,80.4,3.0%,15.2%,35.3%,14.7%,14.6%,261,1,0
479,Akil Baddoo,DET,17,55,50,7,1,42.9%,6.7%,.140,.220,.080,84.2,2.9%,22.9%,27.3%,9.1%,12.6%,231,1,1
480,Juan Lagares,LAA,20,62,60,11,0,46.7%,0.0%,.183,.250,.067,88.4,2.2%,40.0%,24.2%,3.2%,13.3%,241,0,0
481,Michael Hermosillo,CHC,17,35,28,2,0,28.6%,0.0%,.071,.107,.036,85.8,21.4%,35.7%,40.0%,11.4%,18.0%,150,0,0
482,Kevin Padlo,- - -,10,23,22,4,0,46.2%,0.0%,.182,.227,.045,95.0,0.0%,61.5%,39.1%,4.3%,17.4%,86,0,0
483,Andrelton Simmons,CHC,30,76,68,12,0,28.1%,0.0%,.176,.176,.000,81.6,0.0%,11.9%,14.5%,7.9%,8.9%,259,4,0
484,Bryan Lavastida,CLE,6,15,12,1,0,37.5%,0.0%,.083,.083,.000,87.6,0.0%,37.5%,26.7%,20.0%,8.8%,57,0,0
485,Anthony Bemboom,BAL,22,59,52,6,1,38.2%,7.7%,.115,.212,.096,90.1,5.6%,36.1%,28.8%,10.2%,9.8%,244,0,0
486,Elehuris Montero,COL,9,28,27,5,0,50.0%,0.0%,.185,.222,.037,93.6,18.8%,56.3%,39.3%,3.6%,23.1%,108,0,0
487,Paul DeJong,STL,24,86,77,10,1,49.1%,3.8%,.130,.208,.078,86.8,5.7%,35.8%,29.1%,8.1%,15.1%,365,3,0
488,Roman Quinn,PHI,23,40,37,6,0,50.0%,0.0%,.162,.189,.027,90.9,4.5%,31.8%,37.5%,7.5%,11.9%,168,4,1
489,Miguel Sano,MIN,17,65,54,5,1,61.8%,4.8%,.093,.148,.056,93.8,14.7%,52.9%,32.3%,13.8%,12.0%,299,1,0
490,Cristian Pache,OAK,68,214,201,32,2,25.0%,5.6%,.159,.224,.065,90.1,4.1%,43.5%,26.2%,5.1%,14.2%,744,1,2
491,Ehire Adrianza,WSN,15,45,41,7,0,33.3%,0.0%,.171,.195,.024,88.1,0.0%,21.4%,31.1%,6.7%,11.2%,170,0,0
492,Chris Okey,CIN,7,13,12,2,0,28.6%,0.0%,.167,.167,.000,86.2,0.0%,14.3%,38.5%,0.0%,10.6%,47,0,0
493,Alex Dickerson,ATL,13,36,33,4,1,45.8%,9.1%,.121,.212,.091,90.1,8.3%,41.7%,25.0%,8.3%,11.3%,151,0,0
494,Rene Pinto,TBR,14,44,44,8,1,45.8%,9.1%,.182,.250,.068,90.3,4.2%,33.3%,45.5%,0.0%,21.4%,173,0,0
495,Manny Pina,ATL,5,17,14,2,0,42.9%,0.0%,.143,.143,.000,81.9,7.1%,21.4%,5.9%,5.9%,6.2%,65,0,0
496,Sergio Alcantara,- - -,45,95,88,14,1,37.5%,4.2%,.159,.239,.080,86.1,3.0%,25.4%,26.3%,3.2%,9.3%,399,0,2
497,Max Schrock,CIN,10,23,22,4,0,25.0%,0.0%,.182,.182,.000,81.7,0.0%,25.0%,26.1%,4.3%,13.3%,75,0,0
498,Jason Castro,HOU,34,88,78,9,1,33.3%,7.7%,.115,.179,.064,88.6,5.1%,35.9%,45.5%,9.1%,17.6%,369,1,0
499,Carson Kelly,ARI,33,109,100,13,2,47.4%,5.6%,.130,.220,.090,87.6,5.3%,31.6%,23.9%,4.6%,8.7%,425,0,0
500,Andrew Knapp,- - -,12,37,33,4,0,31.8%,0.0%,.121,.152,.030,85.4,0.0%,26.1%,27.0%,8.1%,11.5%,139,0,0
501,Jake Marisnick,PIT,22,52,49,8,0,39.4%,0.0%,.163,.204,.041,85.9,0.0%,37.8%,25.0%,3.8%,14.7%,191,1,1
502,Mickey Moniak,PHI,14,40,36,5,0,31.8%,0.0%,.139,.167,.028,81.3,4.3%,26.1%,35.0%,7.5%,17.5%,137,0,0
503,Heliot Ramos,SFG,7,14,13,2,0,30.0%,0.0%,.154,.154,.000,92.8,10.0%,60.0%,21.4%,7.1%,14.8%,54,0,0
504,Mark Mathias,MIL,6,17,16,2,1,46.2%,16.7%,.125,.313,.188,90.8,7.7%,53.8%,23.5%,0.0%,4.8%,63,1,0
505,Cole Tucker,PIT,18,63,63,11,0,26.3%,0.0%,.175,.222,.048,82.4,7.9%,23.7%,39.7%,0.0%,12.2%,278,1,0
506,Robinson Cano,- - -,24,77,74,11,1,28.8%,6.7%,.149,.189,.041,87.2,5.7%,39.6%,27.3%,3.9%,13.6%,286,0,0
507,Matt Beaty,SDP,17,40,37,4,0,38.7%,0.0%,.108,.189,.081,84.2,0.0%,32.3%,15.0%,5.0%,5.4%,149,0,0
508,Michael Papierski,- - -,10,24,22,3,0,23.1%,0.0%,.136,.136,.000,76.6,0.0%,0.0%,37.5%,8.3%,13.5%,96,0,0
509,Rylan Bannon,BAL,4,15,14,2,0,33.3%,0.0%,.143,.143,.000,88.7,0.0%,44.4%,33.3%,0.0%,15.8%,57,0,0
510,Adalberto Mondesi,KCR,15,54,50,7,0,36.0%,0.0%,.140,.140,.000,88.0,3.3%,26.7%,37.0%,7.4%,20.9%,215,5,0
511,Kevin Pillar,LAD,4,13,12,1,0,37.5%,0.0%,.083,.167,.083,88.2,12.5%,25.0%,30.8%,7.7%,17.8%,45,0,0
512,Lenyn Sosa,CHW,4,13,12,1,0,11.1%,0.0%,.083,.167,.083,86.9,0.0%,11.1%,23.1%,7.7%,14.3%,42,0,0
513,Ivan Herrera,STL,11,22,18,2,0,36.4%,0.0%,.111,.111,.000,85.2,0.0%,16.7%,36.4%,9.1%,9.2%,98,0,0
514,Jose Rojas,LAA,7,23,23,3,0,53.3%,0.0%,.130,.217,.087,92.8,6.7%,53.3%,34.8%,0.0%,15.9%,88,0,0
515,Niko Goodrum,HOU,15,45,43,5,0,30.0%,0.0%,.116,.163,.047,81.9,5.0%,35.0%,51.1%,4.4%,21.6%,204,1,0
516,Billy McKinney,OAK,23,57,52,5,1,44.4%,6.3%,.096,.173,.077,83.8,5.4%,21.6%,28.1%,7.0%,10.9%,256,0,0
517,Austin Allen,OAK,5,16,14,1,0,60.0%,0.0%,.071,.071,.000,92.7,0.0%,60.0%,56.3%,6.3%,23.9%,67,0,0
518,Steven Souza Jr.,SEA,6,19,19,3,0,45.5%,0.0%,.158,.158,.000,83.3,0.0%,18.2%,42.1%,0.0%,17.8%,73,0,0
519,Eddy Alvarez,LAD,14,27,25,4,0,29.4%,0.0%,.160,.160,.000,88.0,0.0%,27.8%,33.3%,0.0%,11.1%,99,1,0
520,Eddie Rosario,ATL,15,49,44,3,0,35.3%,0.0%,.068,.091,.023,85.9,0.0%,23.5%,20.4%,10.2%,13.3%,195,0,0
521,Jonathan Arauz,- - -,11,30,28,3,1,42.1%,12.5%,.107,.214,.107,85.8,5.0%,30.0%,33.3%,0.0%,13.3%,120,0,0
522,Lewin Diaz,MIA,3,10,10,1,0,80.0%,0.0%,.100,.200,.100,94.0,20.0%,40.0%,50.0%,0.0%,14.6%,41,0,0
523,Yonny Hernandez,ARI,12,28,24,2,0,5.3%,0.0%,.083,.083,.000,82.3,0.0%,13.6%,14.3%,7.1%,5.1%,117,2,0
524,Mark Kolozsvary,CIN,6,11,11,1,0,0.0%,0.0%,.091,.182,.091,90.7,0.0%,33.3%,45.5%,0.0%,7.5%,40,0,0
525,Bobby Bradley,CLE,8,17,17,2,0,25.0%,0.0%,.118,.118,.000,87.5,0.0%,50.0%,52.9%,0.0%,26.6%,64,0,0
526,Gabriel Arias,CLE,5,17,17,2,0,0.0%,0.0%,.118,.118,.000,92.1,0.0%,50.0%,41.2%,0.0%,27.3%,55,0,0
527,Lucius Fox,WSN,10,28,25,2,0,18.8%,0.0%,.080,.080,.000,81.8,5.6%,33.3%,32.1%,3.6%,13.8%,109,1,0
528,Skye Bolt,OAK,4,10,10,1,0,50.0%,0.0%,.100,.100,.000,95.1,0.0%,50.0%,40.0%,0.0%,28.9%,38,1,0
529,Mark Contreras,MIN,6,10,9,1,0,42.9%,0.0%,.111,.111,.000,92.4,28.6%,57.1%,30.0%,0.0%,16.7%,30,0,0
530,Christian Lopes,OAK,4,10,9,0,0,25.0%,0.0%,.000,.000,.000,91.1,0.0%,25.0%,50.0%,10.0%,10.6%,47,0,0
531,Luis Campusano,SDP,4,13,12,1,0,45.5%,0.0%,.083,.083,.000,85.6,9.1%,27.3%,15.4%,0.0%,16.2%,37,0,0
532,Estevan Florial,NYY,4,12,11,0,0,14.3%,0.0%,.000,.000,.000,86.3,14.3%,28.6%,33.3%,8.3%,19.6%,51,1,0
533,Travis Shaw,BOS,7,19,19,0,0,63.6%,0.0%,.000,.000,.000,79.3,0.0%,8.3%,36.8%,0.0%,14.8%,81,0,0
534,Aaron Whitefield,LAA,5,11,11,0,0,0.0%,0.0%,.000,.000,.000,95.3,16.7%,50.0%,45.5%,0.0%,18.8%,48,0,0
