Name,Team,G,PA,1B,2B,3B,HR,R,RBI,BB,IBB,SO,HBP,FB,EV,Barrels,SB,playerid,DK Average
Matt Carpenter,NYY,16,44,2,1,0,6,11,13,7,1,11,1,15,92,5,0,8090,8.56
Rob Refsnyder,BOS,11,35,7,4,0,1,7,6,3,0,4,2,4,86.3,1,0,13770,7.91
Joe Dunand,MIA,3,11,1,1,0,1,2,1,0,0,3,1,5,85.9,0,0,19727,8.67
Paul Goldschmidt,STL,71,313,50,23,0,18,54,62,40,1,60,0,93,90.6,25,3,9218,10.90
Yordan Alvarez,HOU,65,270,40,8,2,22,47,54,34,3,45,3,69,96,34,0,19556,10.43
Mike Trout,LAA,66,275,28,16,2,22,51,45,37,6,76,4,89,92.6,35,0,10155,10.39
Donovan Solano,CIN,4,18,3,3,0,0,3,2,1,0,2,1,3,86.7,1,0,8623,9.50
Garrett Stubbs,PHI,18,52,7,3,1,3,6,10,6,0,10,0,10,86,3,1,18067,6.83
Bligh Madris,PIT,6,25,4,4,0,1,4,6,0,0,5,0,5,90.5,3,1,20054,11.17
Rafael Devers,BOS,71,314,53,25,1,17,55,45,21,5,54,6,79,94.2,31,2,17350,10.37
Aaron Judge,NYY,71,312,41,11,0,28,59,56,35,6,77,0,81,96,50,5,15640,11.20
Jose Ramirez,CLE,66,289,33,23,4,16,46,63,34,5,22,2,125,87.6,17,12,13510,11.61
Edward Olivares,KCR,18,48,10,4,0,2,7,6,2,0,9,1,10,92.3,4,2,19698,6.22
Nick Fortes,MIA,13,44,6,2,0,3,15,7,4,0,5,2,12,93.2,3,2,21538,9.54
Kyle Lewis,SEA,4,16,2,0,0,2,3,3,0,0,1,1,4,90.1,2,0,19508,10.00
Taylor Ward,LAA,51,216,36,9,2,11,39,29,29,0,50,0,59,89,20,1,17548,9.37
Cam Gallagher,KCR,10,23,3,4,0,0,1,5,2,0,5,0,7,81.4,0,0,12981,4.50
Bryce Harper,PHI,64,275,40,21,1,15,49,48,26,4,52,3,68,92.8,28,9,11579,10.75
Alejandro Kirk,TOR,63,232,44,10,0,10,35,31,29,1,23,2,58,91,19,0,22581,7.59
Manny Machado,SDP,66,285,53,17,1,12,48,46,30,6,47,1,84,90.7,14,7,11493,10.14
J.D. Martinez,BOS,63,280,49,24,0,8,43,32,28,1,61,3,64,90,23,0,6184,8.90
Tom Murphy,SEA,14,42,7,2,0,1,9,1,8,0,13,0,7,94.3,4,0,13499,5.50
Joc Pederson,SFG,63,211,28,6,0,17,32,39,18,1,46,4,62,94.5,27,2,11899,7.65
Josh Smith,TEX,10,33,6,1,0,0,3,0,6,0,4,3,5,87.9,0,2,26396,5.70
Jason Vosler,SFG,17,58,9,2,0,4,9,8,6,1,15,0,10,84.9,2,1,16686,7.65
Isaac Paredes,TBR,34,108,10,5,0,10,17,21,8,0,15,1,41,86.9,7,0,20036,7.32
Nelson Velazquez,CHC,8,20,5,1,0,0,3,0,3,0,5,0,4,87.3,0,0,23359,4.00
Brendan Donovan,STL,54,197,35,14,1,2,27,25,26,1,34,6,26,86.6,2,2,24679,7.09
Kyle Garlick,MIN,31,73,11,1,0,6,12,15,6,0,15,1,22,93.2,8,0,18063,5.35
Pete Alonso,NYM,73,314,43,11,0,22,45,69,30,6,64,7,96,89.6,31,2,19251,9.97
William Contreras,ATL,34,131,13,8,0,9,19,18,15,0,34,0,27,90.3,14,2,20503,8.32
Jose Altuve,HOU,57,251,33,13,0,15,39,26,25,0,43,4,71,85.6,15,5,5417,9.25
Luis Arraez,MIN,64,262,67,9,0,4,40,26,30,1,20,2,60,88.6,8,2,18568,7.72
Byron Buxton,MIN,54,228,17,10,2,19,41,35,20,0,60,5,70,92.4,23,1,14161,9.52
Willson Contreras,CHC,64,274,35,14,1,12,40,31,29,0,56,14,60,91.3,18,3,11609,8.53
Jarren Duran,BOS,13,57,10,5,2,0,9,3,4,0,11,1,12,90.7,3,4,24617,9.62
Danny Jansen,TOR,19,62,5,1,0,7,9,13,3,0,10,2,27,89,10,0,16535,7.58
Josh Bell,WSN,74,310,57,12,2,11,40,46,34,3,42,4,73,89.2,18,0,13145,8.26
Ty France,SEA,70,311,63,14,0,10,32,45,20,1,43,14,67,89.1,14,0,17982,8.33
Xander Bogaerts,BOS,70,296,60,20,0,6,44,31,27,2,60,5,65,88.3,15,3,12161,8.19
Mookie Betts,LAD,60,275,37,13,0,17,53,40,27,0,47,2,93,90.1,19,6,13611,10.33
Freddie Freeman,LAD,71,321,51,24,2,8,47,46,37,4,56,3,78,91.5,25,6,5361,9.48
Michael Harris II,ATL,28,107,22,7,2,3,18,14,3,0,27,1,21,88.6,7,3,25931,8.36
C.J. Cron,COL,73,313,49,16,2,17,45,53,19,2,83,5,84,87.7,26,0,12546,9.05
Dansby Swanson,ATL,74,305,56,14,1,13,48,43,25,0,82,3,78,90.1,25,11,18314,9.04
Andres Gimenez,CLE,59,212,42,10,2,8,24,35,10,1,44,3,46,89.2,12,6,19950,7.59
Ji-Man Choi,TBR,52,198,29,13,0,6,22,35,29,2,54,0,41,92.6,14,0,5452,7.46
Brian Serven,COL,21,71,15,1,1,3,8,9,6,0,15,0,18,84.8,2,0,19422,6.38
Jeff McNeil,NYM,65,249,52,17,1,4,33,33,19,0,29,3,68,87.9,4,2,15362,7.31
Mike Brosseau,MIL,32,82,15,1,0,4,8,10,10,0,21,1,18,88.9,4,1,19683,4.78
Trea Turner,LAD,71,313,61,17,2,10,40,53,23,1,61,1,75,90.8,20,15,16252,9.79
Royce Lewis,MIN,12,41,6,4,0,2,5,5,1,0,5,0,17,90.7,2,0,20437,6.67
Vladimir Guerrero Jr.,TOR,71,307,44,10,0,17,40,43,36,4,53,4,67,94,26,0,19611,8.54
Brandon Drury,CIN,62,257,35,13,1,15,45,38,18,0,55,3,73,89.6,20,1,11615,8.73
Nolan Arenado,STL,71,299,43,19,0,14,35,49,27,1,38,1,118,88.6,18,0,9777,8.31
Tim Anderson,CHW,45,197,49,9,0,5,27,19,7,1,23,4,41,88.4,13,8,15172,8.84
Jazz Chisholm Jr.,MIA,59,240,26,10,4,14,39,45,21,0,66,3,59,90.2,25,12,20454,9.76
Austin Slater,SFG,51,124,18,1,2,5,20,17,20,0,37,1,19,88,8,3,16153,5.02
Andrew Vaughn,CHW,54,229,46,12,0,7,23,32,16,0,37,3,60,91.6,12,0,26197,7.70
Jon Berti,MIA,43,163,30,8,2,2,27,14,20,0,38,2,31,87.9,6,21,12037,9.23
Yairo Munoz,PHI,8,22,2,0,0,2,4,3,3,0,4,0,5,84.5,1,1,16313,6.38
Ian Happ,CHC,71,287,42,16,2,8,33,36,37,3,55,3,65,89.9,17,5,17919,7.76
Kyle Schwarber,PHI,72,315,25,12,0,21,51,46,47,2,92,2,88,92.9,36,4,16478,9.18
Tyler Stephenson,CIN,42,155,30,8,0,5,21,31,11,0,41,2,33,86.3,7,1,17988,7.50
Ronald Acuna Jr.,ATL,43,196,32,8,0,7,28,18,20,1,51,6,42,91.3,20,13,18401,9.70
Victor Caratini,MIL,34,119,16,3,0,5,13,13,17,0,22,4,24,88.7,8,0,14968,6.09
Kyle Tucker,HOU,67,272,34,12,0,14,29,48,35,1,44,0,93,89,22,13,18345,8.85
Taylor Trammell,SEA,30,88,7,9,0,3,14,9,11,0,24,0,21,88.6,6,2,19960,5.80
Garrett Cooper,MIA,63,258,48,16,1,5,23,35,20,0,61,6,46,91,16,0,15279,7.14
Josh Naylor,CLE,47,188,26,13,0,8,21,38,15,1,31,2,50,89.8,13,1,18839,8.13
P.J. Higgins,CHC,22,58,9,2,1,2,6,9,5,0,10,1,16,85.7,0,0,18433,4.86
Juan Soto,WSN,73,320,28,14,0,14,42,31,61,2,48,2,77,89.6,27,5,20123,8.15
Carlos Correa,MIN,51,225,43,12,0,7,29,24,17,0,53,1,51,92,17,0,14162,7.86
Austin Riley,ATL,72,313,37,15,1,18,39,43,23,1,86,7,76,93.4,31,2,18360,8.47
Austin Hays,BAL,69,288,45,19,1,10,38,44,19,0,53,4,80,89.3,15,1,19363,8.01
Giancarlo Stanton,NYY,60,247,30,5,0,17,27,47,29,2,68,0,57,96.2,36,0,4949,8.25
Shohei Ohtani,LAA,72,311,41,13,1,16,45,47,32,5,75,3,77,93,36,7,19755,9.10
Anthony Rizzo,NYY,72,305,27,10,1,19,42,49,35,3,52,10,102,89.6,23,6,3473,8.85
Jose Abreu,CHW,69,304,45,16,0,9,39,32,38,0,48,3,77,93.1,22,0,15676,7.67
Will Smith,LAD,59,245,35,10,0,11,29,35,28,1,36,1,82,90.4,22,0,19197,7.68
George Springer,TOR,64,273,36,11,2,13,41,34,23,1,58,5,71,89.5,14,6,12856,8.55
Brandon Nimmo,NYM,66,289,46,13,5,5,42,24,28,0,47,8,57,89.9,14,0,12927,7.53
Luis Gonzalez,SFG,49,180,32,12,1,3,20,24,15,0,37,2,42,87.8,4,7,20332,7.16
Travis d'Arnaud,ATL,49,205,28,14,0,10,31,34,6,0,40,6,57,88.3,15,0,7739,8.33
Matt Olson,ATL,74,327,31,29,0,10,29,40,43,3,72,1,82,92.3,25,0,14344,7.70
Tim Locastro,NYY,15,15,2,0,0,1,8,2,2,0,4,0,2,84.4,1,4,15124,4.00
Jeremy Pena,HOU,55,215,35,9,1,9,28,27,12,0,51,5,54,89.2,14,6,21636,7.67
Brian Anderson,MIA,32,123,17,9,0,2,21,6,16,1,34,2,23,87.1,8,1,18289,6.66
Orlando Arcia,ATL,28,102,18,5,0,3,8,13,9,0,23,1,24,91.8,6,0,13185,6.11
Connor Joe,COL,67,304,54,11,3,5,37,16,38,0,60,3,65,84.5,10,4,16572,7.45
Manuel Margot,TBR,51,200,40,11,1,3,21,27,17,1,35,1,48,89.7,7,5,14712,7.29
Michael Brantley,HOU,64,277,50,14,1,5,28,26,31,2,30,1,67,89.8,13,1,4106,7.17
Rhys Hoskins,PHI,73,312,38,14,2,13,38,37,36,0,80,2,83,89.7,20,0,16472,7.62
Trey Mancini,BAL,66,285,51,12,1,7,29,28,25,1,58,7,78,89.4,22,0,15149,7.14
Danny Mendick,CHW,31,106,20,4,1,3,22,15,7,0,23,1,24,86.8,3,1,18889,6.87
Luis Garcia,WSN,24,97,21,6,1,2,9,11,1,0,19,1,20,88.2,5,0,20391,6.88
Rowdy Tellez,MIL,70,270,31,16,0,13,27,45,24,2,56,3,81,90.5,22,0,15679,7.21
Mike Yastrzemski,SFG,63,251,28,16,0,8,35,28,32,0,57,3,64,90.8,18,0,14854,6.98
Oscar Gonzalez,CLE,28,116,21,10,0,2,12,14,5,0,24,1,19,90.7,5,0,20970,7.04
Alex Bregman,HOU,70,296,33,15,0,9,38,35,44,0,39,5,100,89.8,15,0,17678,7.26
Juan Yepez,STL,46,167,27,8,0,7,19,19,11,0,36,1,56,87.5,10,0,18400,6.33
Evan Longoria,SFG,38,126,14,5,0,7,15,15,14,0,33,0,35,91.9,11,0,9368,5.92
Julio Rodriguez,SEA,73,301,48,14,1,11,38,35,22,1,86,4,60,91.2,22,19,23697,8.59
Jorge Alfaro,SDP,41,150,23,10,0,6,18,21,7,0,49,1,30,91.1,12,1,12180,6.78
Dustin Garneau,DET,8,11,2,1,0,0,1,1,1,0,4,0,5,89.5,1,0,9433,2.13
Nomar Mazara,SDP,21,70,14,4,0,1,8,10,5,0,14,1,18,86.5,2,0,14553,5.71
Edwin Rios,LAD,27,92,13,1,0,7,12,17,5,1,36,1,17,88.5,7,0,18316,6.89
Ketel Marte,ARI,65,267,34,23,1,4,34,22,28,1,48,3,68,90.5,8,4,13613,7.09
Patrick Wisdom,CHC,69,278,28,15,0,14,38,37,28,1,95,3,72,92.5,25,2,13602,7.58
Hunter Renfroe,MIL,54,217,27,9,0,13,27,27,15,0,54,1,69,89.7,20,0,15464,7.33
Harold Ramirez,TBR,59,187,40,9,0,3,20,24,13,1,22,2,39,88.9,10,2,14387,5.51
Gleyber Torres,NYY,67,249,30,13,1,13,33,32,16,1,47,2,95,91.9,20,4,16997,7.18
Luis Guillorme,NYM,52,170,39,6,0,1,22,7,18,0,22,0,25,87.1,4,1,16451,4.92
Christian Walker,ARI,72,293,22,10,1,19,35,38,34,2,57,4,98,90.4,31,0,13419,7.50
Nathaniel Lowe,TEX,66,264,48,10,1,10,29,31,17,1,65,0,54,90,15,1,19566,7.02
Jose Trevino,NYY,48,133,24,2,1,6,18,21,9,0,18,1,40,87.6,6,1,16725,5.27
DJ LeMahieu,NYY,64,270,41,13,0,7,36,31,31,0,35,3,59,88.9,13,1,9874,7.27
Mark Canha,NYM,61,242,47,5,0,6,33,29,23,0,46,7,54,87.4,6,1,11445,6.80
Rafael Ortega,CHC,62,199,32,10,0,4,22,15,25,0,42,0,57,87,6,4,10323,5.32
Jonah Heim,TEX,52,189,23,9,0,10,24,29,16,0,38,0,65,89.7,11,2,16930,6.96
Kyle Farmer,CIN,62,246,41,16,0,5,27,38,16,0,34,6,52,85.8,10,4,14813,7.21
Ryan Mountcastle,BAL,62,263,41,14,0,12,32,37,13,1,67,1,63,93,29,2,18373,7.92
Jurickson Profar,SDP,74,323,42,17,2,8,47,38,40,0,50,3,77,87.9,11,4,10815,7.88
Seiya Suzuki,CHC,41,163,17,12,1,4,20,21,21,2,49,1,47,90.4,12,3,30116,7.41
Eugenio Suarez,SEA,73,312,36,14,1,13,35,37,34,0,101,4,74,88.2,25,0,12552,7.34
Andrew Benintendi,KCR,70,296,62,11,2,3,28,25,29,0,42,1,77,89.5,12,1,17901,6.54
Tyler Naquin,CIN,39,150,18,11,1,5,22,22,10,1,37,2,38,89.9,10,3,13359,7.59
Bryan Reynolds,PIT,69,291,43,8,3,12,32,25,27,2,69,2,60,88.1,11,3,19326,7.30
LaMonte Wade Jr.,SFG,10,32,5,0,0,1,4,5,5,0,5,1,6,94.4,1,0,18126,5.50
Anthony Santander,BAL,67,281,39,6,0,13,31,36,30,1,59,6,87,89.8,17,0,14551,7.24
Gosuke Katoh,TOR,8,11,0,1,0,0,2,0,3,0,1,0,2,83.3,0,0,15697,1.88
Jared Walsh,LAA,71,278,41,12,2,13,31,40,14,2,82,3,64,91.4,20,1,18607,7.24
Chris Taylor,LAD,67,262,31,19,3,6,30,27,26,2,91,2,56,88.3,17,6,13757,7.10
Joey Wendle,MIA,29,97,17,6,0,2,12,11,7,0,11,1,21,87.3,1,4,13853,6.31
Starling Marte,NYM,63,276,47,14,3,7,48,36,13,0,51,6,61,85.7,12,8,9241,8.75
Adolis Garcia,TEX,69,292,40,12,3,15,45,47,14,1,79,2,77,92.3,22,11,19287,9.09
Alek Thomas,ARI,44,165,27,7,0,6,24,15,12,0,30,2,32,87.7,9,4,23792,6.86
Seby Zavala,CHW,11,33,5,3,0,1,4,6,1,0,12,0,9,89.1,4,0,18887,5.64
Max Kepler,MIN,64,256,34,11,1,7,32,33,33,0,38,3,65,89.9,15,2,12144,6.98
Charlie Blackmon,COL,65,290,42,12,2,12,36,40,19,0,49,2,76,85.8,14,2,7859,8.09
Michael A. Taylor,KCR,52,191,36,3,2,5,22,21,19,0,43,1,56,87.6,10,1,11489,6.15
Willy Adames,MIL,53,224,19,10,0,15,36,39,19,0,61,1,67,90.7,23,1,15986,8.53
Tommy Pham,CIN,64,271,38,9,0,10,43,30,34,0,66,1,67,93,16,5,2967,7.81
Yonathan Daza,COL,59,209,50,9,1,0,27,17,14,0,24,3,41,85.7,5,0,15794,5.51
J.P. Crawford,SEA,69,293,47,15,1,5,31,19,30,0,44,5,69,84,7,3,15491,6.65
Yandy Diaz,TBR,64,256,45,8,0,3,28,15,38,0,28,3,50,91.7,6,1,16578,5.91
Christopher Morel,CHC,37,171,24,8,2,5,24,15,15,0,51,1,28,89.5,13,7,21897,8.73
Gavin Lux,LAD,64,232,45,10,2,2,38,17,24,0,42,0,54,86.7,10,5,19955,6.31
Lourdes Gurriel Jr.,TOR,65,254,45,17,0,4,26,32,15,0,45,5,73,90.5,9,2,19238,6.55
Cavan Biggio,TOR,36,110,9,6,1,2,14,11,19,0,32,2,22,88.7,7,1,19252,5.06
Ben Gamel,PIT,45,160,25,7,1,3,20,17,20,0,37,0,26,88.8,6,3,12160,6.16
Tommy Edman,STL,73,323,57,11,3,7,55,31,29,0,58,3,71,88.7,15,17,19470,8.78
Jake Burger,CHW,48,182,24,9,1,8,20,26,10,1,56,3,47,90.8,17,0,22275,6.77
Steven Kwan,CLE,56,221,44,7,3,1,28,18,23,1,17,3,63,85,3,4,24610,6.55
David Peralta,ARI,64,236,28,14,1,9,21,29,21,2,57,1,72,90.7,17,1,2136,6.33
Christian Vazquez,BOS,56,205,34,15,0,4,20,30,12,0,33,2,45,88.2,11,1,9774,6.25
Nolan Gorman,STL,34,124,18,4,0,6,18,17,8,0,40,2,35,90,10,0,22263,6.59
Francisco Lindor,NYM,73,323,45,11,2,12,45,56,28,1,63,6,89,88.8,16,8,12916,8.74
Keston Hiura,MIL,36,119,14,1,0,6,16,14,13,0,55,5,15,93.1,7,3,20003,6.06
Hunter Dozier,KCR,63,255,37,13,2,7,32,22,20,0,59,3,67,89.6,18,2,15117,6.76
Jorge Polanco,MIN,58,250,36,10,0,7,28,33,32,0,55,0,69,88.3,17,3,13152,7.40
Luis Robert,CHW,56,247,53,9,0,7,32,36,8,1,45,3,56,89.6,19,11,20043,8.73
Jake Cronenworth,SDP,73,329,41,18,2,7,47,41,32,1,64,10,101,87.4,12,1,18036,7.75
Brandon Belt,SFG,37,153,19,3,1,5,17,12,22,1,44,3,37,87.8,11,1,10264,6.62
Eric Hosmer,SDP,67,278,51,14,0,6,27,32,24,5,47,0,46,88.7,11,0,3516,6.85
Bobby Witt Jr.,KCR,69,287,32,16,5,11,40,37,17,1,69,3,92,91.3,20,11,25764,8.36
MJ Melendez,KCR,46,181,22,7,1,6,16,17,24,1,40,0,47,90.3,10,0,22197,6.20
Luke Voit,SDP,55,233,24,13,0,9,27,32,27,1,80,1,43,89.5,19,1,14811,7.42
Cal Raleigh,SEA,45,151,10,7,0,9,15,19,17,0,46,1,44,90.5,12,0,21534,5.76
Nico Hoerner,CHC,58,212,46,6,3,4,20,22,8,2,20,3,55,88.6,7,6,21479,6.41
Nelson Cruz,WSN,69,289,44,12,0,8,34,43,31,1,63,1,59,90.5,25,2,2434,7.28
Zack Collins,TOR,23,73,6,4,0,4,7,10,6,0,29,1,21,93.4,5,0,19181,5.48
Jack Suwinski,PIT,54,190,18,6,0,12,26,22,17,1,60,2,44,88.5,15,2,22244,6.48
Austin Barnes,LAD,27,88,8,2,0,4,14,11,14,0,17,1,25,89.5,4,0,12158,5.70
Jorge Soler,MIA,65,281,28,13,0,13,31,33,29,1,79,3,70,91.1,21,0,14221,7.28
Jean Segura,PHI,44,179,36,4,0,6,22,19,10,1,26,2,42,89.8,8,8,5933,7.64
Tucupita Marcano,PIT,19,68,11,3,0,2,9,5,5,0,16,0,15,86.4,2,1,22871,5.84
Jose Iglesias,COL,59,230,49,15,0,0,20,18,11,0,24,5,51,84.5,0,2,10231,5.76
Ke'Bryan Hayes,PIT,64,272,44,15,2,3,32,24,26,0,61,2,58,91.8,12,8,18577,7.20
Joey Votto,CIN,55,222,21,13,1,5,19,23,28,0,54,6,51,89.9,14,0,4314,6.15
Ryan McMahon,COL,71,290,39,13,2,6,29,37,34,0,79,3,60,91.7,17,0,15112,6.54
Christian Yelich,MIL,72,314,47,11,2,7,46,27,37,1,76,2,56,91.3,21,11,11477,7.82
Gabriel Moreno,TOR,10,34,10,1,0,0,3,4,1,0,2,0,9,87.7,0,0,22664,5.10
Jesse Winker,SEA,72,303,41,11,0,6,24,30,48,1,54,1,80,87.9,14,0,13590,6.19
Omar Narvaez,MIL,42,160,25,9,1,2,13,13,14,1,34,3,46,84.6,4,0,13338,5.62
Wilmer Flores,SFG,67,270,37,13,0,9,37,40,21,1,43,5,89,88.3,12,0,5827,7.07
Harold Castro,DET,48,165,30,8,2,4,18,17,4,0,30,1,38,88.5,10,0,14691,5.54
Thairo Estrada,SFG,68,262,44,12,1,6,40,31,16,0,39,5,48,86.3,5,11,16426,7.34
David MacKinnon,LAA,7,15,3,0,0,0,0,4,3,0,1,0,4,86.9,0,0,19625,3.29
Riley Greene,DET,8,35,7,0,0,0,6,2,7,0,5,0,5,81.4,0,1,25976,7.00
Gilberto Celestino,MIN,46,130,29,5,0,0,12,5,10,0,27,2,14,86.9,1,0,20233,3.70
Roberto Perez,PIT,21,69,10,2,0,2,8,8,9,0,25,0,12,89.3,4,0,2900,5.24
Carlos Santana,KCR,52,212,24,10,0,4,17,21,36,1,28,0,61,90.2,11,0,2396,6.00
Daniel Vogelbach,PIT,56,206,22,7,1,9,23,23,24,1,52,0,60,91,17,0,14130,6.09
Daulton Varsho,ARI,67,275,35,14,0,10,34,32,19,0,67,5,79,88.2,17,4,19918,7.09
Anthony Rendon,LAA,45,188,22,10,0,5,15,24,23,0,32,1,56,89.7,11,2,12861,6.71
Jesus Aguilar,MIA,64,267,41,12,0,9,24,31,18,0,63,1,78,87.7,14,0,11342,6.58
Seth Brown,OAK,69,241,24,14,2,10,23,36,18,1,65,1,68,90.4,19,7,18171,6.54
Curt Casali,SFG,38,118,18,3,0,4,13,14,12,0,33,1,30,87.8,4,0,12510,4.97
Teoscar Hernandez,TOR,48,199,25,12,1,7,23,28,11,0,54,2,44,92.1,18,3,13066,7.42
Corey Seager,TEX,69,303,38,9,0,15,35,32,28,3,54,1,90,90.8,24,3,13624,7.57
Kolten Wong,MIL,52,209,25,8,3,5,26,17,21,0,34,5,56,86.5,5,8,12532,7.06
Bo Bichette,TOR,71,320,49,15,0,12,40,39,19,0,80,0,67,91.1,19,5,19612,7.93
Dylan Carlson,STL,56,217,29,14,1,4,22,17,18,0,35,3,57,84.9,7,3,20126,6.07
Jace Peterson,MIL,64,192,23,8,2,6,26,25,19,1,48,1,43,88.1,10,9,12325,5.84
Josh Donaldson,NYY,55,232,27,12,0,6,21,20,27,0,61,3,52,91.2,15,1,5038,6.33
Matt Chapman,TOR,67,264,29,13,0,10,38,31,25,0,66,3,84,92,19,0,16505,6.66
Darin Ruf,SFG,63,240,33,7,0,6,33,26,32,0,63,3,51,89.9,11,2,9929,6.22
Santiago Espinal,TOR,72,277,44,18,0,5,27,32,20,1,49,1,73,87,10,3,19997,6.24
Garrett Hampson,COL,33,98,14,2,2,2,15,9,11,0,24,0,21,85.6,1,2,19262,5.09
Trevor Story,BOS,66,289,32,15,0,11,40,50,27,3,87,3,83,88.9,20,10,12564,8.74
Tyrone Taylor,MIL,58,218,24,13,1,9,22,32,11,0,48,3,70,89,13,1,13675,6.48
Jordan Luplow,ARI,45,129,6,2,0,10,20,20,14,1,37,3,36,87.6,8,4,16424,5.87
Michael Chavis,PIT,62,214,32,7,2,8,22,25,12,1,58,2,60,85.3,13,1,17321,5.74
Lane Thomas,WSN,65,227,29,10,1,8,27,30,19,0,57,1,60,88.1,11,1,16939,5.91
Jonathan Davis,MIL,5,21,5,0,0,0,1,1,3,0,6,0,1,83.7,0,1,15104,6.00
Trevor Larnach,MIN,51,180,19,13,0,5,22,18,18,1,57,0,41,90.1,12,0,21501,5.69
Brandon Lowe,TBR,32,133,13,5,2,5,20,12,12,0,34,2,36,89.8,9,1,18882,7.09
Wander Franco,TBR,46,195,32,11,2,4,27,19,10,1,21,0,45,88.5,8,4,23667,7.41
Ezequiel Duran,TEX,16,64,10,3,1,2,9,8,2,0,17,0,10,87.7,1,2,23733,7.56
Randy Arozarena,TBR,70,292,44,16,2,7,32,32,14,2,73,6,56,90.1,13,13,19290,7.64
Nick Allen,OAK,15,44,4,3,0,1,5,5,5,0,8,1,13,81.3,0,1,22277,4.93
Austin Wynns,SFG,13,36,5,2,0,1,4,5,3,0,7,0,9,79.9,1,0,15271,4.54
Albert Almora Jr.,CIN,38,136,24,5,1,5,16,24,3,0,23,0,30,84.5,3,2,14109,6.61
Austin Meadows,DET,36,147,24,6,2,0,9,11,16,0,17,3,49,88.2,7,0,15672,5.44
Miguel Cabrera,DET,62,242,57,7,0,3,16,23,12,2,64,2,38,90.1,10,0,1744,5.58
Owen Miller,CLE,61,246,33,19,0,4,33,33,19,1,49,2,62,87.8,6,1,24655,6.80
J.D. Davis,NYM,50,167,25,7,1,2,21,14,17,0,51,4,25,93.7,11,1,16219,5.10
Yadiel Hernandez,WSN,55,201,36,10,0,4,18,26,13,0,46,0,36,88.8,12,2,19334,5.85
Brendan Rodgers,COL,62,267,38,16,2,6,35,32,16,0,49,2,66,89.6,18,0,17907,7.10
Ramon Laureano,OAK,43,171,23,11,0,2,18,8,15,0,34,5,36,89.3,9,6,17128,6.19
Clint Frazier,CHC,19,45,5,3,0,0,4,1,7,0,11,1,8,85.9,1,1,15983,3.21
Adley Rutschman,BAL,29,116,10,11,1,2,14,7,8,0,22,2,31,91.3,6,0,26288,6.03
Franchy Cordero,BOS,46,155,17,10,1,3,22,20,16,0,42,1,35,91.3,11,1,14567,5.70
Gio Urshela,MIN,67,253,40,11,1,6,27,30,20,0,41,0,70,89.1,15,0,10681,5.93
Nick Castellanos,PHI,73,307,47,17,0,7,30,37,21,0,71,2,77,87.9,17,3,11737,6.73
Kole Calhoun,TEX,65,239,32,12,1,8,24,29,13,0,61,3,63,91,20,1,11200,5.95
Matt Reynolds,- - -,48,151,25,5,1,3,19,14,14,0,37,0,29,91.5,4,4,13788,5.25
Gary Sanchez,MIN,57,227,20,17,0,8,23,30,15,0,64,4,71,90.7,25,1,11442,6.56
Jesus Sanchez,MIA,60,221,26,7,3,10,28,27,12,0,64,2,51,88.9,16,1,19913,6.33
J.T. Realmuto,PHI,65,266,38,11,2,5,35,28,21,0,57,7,67,87.7,11,9,11739,7.11
Kris Bryant,COL,17,73,13,4,0,0,11,4,7,0,15,1,15,83.5,2,0,15429,6.18
Sean Murphy,OAK,66,267,28,16,1,8,25,30,21,1,66,5,73,88.4,18,0,19352,6.30
Josh Rojas,ARI,43,177,29,5,1,4,23,18,16,1,37,1,48,86.8,3,5,19734,7.05
Didi Gregorius,PHI,37,139,23,8,2,0,12,12,9,0,22,3,35,84.4,3,0,6012,5.32
Nick Ahmed,ARI,17,54,7,2,0,3,7,7,2,0,15,0,11,86.9,2,0,12147,5.47
Andrew McCutchen,MIL,60,260,43,9,0,6,28,30,21,0,51,3,65,88.3,14,5,9847,7.05
Tommy La Stella,SFG,28,100,14,8,0,2,10,11,4,0,15,1,29,90.6,3,0,12371,5.50
Marcell Ozuna,ATL,70,297,39,9,0,14,35,32,19,0,68,2,90,89.5,29,2,10324,6.97
Ozzie Albies,ATL,62,263,36,15,0,8,34,33,15,0,46,2,88,87.1,11,3,16556,7.19
Cedric Mullins II,BAL,72,318,51,16,1,6,37,28,18,1,59,5,103,89,14,16,17929,7.76
Mitch Haniger,SEA,9,36,3,1,0,3,3,7,1,0,9,0,13,93.3,5,0,14274,7.33
Chas McCormick,HOU,49,172,20,7,1,6,17,16,15,0,42,1,44,87.9,12,1,19599,5.43
Kevin Newman,PIT,14,52,7,4,1,0,4,8,4,0,7,0,18,84.8,0,1,17696,6.14
Jake McCarthy,ARI,31,86,11,3,1,3,16,9,5,0,30,1,17,90.6,5,1,21622,4.94
Jo Adell,LAA,25,87,13,5,0,3,5,10,3,0,30,0,17,90.1,7,1,20220,5.40
Amed Rosario,CLE,62,269,53,10,5,2,35,19,12,0,39,1,56,88.6,8,8,15518,7.15
Sam Huff,TEX,27,75,17,2,0,1,4,5,4,0,21,0,10,86,2,1,22209,3.78
Dylan Moore,SEA,50,120,10,1,2,3,18,10,16,1,31,7,32,87.5,8,10,18042,4.70
Luis Urias,MIL,47,194,26,4,0,6,23,18,22,0,45,3,48,86.8,9,1,16622,6.28
Stephen Piscotty,OAK,14,47,7,1,0,1,4,3,6,1,12,1,5,92.5,1,2,13367,5.43
Keibert Ruiz,WSN,56,229,37,14,0,2,18,15,17,0,23,2,61,87.7,6,3,19610,5.71
Richie Palacios,CLE,29,70,14,5,0,0,3,10,3,0,11,0,16,85.4,1,1,24589,3.59
Harrison Bader,STL,72,264,48,7,3,5,35,21,13,0,47,4,88,83.5,8,15,18030,6.58
Max Stassi,LAA,46,171,23,6,0,4,14,14,21,0,49,0,28,89.5,11,0,10059,5.15
Odubel Herrera,PHI,48,157,20,9,1,5,18,17,8,0,31,0,36,87.1,7,4,11476,5.60
Alex Verdugo,BOS,67,282,45,16,0,5,31,39,19,2,30,1,78,89.2,16,0,17027,6.70
Marwin Gonzalez,NYY,40,92,12,6,0,2,10,7,6,0,24,1,22,90.5,3,0,5497,3.35
Daz Cameron,DET,18,61,8,3,1,1,5,8,4,0,18,1,19,90.7,4,2,18353,5.72
Ha-seong Kim,SDP,67,263,34,12,2,4,27,26,25,0,51,5,73,83.7,10,4,27506,6.03
Christian Bethancourt,OAK,49,158,21,11,0,4,21,18,7,0,37,1,37,92.2,17,4,10028,5.55
Brandon Crawford,SFG,63,243,33,8,2,5,26,30,21,2,50,7,64,86.9,14,1,5343,6.06
Matt Vierling,PHI,38,101,16,3,0,3,13,7,7,0,20,1,31,92.1,6,2,21558,4.18
Randal Grichuk,COL,61,234,41,6,0,7,25,34,12,0,64,3,48,88.3,6,2,10243,6.25
Mike Moustakas,CIN,50,190,25,8,0,3,22,15,20,0,37,5,62,87.4,6,2,4892,5.58
Mitch Garver,TEX,43,171,17,6,0,7,16,16,18,0,44,1,54,88.7,7,1,15161,6.00
Mike Ford,- - -,18,43,5,1,0,0,1,5,9,0,12,1,8,92.5,1,0,15585,2.89
Salvador Perez,KCR,57,236,22,13,1,11,25,34,9,1,65,4,78,91.4,17,0,7304,6.93
Colin Moran,CIN,37,117,14,3,0,4,8,22,14,0,27,0,24,90,6,0,16909,5.00
Cody Bellinger,LAD,66,270,29,13,2,9,32,28,20,0,81,1,77,90,14,9,15998,7.05
Aaron Hicks,NYY,63,225,36,2,1,3,24,18,31,2,51,3,54,87.7,4,7,5297,5.51
Frank Schwindel,CHC,62,245,36,10,0,8,21,33,15,1,49,0,66,87.9,10,0,15351,6.10
Ryan Jeffers,MIN,49,176,17,9,0,5,19,20,20,0,51,0,51,88.6,18,0,24618,5.39
Luis Rengifo,LAA,41,147,22,5,2,3,13,9,8,0,24,2,38,86.8,5,1,19858,5.02
Dee Strange-Gordon,WSN,23,59,16,1,1,0,6,2,0,0,8,0,10,84.4,0,3,8203,4.00
Eduardo Escobar,NYM,68,286,33,16,3,6,30,30,23,0,73,0,87,88,12,0,6153,6.31
A.J. Pollock,CHW,55,212,32,12,1,4,27,23,10,0,42,1,61,88.5,16,1,9256,6.02
Jose Azocar,SDP,57,112,19,4,3,0,11,7,8,0,28,0,23,88.3,2,3,18821,2.95
Cesar Hernandez,WSN,74,329,62,16,2,0,40,18,20,0,59,3,66,85,8,3,10556,6.20
Gavin Sheets,CHW,48,164,22,6,0,5,11,12,12,0,36,2,54,88,9,0,19901,4.58
Ramon Urias,BAL,49,188,23,10,0,6,22,18,11,0,48,1,36,91.3,12,0,18795,5.78
Pavin Smith,ARI,64,240,29,6,0,9,20,31,24,1,63,1,68,88.9,18,1,19892,5.72
Cooper Hummel,ARI,41,120,10,4,2,2,10,9,19,0,38,0,19,87.4,5,2,19458,4.20
Max Muncy,LAD,56,230,19,5,1,5,26,20,44,1,49,1,67,87.8,15,0,13301,5.79
Nick Gordon,MIN,56,166,28,6,3,2,17,9,6,0,39,2,36,91,13,3,16337,4.30
Kurt Suzuki,LAA,24,83,10,3,0,2,7,9,9,0,17,1,24,84.8,3,0,8259,4.88
Tyler O'Neill,STL,45,185,29,6,1,4,22,28,14,0,54,0,40,88.8,11,6,15711,7.18
Alec Bohm,PHI,71,288,52,12,1,4,35,26,15,0,61,1,56,90,15,1,21618,5.96
Willi Castro,DET,50,168,28,8,2,2,18,13,5,0,31,3,43,82.9,3,2,17338,4.96
Joey Gallo,NYY,60,207,18,4,0,9,24,18,28,0,81,0,47,88.9,19,1,14128,5.15
Albert Pujols,STL,39,132,14,4,0,4,11,17,13,0,24,4,37,90.3,7,1,1177,5.05
Adam Engel,CHW,56,158,22,11,1,1,18,10,10,1,44,2,36,88.4,1,9,15082,4.75
Kevin Kiermaier,TBR,56,189,28,6,0,7,26,17,9,0,55,1,36,88.3,10,5,11038,5.63
Alejo Lopez,CIN,30,69,13,2,0,0,6,1,6,0,10,2,12,85.7,0,2,21127,2.97
Mauricio Dubon,- - -,42,105,16,4,0,3,14,15,6,0,5,0,45,85.2,4,1,16530,4.12
Miguel Rojas,MIA,62,229,37,6,1,6,21,19,13,1,26,3,61,86.5,6,4,7802,5.53
Austin Nola,SDP,51,197,32,7,0,2,22,23,16,0,31,5,54,91,4,1,15941,5.65
Victor Reyes,DET,22,74,16,3,1,0,6,5,2,0,14,0,16,91.3,3,0,15487,4.41
Alfonso Rivas,CHC,47,140,21,2,1,3,15,22,15,1,44,1,17,86.9,3,2,21560,4.87
Yuli Gurriel,HOU,66,260,28,21,0,5,23,19,14,0,37,3,90,87.3,5,3,19198,5.64
Willians Astudillo,MIA,17,38,9,0,0,1,5,4,1,0,2,0,10,84,0,1,15608,3.65
Jose Miranda,MIN,39,137,16,9,0,4,10,16,6,0,31,1,38,89.9,5,0,20538,5.10
Pablo Reyes,MIL,4,15,4,0,0,0,1,0,1,0,2,0,4,83.7,0,0,16357,4.00
Josh VanMeter,PIT,35,107,15,1,2,3,10,9,9,0,26,0,28,86.5,5,2,15170,4.63
Isiah Kiner-Falefa,NYY,65,245,48,11,0,0,36,18,16,2,37,3,49,85.7,1,10,16512,6.14
Josh Harrison,CHW,49,165,22,8,2,1,22,9,7,0,25,9,47,88.1,6,1,8202,4.71
Marcus Semien,TEX,70,310,45,11,1,7,35,27,24,0,53,1,106,86.2,12,12,12533,7.17
Justin Turner,LAD,67,279,30,20,0,4,31,37,26,1,49,1,89,88.7,15,1,5235,6.37
Luis Barrera,OAK,32,85,12,5,0,1,3,7,6,0,17,1,17,87.1,2,3,19615,3.75
Riley Adams,WSN,26,84,11,1,0,3,8,5,8,0,24,1,22,90.6,5,0,19864,4.31
Eric Haase,DET,41,124,16,4,1,4,15,13,8,0,31,0,32,86,7,0,14111,4.59
Rougned Odor,BAL,63,215,19,10,3,7,25,29,12,0,53,4,78,87.1,10,0,12282,5.41
Maikel Franco,WSN,72,287,47,15,0,6,22,32,10,0,56,0,77,87.4,11,0,12179,5.61
Joey Bart,SFG,36,108,9,1,0,4,12,7,15,0,49,3,12,89.4,3,1,21524,4.19
Trent Grisham,SDP,72,276,27,10,2,6,29,27,30,0,70,3,63,86.1,11,2,18564,5.49
Chad Pinder,OAK,51,189,29,9,0,5,16,16,7,0,63,0,34,88.6,8,2,15191,5.29
Hoy Park,PIT,16,45,5,1,0,2,5,6,2,0,13,1,10,82.3,2,1,18027,4.56
Nick Solak,TEX,26,75,11,1,0,2,11,3,5,0,17,3,13,88.4,3,3,19294,4.50
Raimel Tapia,TOR,62,213,36,12,0,3,23,20,7,0,39,0,46,87.9,11,4,14350,5.13
Johan Camargo,PHI,47,153,26,3,0,3,8,15,13,0,33,0,36,86.6,3,0,14950,4.15
Robbie Grossman,DET,57,225,32,7,0,2,18,18,26,0,67,4,57,86.8,6,2,5254,5.14
Brad Miller,TEX,54,164,24,1,0,7,15,27,12,0,45,0,44,91.2,9,4,12775,5.09
Javier Baez,DET,60,244,29,13,1,7,20,25,11,0,58,2,56,87.9,16,3,12979,6.02
Brandon Marsh,LAA,67,242,37,7,0,6,25,30,16,1,84,2,47,89.1,12,4,20202,5.58
Victor Robles,WSN,63,187,29,7,1,1,24,19,10,0,49,6,35,83,5,6,18363,4.57
Tony Kemp,OAK,68,262,41,9,0,2,24,12,23,0,33,5,72,84.7,2,5,14894,5.01
Elvis Andrus,OAK,68,246,30,17,0,3,25,11,18,0,35,1,75,88.6,6,3,8709,4.85
Bobby Dalbec,BOS,67,203,24,6,1,5,23,17,18,0,57,3,54,89.9,11,1,19966,4.28
Christian Arroyo,BOS,36,103,13,3,0,4,11,13,3,0,17,3,31,88.3,10,3,16434,4.69
Geraldo Perdomo,ARI,66,225,29,5,2,2,22,14,29,0,52,2,43,84.9,4,1,22799,4.35
Bryan De La Cruz,MIA,55,142,20,4,0,4,15,14,10,0,34,1,23,88.7,6,2,19600,3.82
Trayce Thompson,- - -,12,33,4,1,0,1,3,7,3,0,15,0,4,83.3,1,1,9952,4.83
Enrique Hernandez,BOS,51,238,25,16,0,4,27,24,18,0,38,2,90,87.8,13,0,10472,6.61
Matt Duffy,LAA,45,143,31,4,0,0,7,5,9,0,30,0,26,86.5,2,0,13836,3.44
Adam Duvall,ATL,72,273,29,11,1,8,32,27,21,0,89,2,85,88,18,0,10950,5.47
Emmanuel Rivera,KCR,44,147,15,5,3,4,14,16,8,0,34,2,36,91.4,11,0,19890,4.86
Elias Diaz,COL,50,177,24,6,1,4,13,18,13,0,35,0,43,88.1,6,0,11680,4.76
Stephen Vogt,OAK,17,52,4,0,0,3,7,4,5,0,14,1,13,87.2,3,0,5000,4.47
Adam Frazier,SEA,73,303,46,12,1,2,28,21,27,1,34,1,77,84.8,3,2,15223,5.37
Seth Beer,ARI,27,93,13,3,0,1,4,9,8,1,24,3,18,87.5,2,0,20493,4.22
Spencer Torkelson,DET,65,236,27,9,0,4,19,16,25,0,61,2,54,88.8,10,0,27465,4.46
Jonathan Villar,CHC,46,166,24,6,2,2,19,15,11,0,42,0,27,90.2,3,6,10071,5.61
Jake Hager,ARI,21,51,8,1,0,0,3,3,7,0,15,0,11,79.5,1,0,12198,2.62
Travis Demeritte,ATL,26,96,14,2,0,3,9,6,6,0,32,0,19,88.8,4,0,15958,4.77
Luke Williams,- - -,29,47,8,2,0,0,7,4,4,0,14,0,9,79.7,0,3,19931,2.72
Sheldon Neuse,OAK,55,203,36,3,2,2,19,17,13,0,55,2,23,89.6,3,6,19635,5.29
Ryan McKenna,BAL,48,79,12,5,0,0,10,4,4,1,31,2,9,84.6,3,1,19928,2.25
Yan Gomes,CHC,37,124,21,5,0,3,9,8,2,0,23,0,32,85.1,3,0,9627,4.22
Willie Calhoun,TEX,18,53,2,3,0,1,7,2,8,0,6,1,19,89.8,1,0,17838,3.72
Oneil Cruz,PIT,7,28,4,3,0,0,4,7,0,0,7,0,9,91.1,2,1,21711,7.71
Dominic Smith,NYM,42,109,13,5,1,0,8,14,9,0,26,4,26,90,2,0,15653,3.38
Nick Senzel,CIN,46,181,32,5,0,1,21,12,11,0,35,2,41,88.3,5,5,19293,5.39
Eli White,TEX,47,117,16,2,0,3,16,10,11,0,41,0,27,86.4,3,12,19346,4.72
Avisail Garcia,MIA,58,235,38,7,0,5,21,21,8,0,64,4,46,88.8,13,3,5760,5.55
Miguel Andujar,NYY,12,43,9,2,0,0,4,3,1,0,7,0,14,85.1,2,3,15878,5.67
Oscar Mercado,CLE,49,119,12,6,1,4,17,16,3,0,27,1,46,86.6,6,2,16375,4.04
Whit Merrifield,KCR,71,320,48,15,0,3,33,30,22,0,46,0,97,87.3,11,10,11281,6.61
J.J. Matijevic,HOU,8,16,0,0,0,2,2,2,0,0,8,0,4,93,1,0,20165,3.50
Franmil Reyes,CLE,40,166,24,4,0,4,11,14,11,0,67,1,28,94.3,13,0,14566,5.15
Tyler Nevin,BAL,37,138,17,2,0,2,17,13,16,0,32,4,35,87.2,4,0,17893,4.89
Jonathan India,CIN,21,90,14,3,0,1,6,6,3,0,20,4,21,83.9,2,1,21523,5.24
Luke Maile,CLE,24,68,5,6,0,0,8,5,8,0,17,0,20,83.4,2,0,13355,3.63
Eloy Jimenez,CHW,11,39,6,1,0,1,2,7,2,0,10,0,7,92.6,2,0,17484,5.00
Jackie Bradley Jr.,BOS,65,222,28,14,1,1,12,22,15,0,45,0,49,88.3,7,2,12984,4.31
Leody Taveras,TEX,12,31,6,1,0,0,3,0,2,0,7,0,12,91.3,1,1,18900,3.17
Guillermo Heredia,ATL,37,60,1,2,1,3,9,6,6,0,26,0,14,86.1,5,0,18721,2.51
Jorge Mateo,BAL,67,243,28,10,2,5,23,17,12,0,78,3,56,86.6,10,19,17273,6.04
Myles Straw,CLE,68,289,38,12,1,0,42,8,33,0,48,1,69,86.1,1,11,17620,5.96
Rodolfo Castro,PIT,21,78,10,2,1,1,6,4,5,0,19,2,20,87,3,2,21987,4.86
Alan Trejo,COL,11,40,7,1,0,1,6,6,1,0,9,0,11,87.8,2,0,20056,5.64
Wil Myers,SDP,32,134,22,6,0,1,13,19,8,1,38,0,32,88.2,4,0,10047,5.88
Ildemaro Vargas,CHC,10,26,1,0,1,1,4,4,3,0,2,0,6,90.6,0,0,13324,4.30
Francisco Mejia,TBR,42,131,17,9,0,3,15,14,1,0,31,0,31,86,3,0,16403,4.43
Jason Heyward,CHC,48,151,21,5,1,1,15,10,11,0,32,3,40,87.6,5,1,4940,3.94
Aledmys Diaz,HOU,42,137,23,2,0,3,11,14,7,0,26,1,34,85.8,5,0,15937,4.17
Nicky Lopez,KCR,66,230,36,8,1,0,23,6,16,0,33,3,45,84.1,2,5,19339,4.20
Robinson Chirinos,BAL,41,139,10,8,0,2,7,15,14,0,42,3,34,84.4,7,1,3142,4.22
Jose Siri,HOU,45,141,15,4,2,3,18,9,9,0,45,2,32,89.1,6,6,17452,4.82
Diego Castillo,PIT,60,196,22,6,0,7,19,18,9,0,51,2,56,90,14,1,19906,4.45
Tyler Wade,LAA,63,155,26,5,0,1,22,8,8,0,32,1,35,83.6,2,7,15730,3.59
Reese McGuire,CHW,43,136,21,7,0,0,12,10,6,0,23,2,44,84.4,3,0,15674,3.67
Derek Hill,DET,31,92,16,2,0,1,8,3,5,0,28,0,15,85.2,2,3,16947,3.71
Andy Ibanez,TEX,40,128,21,4,0,1,13,9,9,0,21,0,44,88.3,6,3,18819,4.25
Yoshi Tsutsugo,PIT,35,135,15,3,0,2,8,15,18,0,31,0,34,88.8,5,0,27459,4.63
Yasmani Grandal,CHW,50,201,27,3,0,2,6,15,27,1,45,0,51,89.9,8,1,11368,4.38
Sam Haggerty,SEA,13,18,2,1,0,0,2,1,0,0,4,2,4,91.1,0,1,18054,2.00
Nick Plummer,NYM,14,31,1,1,0,2,4,6,1,0,12,1,5,89.1,2,0,18690,3.71
Josh Lowe,TBR,25,96,10,4,2,1,12,7,7,1,37,0,19,90,4,2,19953,5.60
Alcides Escobar,WSN,35,125,20,4,2,0,11,8,5,0,30,2,29,81.7,1,1,6310,4.37
Andrew Knizner,STL,44,136,17,4,0,1,9,12,13,0,29,3,37,85.7,3,0,19514,3.52
Adam Haseley,CHW,8,21,4,0,0,0,1,1,2,0,6,0,0,82.9,0,0,19878,2.50
Ivan Herrera,STL,8,11,2,0,0,0,0,1,1,0,4,0,2,84.9,0,0,20599,1.25
Erik Gonzalez,MIA,13,38,6,1,0,0,4,3,4,0,11,0,4,85.1,0,1,13369,3.85
Buddy Kennedy,ARI,8,27,1,0,1,1,4,5,3,0,8,0,10,90.6,1,0,22505,5.63
Zach Reks,TEX,16,34,8,1,0,0,3,3,0,0,10,0,10,86.3,0,0,19667,2.56
Jeimer Candelario,DET,56,211,24,6,2,5,20,17,11,0,51,2,62,86.7,13,0,13621,4.79
Hanser Alberto,LAD,35,71,12,3,0,1,7,4,1,0,13,0,15,82.1,1,0,11902,2.43
Max Schrock,CIN,7,11,3,0,0,0,0,1,0,0,2,0,1,77.5,0,0,17750,1.57
CJ Abrams,SDP,27,90,11,3,0,1,11,6,4,0,17,4,23,85.5,2,1,25768,4.19
Richie Martin,BAL,10,30,3,0,2,0,4,3,2,0,9,0,7,88.3,1,2,17736,5.30
Payton Henry,MIA,15,35,4,0,0,0,2,4,5,0,8,2,2,79.5,0,0,22164,2.53
Calvin Mitchell,PIT,26,88,9,5,0,2,4,7,4,0,23,0,18,90.6,2,1,22169,4.12
Jonathan Schoop,DET,70,274,32,12,1,6,21,21,10,0,57,2,70,88,12,1,11265,4.81
Matt Davidson,- - -,13,37,3,0,0,2,3,3,3,0,13,0,9,87.3,3,0,7226,3.62
Luis Torrens,SEA,36,118,22,2,0,0,8,8,8,0,38,1,15,88.9,2,0,15905,3.50
Jacob Stallings,MIA,57,185,27,4,0,2,17,21,15,0,45,1,40,85.4,4,0,13723,4.02
Ryan O'Hearn,KCR,31,59,9,1,0,1,4,7,4,0,17,0,5,92.6,1,0,16442,2.32
Charlie Culberson,TEX,40,69,14,1,0,0,13,7,3,0,19,0,9,84.5,1,2,3298,2.58
Taylor Walls,TBR,62,204,19,8,1,3,19,9,19,0,53,1,52,86.3,7,5,22458,4.13
Travis Jankowski,NYM,33,48,9,0,0,0,11,2,5,0,7,0,6,79,0,3,13768,2.36
T.J. Friedl,CIN,29,100,12,4,2,0,13,7,5,0,18,2,34,87,2,5,19522,5.21
Lars Nootbaar,STL,28,68,6,2,0,2,9,7,6,0,23,0,8,91.5,2,1,21454,3.46
Jonah Bride,OAK,12,44,8,1,0,0,1,1,3,0,3,0,15,86,1,0,24703,3.25
Jed Lowrie,OAK,46,167,21,4,0,3,14,16,14,0,38,0,50,85.8,3,1,4418,4.48
Kevin Plawecki,BOS,27,83,8,2,0,1,6,5,9,0,17,2,22,89.4,0,0,13807,3.26
Abraham Toro,SEA,59,210,18,7,1,7,21,18,12,1,32,1,79,87.5,14,1,19844,4.71
Tucker Barnhart,DET,48,153,27,4,0,0,6,7,10,0,46,0,27,84.8,1,0,10200,3.06
James McCann,NYM,23,72,9,2,0,1,6,6,2,0,14,4,21,89.9,4,1,12859,3.83
Corey Dickerson,STL,38,106,14,3,0,2,11,11,6,1,20,1,30,86.8,4,0,10762,3.61
Nick Madrigal,CHC,31,115,21,3,0,0,8,2,5,0,17,1,17,86.4,0,1,20521,3.71
Kyle Higashioka,NYY,41,122,11,4,0,4,14,12,6,0,28,1,43,92,10,0,5517,3.88
Chad Wallach,LAA,10,36,3,1,0,1,3,4,3,0,7,0,10,87.5,2,0,17161,4.40
Yoan Moncada,CHW,29,113,13,3,0,3,8,12,6,1,31,1,27,87.6,5,0,17232,4.83
Kyle Isbel,KCR,37,103,16,4,1,0,8,8,3,0,23,1,22,91.2,3,2,21614,3.41
Sam Hilliard,COL,41,126,11,4,1,2,13,12,12,0,34,0,31,91.6,9,2,17954,4.02
Tomas Nido,NYM,45,143,26,3,0,0,10,13,6,0,42,1,22,86.7,3,0,13755,3.40
Jarred Kelenic,SEA,30,96,6,2,1,3,10,10,9,0,36,0,25,84.5,5,4,22558,4.80
Donovan Walton,- - -,20,62,2,7,0,1,9,8,1,0,11,1,16,85.4,3,0,19314,4.45
Yadier Molina,STL,40,138,22,5,0,2,10,10,2,0,23,0,48,87.2,4,1,7007,4.00
Aristides Aquino,CIN,31,90,8,4,0,3,10,7,3,0,41,0,18,84.8,5,2,15482,4.00
Jason Krizan,SFG,3,10,1,0,0,0,0,0,2,0,3,0,2,94.5,0,0,12394,2.33
Kevin Smith,OAK,47,151,13,9,1,2,9,13,7,0,42,0,45,87,8,4,20242,4.04
Alex Kirilloff,MIN,19,64,8,4,0,0,4,9,2,0,19,1,17,90.9,1,0,20325,4.00
Ernie Clement,CLE,41,113,17,3,0,0,12,5,7,0,18,2,28,86,4,0,20352,2.88
Jack Mayfield,LAA,23,74,10,1,1,1,8,6,3,0,17,1,22,84.5,1,1,15402,4.09
Dom Nunez,COL,12,36,3,1,0,0,3,2,6,0,7,0,14,85.3,1,0,15055,3.00
Brett Phillips,TBR,54,158,15,4,0,4,15,10,11,0,65,1,32,88.9,4,6,14735,3.87
Bryson Stott,PHI,46,157,16,4,0,4,19,20,11,0,38,0,49,85.7,4,2,26294,4.74
Tyler Heineman,- - -,32,87,11,4,0,0,9,4,5,0,11,1,25,82.7,0,1,13897,3.00
Austin Hedges,CLE,49,160,17,1,0,5,13,15,10,0,40,2,47,83.5,4,1,12976,3.90
Martin Maldonado,HOU,52,181,13,6,0,5,18,16,13,0,57,2,45,91,10,0,6887,4.17
Alex Jackson,MIL,5,12,3,0,0,0,0,0,0,0,7,0,1,79.7,0,0,17276,1.80
Mike Zunino,TBR,36,123,9,3,0,5,7,16,6,0,46,1,38,91.8,6,0,13265,4.22
Drew Ellis,- - -,7,17,2,1,0,0,2,1,1,0,7,0,3,88.4,0,0,19873,2.71
Steven Duggar,- - -,13,40,4,3,0,0,2,4,2,0,16,0,10,92.8,2,4,17719,4.85
Justin Upton,SEA,9,34,3,1,0,0,0,2,4,0,13,1,8,86.3,0,0,5222,3.11
David Fletcher,LAA,14,41,3,2,1,0,2,2,3,0,2,0,14,82.8,0,0,17992,2.93
Steele Walker,TEX,5,16,0,0,0,1,1,1,2,0,4,0,5,88.2,2,0,22093,3.60
Patrick Mazeika,NYM,17,51,4,3,0,1,3,4,2,0,6,0,17,84.7,2,0,18142,3.24
Andrew Velazquez,LAA,67,208,23,6,0,4,21,18,9,0,67,3,44,89.9,7,10,14196,4.34
Jermaine Palacios,MIN,8,28,5,0,0,0,3,2,2,0,7,0,6,89.5,1,0,18371,3.63
Yu Chang,- - -,22,59,5,1,0,1,5,2,4,0,25,3,18,90.3,3,0,14773,2.64
Jose Herrera,ARI,33,90,14,2,0,0,6,4,6,0,28,0,10,84.1,0,0,17040,2.55
Kody Clemens,DET,17,41,3,1,0,1,5,5,4,0,10,0,13,87.9,0,0,20572,3.06
Edmundo Sosa,STL,39,90,13,2,1,0,13,4,2,0,23,3,24,87.9,2,1,17022,2.72
Lorenzo Cain,MIL,43,156,20,5,0,1,17,9,8,0,36,2,31,87.9,0,2,9077,4.12
Aramis Garcia,CIN,40,103,15,2,0,1,5,4,3,0,29,2,26,87.4,2,0,16925,2.33
Kevin Padlo,- - -,9,22,3,1,0,0,0,3,1,0,8,0,6,95,0,0,16593,2.44
Kelvin Gutierrez,BAL,12,33,3,1,0,0,2,3,4,0,8,0,6,89.6,1,1,17468,3.08
Vidal Brujan,TBR,39,135,13,5,0,2,9,15,9,0,31,0,34,86,2,3,20536,4.23
Jake Fraley,CIN,15,48,2,2,0,1,5,3,4,0,12,1,14,85.2,1,1,19260,3.80
Chris Owings,BAL,27,68,4,2,0,0,6,0,10,0,24,1,8,80.4,1,1,10030,2.26
Leury Garcia,CHW,51,182,26,5,0,2,18,12,4,0,39,1,43,87.2,8,1,5913,3.88
Akil Baddoo,DET,17,55,5,1,0,1,5,2,5,0,15,0,15,84.2,1,1,22168,3.47
Juan Lagares,LAA,20,62,8,2,1,0,4,0,2,0,15,0,21,88.4,1,0,5384,2.70
Michael Hermosillo,CHC,17,35,1,1,0,0,2,2,4,0,14,3,4,85.8,3,0,16285,1.76
Bradley Zimmer,TOR,51,73,2,4,0,1,7,1,5,0,30,3,11,87.7,3,1,16221,1.43
Cristian Pache,OAK,65,205,24,5,1,2,15,13,11,0,54,0,36,89.9,6,1,19948,3.20
Mickey Moniak,PHI,9,29,4,0,0,0,2,1,3,0,11,0,3,80.4,0,0,19956,2.67
Bryan Lavastida,CLE,6,15,1,0,0,0,0,0,3,0,4,0,3,87.6,0,0,24765,1.50
Anthony Bemboom,BAL,22,59,3,2,0,1,4,1,6,0,17,0,13,90.1,2,0,13854,2.32
Lenyn Sosa,CHW,3,10,0,1,0,0,2,0,1,0,3,0,1,83.1,0,0,22896,3.67
Paul DeJong,STL,24,86,6,3,0,1,6,7,7,0,25,1,26,86.8,3,3,18015,4.17
Roman Quinn,PHI,23,40,5,1,0,0,8,3,3,0,15,0,9,90.9,1,4,13546,2.96
Rene Pinto,TBR,10,29,4,0,0,1,1,3,0,0,15,0,8,90.5,1,0,19859,3.00
Miguel Sano,MIN,17,65,4,0,0,1,1,3,9,0,21,1,21,93.8,5,1,12164,3.24
Andrew Knapp,PIT,11,35,3,1,0,0,2,2,3,0,9,1,6,85.3,0,0,14942,2.73
Chris Okey,CIN,7,13,2,0,0,0,3,0,0,0,5,1,2,86.2,0,0,19245,2.00
Michael Perez,PIT,27,83,7,0,0,3,4,6,5,0,22,0,28,91.3,4,1,12977,3.19
Alex Dickerson,ATL,13,36,3,0,0,1,3,2,3,0,9,0,11,90.1,2,0,12649,2.69
Manny Pina,ATL,5,17,2,0,0,0,1,2,1,0,1,1,6,81.9,1,0,2829,3.20
Elehuris Montero,COL,7,21,3,1,0,0,1,0,0,0,8,0,6,92.6,3,0,20543,2.29
Sergio Alcantara,- - -,44,94,10,2,1,1,9,10,3,0,24,0,24,86.1,2,0,16417,2.32
Ehire Adrianza,WSN,11,34,4,1,0,0,1,1,2,0,9,0,8,87.2,0,0,8418,2.27
Andrelton Simmons,CHC,27,68,12,0,0,0,6,7,2,0,11,0,14,81.5,0,3,10847,3.00
Jake Marisnick,PIT,22,52,6,2,0,0,5,1,2,0,13,0,13,85.9,0,1,11339,2.23
Phil Gosselin,ATL,5,10,2,0,0,0,2,0,0,0,4,0,3,93.4,0,0,10953,2.00
Jake Meyers,HOU,3,10,2,0,0,0,0,0,0,0,5,0,0,87.3,0,0,20308,2.00
Heliot Ramos,SFG,7,14,2,0,0,0,2,0,1,0,3,0,3,92.8,1,0,22515,1.71
Mark Mathias,MIL,6,17,1,0,0,1,2,4,0,0,4,0,6,90.8,1,1,18032,5.00
Cole Tucker,PIT,18,63,9,1,1,0,3,2,0,0,25,0,10,82.4,3,1,17326,3.06
Robinson Cano,- - -,24,77,10,0,0,1,4,4,3,0,21,0,15,87.2,3,0,3269,2.58
Matt Beaty,SDP,17,40,2,1,1,0,6,1,2,0,6,1,12,84.2,0,0,17710,2.29
Rylan Bannon,BAL,4,15,2,0,0,0,0,0,0,0,5,1,3,88.7,0,0,19768,2.00
Adalberto Mondesi,KCR,15,54,7,0,0,0,3,3,4,0,20,0,9,88,1,5,13769,4.40
Carson Kelly,ARI,30,98,8,2,0,1,7,6,5,0,25,1,33,87.1,3,0,13620,2.73
Jason Castro,HOU,33,84,5,2,0,0,5,1,8,0,39,1,12,89,1,1,8722,1.82
Jonathan Arauz,- - -,8,20,1,0,0,1,2,3,0,0,5,0,6,86.6,1,0,20275,2.88
Kevin Pillar,LAD,4,13,0,1,0,0,1,0,1,0,4,0,3,88.2,1,0,12434,2.25
Jose Rojas,LAA,7,23,1,2,0,0,1,1,0,0,8,0,8,92.8,1,0,19331,2.43
Niko Goodrum,HOU,15,45,3,2,0,0,2,1,2,0,23,0,6,81.9,1,1,12092,2.27
Billy McKinney,OAK,23,57,3,1,0,1,3,4,4,1,16,0,16,83.8,2,0,15654,2.09
Austin Allen,OAK,5,16,1,0,0,0,1,0,1,0,9,1,3,92.7,0,0,18083,1.80
Steven Souza Jr.,SEA,6,19,3,0,0,0,0,1,0,0,8,0,5,83.3,0,0,5667,1.83
Eddie Rosario,ATL,15,49,2,1,0,0,4,0,5,0,10,0,12,85.9,0,0,12155,1.93
Eddy Alvarez,LAD,12,22,3,0,0,0,1,1,0,0,7,0,4,89.8,0,1,16959,1.50
Lewin Diaz,MIA,3,10,0,1,0,0,1,0,0,0,5,0,4,94,1,0,18365,2.33
Yonny Hernandez,ARI,12,28,2,0,0,0,2,0,2,0,4,0,1,82.3,0,2,19432,2.00
Mark Kolozsvary,CIN,6,11,0,1,0,0,0,1,0,0,5,0,0,90.7,0,0,21304,1.17
Bobby Bradley,CLE,8,17,2,0,0,0,1,0,0,0,9,0,2,87.5,0,0,17278,1.00
Lucius Fox,WSN,10,28,2,0,0,0,2,2,1,0,9,0,3,81.8,1,1,18899,2.10
Christian Lopes,OAK,4,10,0,0,0,0,0,0,1,0,5,0,1,91.1,0,0,13472,0.50
Michael Papierski,SFG,5,10,0,0,0,0,1,0,1,0,4,0,1,72.2,0,0,21386,0.80
Luis Campusano,SDP,4,13,1,0,0,0,1,1,0,0,2,0,5,85.6,1,0,22217,1.75
Estevan Florial,NYY,4,12,0,0,0,0,0,0,1,0,4,0,1,86.3,1,1,19151,1.75
Travis Shaw,BOS,7,19,0,0,0,0,0,0,0,0,7,0,7,79.3,0,0,11982,0.00
Aaron Whitefield,LAA,5,11,0,0,0,0,0,0,0,0,5,0,0,95.3,1,0,19938,0.00
Stuart Fairchild,- - -,8,11,0,0,0,0,1,0,0,0,5,0,3,84.5,0,0,20321,0.25
