playerId,Name,Tm,IP,TBF,FIP,HR,WHIP,FB%,HardHit%,K%
1157,Tommy Hunter,2 Tms,15,66,3.383720695,1,1.2,0.28571429,0.44444444,0.21212121
1246,Matt Bush,TEX,11.2,48,4.845820682,3,0.94285714,0.6,0.26923077,0.35416667
1247,Adam Ottavino,3 Tms,32,161,3.131854794,1,1.78125,0.30769231,0.31914894,0.26708075
1514,Oliver Perez,2 Tms,10.1,48,3.855385945,0,1.25806452,0.35897436,0.28205128,0.08333333
1581,Sean Doolittle,3 Tms,31,124,2.74957501,3,1.03225806,0.54666667,0.37179487,0.30645161
1890,Matt Moore,2 Tms,32.2,141,3.554243606,3,1.40816327,0.29166667,0.31632653,0.21985816
1943,Zack Greinke,2 Tms,131.1,513,3.518061495,12,0.99746193,0.26109661,0.28092784,0.18908382
1994,Ivan Nova,DET,11,51,6.645965242,2,1.63636364,0.25641026,0.33333333,0.05882353
2036,Clayton Kershaw,LAD,57.1,217,2.664990447,4,0.88953488,0.33108108,0.32885906,0.26267281
2233,Adam Wainwright,STL,181,740,3.969648218,20,1.14917127,0.31481481,0.28913444,0.19054054
2429,Corey Kluber,3 Tms,66.2,275,2.277672491,2,1.08,0.41436464,0.28415301,0.26181818
2520,Lance Lynn,2 Tms,123.1,517,3.889188607,17,1.19189189,0.4260355,0.30409357,0.25338491
2608,Jhoulys Chacin,2 Tms,49.2,216,5.069780386,5,1.34899329,0.3525641,0.29487179,0.13888889
2717,Rick Porcello,NYM,26,115,2.729881332,1,1.42307692,0.30952381,0.28235294,0.2
2859,Ross Detwiler,4 Tms,34.1,147,4.130056379,3,1.22330097,0.23469388,0.23232323,0.20408163
3096,Kenley Jansen,2 Tms,60.2,243,3.147403797,7,1.00549451,0.42857143,0.28467153,0.33744856
3132,Tony Watson,2 Tms,29,116,3.760911456,3,1,0.28205128,0.2625,0.22413793
3137,Max Scherzer,3 Tms,144,599,3.674141016,20,1.15277778,0.47513812,0.32880435,0.29382304
3184,David Price,LAD,34.2,154,3.765438196,3,1.38461538,0.28971963,0.23636364,0.19480519
3192,Will Harris,WSN,10.1,48,2.604565889,1,1.5483871,0.27586207,0.25806452,0.29166667
3200,Ervin Santana,KCR,26,116,6.477726432,7,1.57692308,0.48148148,0.39506173,0.18965517
3237,T.J. McFarland,2 Tms,33.2,133,4.410379253,6,1.18811881,0.21212121,0.33,0.20300752
3281,Joe Smith,3 Tms,17,74,3.624769771,1,1.29411765,0.49056604,0.24074074,0.17567568
3284,Anibal Sanchez,WSN,29.2,130,4.337487212,4,1.51685393,0.37894737,0.21875,0.18461538
3321,Darren O'Day,2 Tms,12,50,5.488751347,2,1.08333333,0.61538462,0.26923077,0.28
3542,Danny Duffy,KCR,20,83,4.028944818,4,1.1,0.45283019,0.33962264,0.30120482
3548,Liam Hendriks,2 Tms,57.1,216,1.874324633,7,0.73255814,0.47272727,0.32432432,0.44444444
4020,Yusmeiro Petit,OAK,39.1,150,4.80150239,6,0.88983051,0.47107438,0.25203252,0.12666667
4141,Derek Holland,2 Tms,28,112,2.676908088,1,1.10714286,0.2345679,0.32098765,0.21428571
4153,Jake Arrieta,3 Tms,71,336,6.133905137,15,1.81690141,0.28813559,0.34322034,0.16964286
4185,Rafael Dolis,TOR,23.2,108,3.476351004,1,1.56338028,0.40425532,0.26,0.33333333
4264,Mark Melancon,3 Tms,49.2,202,3.425405133,2,1.16778524,0.17880795,0.24183007,0.15841584
4301,Justin Wilson,3 Tms,20.2,87,4.578260954,3,1.25806452,0.40677966,0.29032258,0.1954023
4338,Tyler Chatwood,3 Tms,23.2,110,2.505122427,0,1.69014085,0.20967742,0.41935484,0.29090909
4676,Charlie Morton,2 Tms,139.1,580,3.657010988,17,1.10526316,0.36645963,0.3100304,0.31206897
4696,Nate Jones,3 Tms,14,70,10.46898715,7,1.92857143,0.44186047,0.46511628,0.2
4776,Matt Shoemaker,2 Tms,44,207,6.996316575,13,1.65909091,0.375,0.35064935,0.15458937
4806,Rich Hill,4 Tms,55,229,3.672500871,3,1.16363636,0.42957746,0.28767123,0.22707424
4930,Jon Lester,3 Tms,40.2,164,3.617039382,3,1.13114754,0.3495935,0.20634921,0.16463415
5003,Jake Diekman,2 Tms,40.1,178,3.384813196,2,1.43801653,0.26666667,0.18478261,0.30898876
5097,Anthony Gose,CLE,10.1,37,2.84204033,1,0.67741935,0.33333333,0.36842105,0.37837838
5114,Jeurys Familia,2 Tms,43.2,212,5.316484715,7,1.90076336,0.29230769,0.27480916,0.22641509
5221,Wade LeBlanc,2 Tms,20.2,95,6.175208075,4,1.40322581,0.4109589,0.32,0.10526316
5224,Blake Parker,2 Tms,32.2,133,3.082998257,3,1.16326531,0.30681818,0.34482759,0.27067669
5358,Jose Alvarez,2 Tms,40,170,3.638991757,2,1.225,0.22222222,0.21875,0.15294118
5372,Michael Pineda,2 Tms,69,298,4.413713614,11,1.42028986,0.39912281,0.33189655,0.17114094
5420,Pedro Baez,2 Tms,11.1,47,2.389628121,0,0.88235294,0.45714286,0.28571429,0.19148936
5448,Jesse Chavez,3 Tms,35.1,151,3.018092121,1,1.38679245,0.37623762,0.38235294,0.21854305
5524,Madison Bumgarner,ARI,61,261,4.948982926,11,1.19672131,0.4180791,0.31284916,0.21455939
5615,Ryan Brasier,BOS,21.1,106,4.004191552,2,1.921875,0.38888889,0.36111111,0.20754717
5640,Tyler Clippard,2 Tms,23,97,4.051376958,3,1.26086957,0.57142857,0.34285714,0.20618557
5702,Junior Guerra,2 Tms,30.2,167,7.219323706,4,2.44565217,0.32653061,0.30612245,0.16167665
6249,Trevor Cahill,2 Tms,28.2,124,4.645843237,4,1.39534884,0.37037037,0.25,0.20967742
6316,David Phelps,3 Tms,26,98,2.892548384,3,0.92307692,0.30508475,0.35,0.32653061
6345,Chris Archer,2 Tms,31,130,3.943644163,3,1.12903226,0.47126437,0.30681818,0.21538462
6397,Jake Odorizzi,2 Tms,68,288,3.955575181,5,1.33823529,0.44387755,0.3,0.19097222
6398,Trevor May,2 Tms,42.2,187,4.602561456,10,1.4296875,0.52427184,0.37142857,0.3368984
6399,Jose Cisnero,DET,30.1,141,3.968763148,2,1.64835165,0.36708861,0.325,0.26241135
6483,Steve Cishek,3 Tms,44.1,205,3.863492339,1,1.57894737,0.41121495,0.33027523,0.26341463
6562,Alex Cobb,3 Tms,86.1,383,3.629431275,7,1.48262548,0.23255814,0.29615385,0.21932115
6576,Robert Stock,3 Tms,10.2,56,6.463981864,1,2.25,0.2962963,0.40740741,0.23214286
6627,Brad Brach,2 Tms,15.1,72,7.217696535,3,1.82608696,0.47826087,0.2826087,0.15277778
6632,Carlos Carrasco,2 Tms,99,418,3.735593453,11,1.3030303,0.32352941,0.37090909,0.24641148
6655,Craig Kimbrel,3 Tms,46.2,202,3.056611763,6,1.2,0.48039216,0.34951456,0.37623762
6661,Alex Colome,3 Tms,47.2,217,4.256575057,5,1.46853147,0.25531915,0.32624113,0.21658986
6785,Andrew Miller,STL,25,97,2.174596399,1,0.88,0.42307692,0.32075472,0.35051546
6797,Julio Teheran,2 Tms,21.1,96,10.31274413,10,1.6875,0.46478873,0.41666667,0.10416667
6893,Johnny Cueto,2 Tms,106.1,462,4.334474537,13,1.41065831,0.39308176,0.31055901,0.2012987
6895,Chase Anderson,2 Tms,40.1,173,5.979110137,9,1.31404959,0.4,0.26446281,0.1849711
6902,Martin Perez,2 Tms,51.2,216,3.625345766,3,1.16129032,0.29220779,0.2173913,0.16666667
6941,Joakim Soria,3 Tms,19,82,4.598590496,3,1.36842105,0.36363636,0.42857143,0.2195122
6984,Luis Garcia,3 Tms,27.2,126,4.056176683,4,1.62650602,0.26582278,0.425,0.26190476
6986,Ian Kennedy,4 Tms,43.1,181,5.515242199,10,1.22307692,0.54385965,0.37931034,0.24309392
7005,Ryan Pressly,HOU,50,204,2.386197844,4,1.06,0.28455285,0.33333333,0.31862745
7115,Daniel Bard,COL,60,275,4.846534477,11,1.63333333,0.3006135,0.36585366,0.27272727
7146,Daniel Hudson,3 Tms,43.2,182,3.458926814,6,1.07633588,0.50961538,0.28971963,0.31868132
7196,Greg Holland,2 Tms,42.1,170,4.310543614,6,1.08661417,0.32110092,0.32727273,0.24705882
7274,Craig Stammen,SDP,61.2,247,4.170756713,9,0.98918919,0.32596685,0.29411765,0.1902834
7410,J.A. Happ,3 Tms,48.2,195,3.443455932,5,1.10958904,0.30656934,0.2826087,0.22564103
7441,Wade Davis,2 Tms,21.1,94,6.642125633,7,1.453125,0.44262295,0.36507937,0.23404255
7531,Collin McHugh,2 Tms,37,139,1.992090779,2,0.89189189,0.37037037,0.37804878,0.34532374
7550,Jake McGee,2 Tms,29.2,121,2.522831216,1,1.01123596,0.33707865,0.31111111,0.20661157
7555,Nick Vincent,2 Tms,14,52,4.683782053,2,0.78571429,0.40540541,0.27027027,0.19230769
7593,Jordan Lyles,2 Tms,134.2,607,5.642787992,25,1.5519802,0.41013825,0.36486486,0.15815486
7608,Tommy Milone,4 Tms,15,66,5.246965401,4,1.33333333,0.4047619,0.39534884,0.27272727
7738,Wily Peralta,DET,61,242,4.128902243,5,1.01639344,0.35672515,0.29885057,0.17355372
7754,Mike Fiers,OAK,32.2,145,5.302137144,6,1.43877551,0.48,0.32038835,0.1862069
7803,Richard Bleier,2 Tms,45,169,2.345545623,2,0.91111111,0.12195122,0.288,0.23076923
7836,Hunter Strickland,5 Tms,34,149,3.949557161,2,1.44117647,0.32352941,0.26470588,0.18791946
7882,Josh Lindblom,MIL,30,139,6.75357171,8,1.66666667,0.44565217,0.33333333,0.1942446
7982,Anthony Bass,2 Tms,44,194,6.073955561,11,1.38636364,0.42753623,0.35971223,0.18556701
8048,Will Smith,ATL,35.1,147,4.659056985,7,1.16037736,0.42857143,0.27956989,0.27210884
8110,Bryan Shaw,2 Tms,51.1,222,3.455908558,2,1.36363636,0.19047619,0.26174497,0.20720721
8223,Brett Anderson,MIL,28.1,124,4.129516801,3,1.37647059,0.15384615,0.39784946,0.16935484
8241,David Robertson,2 Tms,20,82,2.48709596,1,1.1,0.25581395,0.27272727,0.34146341
8246,Paolo Espino,WSN,73.2,306,3.499712861,6,1.26244344,0.35983264,0.37603306,0.16013072
8337,Lucas Luetge,NYY,32.2,124,2.363574318,2,0.79591837,0.42045455,0.26136364,0.25806452
8410,Deolis Guerra,2 Tms,33,130,3.051414205,3,1,0.4375,0.37037037,0.29230769
8700,Justin Verlander,HOU,43.2,166,3.268596432,4,0.80152672,0.41509434,0.28703704,0.26506024
8753,Tanner Roark,TOR,27.2,120,6.369050778,7,1.44578313,0.44,0.36842105,0.225
8779,Wade Miley,2 Tms,47.2,181,2.996757359,3,0.88111888,0.2992126,0.24615385,0.22099448
9013,Cesar Valdez,2 Tms,27,114,4.433200745,3,1.2962963,0.28571429,0.38095238,0.16666667
9111,Brad Hand,5 Tms,31,134,3.351416176,1,1.38709677,0.3902439,0.22891566,0.23880597
9132,Nathan Eovaldi,BOS,136.1,550,2.952717736,14,1.04889976,0.41712707,0.33787466,0.27636364
9323,Patrick Corbin,WSN,70,303,3.680021177,7,1.42857143,0.24637681,0.30660377,0.21452145
9388,Josh Tomlin,ATL,37.2,158,3.631581253,4,1.27433628,0.4017094,0.34745763,0.19620253
9434,Dallas Keuchel,2 Tms,50.2,230,4.056770194,4,1.61842105,0.23952096,0.27810651,0.16521739
9456,Ryan Buchter,2 Tms,10.2,46,9.08163054,4,1.5,0.5862069,0.44827586,0.17391304
9490,Jeremy Jeffress,CHC,13.2,51,4.508492962,1,0.80487805,0.25,0.38888889,0.15686275
9756,David Hale,2 Tms,20.1,82,4.358776026,2,1.13114754,0.375,0.33928571,0.19512195
9761,Joe Kelly,2 Tms,27.1,117,3.131074691,2,1.20731707,0.26315789,0.35526316,0.25641026
9784,Garrett Richards,3 Tms,92.2,392,4.259353651,10,1.39208633,0.26978417,0.33571429,0.18622449
9794,Rex Brothers,CHC,23.2,107,4.777475162,3,1.43661972,0.3877551,0.32653061,0.3271028
9803,Miles Mikolas,STL,69.2,290,3.814158402,6,1.14832536,0.35648148,0.26728111,0.17241379
9817,Sergio Romo,3 Tms,37.2,162,4.335146632,4,1.32743363,0.41964286,0.22321429,0.19135802
9939,Brandon Kintzler,2 Tms,22.2,103,4.502683892,2,1.54411765,0.22352941,0.29411765,0.09708738
10021,Mike Minor,4 Tms,47.1,201,3.929617565,6,1.20422535,0.38461538,0.31034483,0.20895522
10058,Tyler Matzek,ATL,39.1,164,2.714762562,2,1.24576271,0.35483871,0.25773196,0.29878049
10061,Brooks Raley,3 Tms,38.1,150,1.444518803,1,0.80869565,0.30666667,0.15384615,0.39333333
10078,Caleb Thielbar,MIN,39.1,161,3.111591519,3,1.09322034,0.56122449,0.26213592,0.26708075
10123,Kyle Gibson,2 Tms,157.2,679,4.710950671,20,1.33826638,0.30816327,0.30241935,0.16642121
10131,Stephen Strasburg,WSN,10.1,57,6.848694849,3,2.32258064,0.32432432,0.33333333,0.19298246
10133,Brad Boxberger,2 Tms,52.1,205,3.448933603,3,0.97452229,0.4047619,0.2734375,0.24878049
10160,Ryan Weber,4 Tms,26.2,101,7.234575945,7,1.1625,0.31578947,0.42857143,0.10891089
10233,Aroldis Chapman,NYY,19.2,79,2.507276539,1,0.91525424,0.37142857,0.19444444,0.39240506
10291,Ryan Tepera,3 Tms,43,170,3.14044407,3,1.04651163,0.46938776,0.31,0.29411765
10310,Zack Wheeler,PHI,190.1,769,2.781060818,12,1.07705779,0.27888446,0.234714,0.26397919
10314,Erasmo Ramirez,3 Tms,28.2,118,3.955671156,4,1.15116279,0.37209302,0.27906977,0.21186441
10341,Juan Minaya,MIN,15.2,73,4.374199208,1,1.65957447,0.28888889,0.23913043,0.20547945
10343,Aaron Loup,3 Tms,43.2,168,2.891893618,1,0.84732824,0.19266055,0.19642857,0.22619048
10430,Mychal Givens,4 Tms,41,181,5.870568963,8,1.48780488,0.31531532,0.30357143,0.22099448
10547,Jimmy Nelson,LAD,13.1,56,2.495034122,0,1.2,0.28571429,0.17241379,0.32142857
10591,Scott Alexander,LAD,16.1,62,5.014624773,3,0.73469388,0.22222222,0.4,0.19354839
10657,Andrew Bellatti,2 Tms,10,49,4.232604392,2,1.7,0.48275862,0.31034483,0.30612245
10688,Tyler Thornburg,3 Tms,11,50,3.333055338,0,1.54545455,0.48387097,0.35483871,0.22
10732,Drew Hutchison,DET,18.2,80,5.557488509,2,1.39285714,0.43137255,0.36538462,0.1625
10745,Trevor Rosenthal,2 Tms,12.2,49,1.138788212,0,0.78947368,0.45,0.42857143,0.44897959
10756,Shane Greene,2 Tms,22,96,5.497515206,4,1.5,0.35820896,0.27941176,0.17708333
10811,Mike Foltynewicz,2 Tms,67.2,287,6.821017869,19,1.37438424,0.45794393,0.39631336,0.14634146
10836,Asher Wojciechowski,2 Tms,21,93,5.903668772,5,1.52380952,0.453125,0.421875,0.20430108
10843,Adam Kolarek,2 Tms,24,96,3.540458042,1,0.79166667,0.12676056,0.25675676,0.14583333
10855,Chasen Shreve,2 Tms,49.2,199,4.713651111,8,1.16778523,0.392,0.3046875,0.24120603
10946,Josh A. Smith,MIA,10.2,51,3.941419792,0,1.875,0.20588235,0.31428571,0.15686275
10954,Jacob deGrom,NYM,78.2,296,2.276825329,8,0.78813559,0.43589744,0.34615385,0.40202703
11156,Merrill Kelly,ARI,127.2,522,3.685098718,11,1.15926893,0.34455959,0.32647815,0.18199234
11189,Vince Velasquez,3 Tms,67.2,316,4.490811042,10,1.66995074,0.40101523,0.33,0.24367089
11203,Grant Dayton,ATL,14,57,3.613881031,1,1.07142857,0.6,0.41666667,0.24561404
11209,Casey Sadler,2 Tms,24,91,3.179241841,2,0.875,0.32075472,0.32075472,0.30769231
11423,Jose Quintana,4 Tms,36.2,152,2.447604443,3,1.09090909,0.25,0.20779221,0.38157895
11426,Drew Pomeranz,SDP,13.2,52,1.347546655,0,0.87804878,0.48148148,0.22222222,0.38461538
11428,Brandon Workman,3 Tms,21.2,100,6.087925752,5,1.8,0.30645161,0.375,0.22
11467,A.J. Cole,TOR,14.1,53,5.209702191,2,0.90697674,0.52380952,0.28571429,0.11320755
11486,Robbie Ray,3 Tms,68.2,268,3.673834477,12,0.91747573,0.38787879,0.35757576,0.32089552
11487,Joely Rodriguez,3 Tms,31.2,134,2.27197706,1,1.26315789,0.16216216,0.17105263,0.32089552
11490,Aaron Sanchez,2 Tms,31.1,130,4.168852884,3,1.21276596,0.37113402,0.43434343,0.15384615
11528,Josh Osich,3 Tms,15.2,63,4.458915247,3,1.08510638,0.32608696,0.30434783,0.22222222
11589,Jose Urena,3 Tms,56.2,273,6.752789345,12,1.88823529,0.25675676,0.35714286,0.07326007
11632,Heath Hembree,5 Tms,29.1,141,8.38394967,13,1.77272727,0.53409091,0.40909091,0.24822695
11674,Jameson Taillon,NYY,90.1,385,4.727238938,16,1.28413284,0.48062016,0.29770992,0.22597403
11682,Carlos Martinez,STL,56.2,252,4.691455124,6,1.5,0.26486486,0.31891892,0.15079365
11713,Matt Harvey,2 Tms,66.1,300,4.99619657,12,1.47738693,0.43693694,0.39111111,0.17333333
11752,Luke Jackson,ATL,36.1,168,3.644594792,0,1.65137615,0.22321429,0.39473684,0.17261905
11753,Kyle Ryan,CHC,13.2,58,8.010256048,4,1.46341463,0.24444444,0.24444444,0.0862069
11760,Drew Smyly,3 Tms,57,230,4.042298497,9,1.14035088,0.35483871,0.36477987,0.24347826
11762,Noah Syndergaard,2 Tms,29,121,4.436495821,4,1.13793103,0.35955056,0.30337079,0.18181818
11801,Hansel Robles,3 Tms,42.1,192,6.093020572,9,1.60629921,0.45299145,0.34745763,0.22395833
11804,Hector Neris,2 Tms,57.1,257,4.015632063,6,1.48255814,0.41007194,0.34285714,0.29571984
11836,Taijuan Walker,3 Tms,115.2,486,4.789377984,18,1.26224784,0.43396226,0.31888545,0.22016461
11847,Chris Martin,2 Tms,38,159,2.897588578,2,1.21052632,0.28440367,0.27027027,0.22641509
11861,Jason Adam,2 Tms,24.2,99,3.844915304,3,1.05405405,0.43859649,0.29310345,0.29292929
11903,Michael Feliz,4 Tms,11.1,47,4.672550084,2,1.32352941,0.34285714,0.31428571,0.19148936
12022,Matt Andriese,3 Tms,32.2,144,5.413675068,7,1.40816327,0.40384615,0.38095238,0.1875
12049,Kyle Hendricks,CHC,162,698,5.121775659,31,1.37037037,0.40361446,0.30357143,0.19054441
12095,Yimi Garcia,3 Tms,40,168,4.837013054,7,1.25,0.39655172,0.37931034,0.21428571
12178,Domingo Tapia,4 Tms,12.2,61,4.985091522,1,1.81578947,0.43902439,0.3902439,0.16393443
12237,Dan Winkler,CHC,25,114,4.335451825,1,1.48,0.25757576,0.2238806,0.21929825
12249,Ryan Sherriff,TBR,11,47,2.540799039,0,1,0.38709677,0.16129032,0.23404255
12297,Evan Marshall,CHW,23.1,93,2.967052266,1,0.98571429,0.39285714,0.24137931,0.25806452
12304,Chris Bassitt,2 Tms,141,582,4.31816394,23,1.14184397,0.44587629,0.29820051,0.24570447
12323,Jacob Barnes,4 Tms,28.2,110,3.371750323,3,0.94186047,0.35714286,0.35211268,0.27272727
12361,Spencer Patton,TEX,18,86,4.053932382,1,1.94444444,0.29090909,0.25454545,0.20930233
12447,Seth Lugo,NYM,52,226,4.473187316,8,1.40384615,0.29577465,0.29370629,0.25221239
12572,Blake Treinen,LAD,41.2,169,3.052343544,2,1.008,0.42857143,0.25274725,0.31360947
12580,Adam Morgan,2 Tms,25.2,98,3.566310176,3,0.8961039,0.35714286,0.26785714,0.31632653
12680,Ryne Harper,WSN,23.2,113,5.669919625,5,1.77464789,0.38028169,0.28,0.21238938
12703,Trevor Bauer,2 Tms,89.2,358,4.561996824,20,1.03717472,0.52830189,0.34883721,0.31564246
12718,Adrian Houser,MIL,113.2,548,4.97563886,14,1.82991202,0.26822917,0.28791774,0.16423358
12730,Nick Martinez,SDP,28.1,126,5.031000796,6,1.41176471,0.32432432,0.28378378,0.28571429
12760,Rafael Montero,3 Tms,43,182,4.484771517,5,1.25581395,0.4,0.28346457,0.18681319
12768,Sonny Gray,2 Tms,116,478,3.375657649,11,1.14655172,0.30927835,0.31271478,0.28451883
12774,Jairo Diaz,COL,10,50,8.391419792,4,1.9,0.34375,0.34285714,0.18
12777,John Brebbia,SFG,18,76,2.423690521,1,1.11111111,0.5,0.29166667,0.28947368
12784,Burch Smith,OAK,16.1,78,4.643786305,2,1.7755102,0.35087719,0.35087719,0.16666667
12800,Noe Ramirez,2 Tms,30,133,4.760598935,2,1.53333333,0.34693878,0.31313131,0.12030075
12804,Matt Wisler,3 Tms,44.2,180,2.643312605,3,1.07462687,0.55963303,0.23853211,0.30555556
12808,Mike Clevinger,2 Tms,33.2,141,4.594186648,6,1.36633663,0.38888889,0.31868132,0.25531915
12828,Andrew Kittredge,TBR,31.2,125,4.675827148,5,1.04210526,0.34146341,0.35714286,0.224
12857,Shawn Armstrong,3 Tms,22.1,113,7.104075148,8,1.92537313,0.37142857,0.28571429,0.25663717
12863,Matt Barnes,BOS,34,153,3.787365839,3,1.44117647,0.42253521,0.33783784,0.33333333
12880,Tyler Anderson,4 Tms,73,315,3.727321495,7,1.26027397,0.36051502,0.25833333,0.17460317
12890,Alex Claudio,2 Tms,26.1,110,4.430507709,5,1.25316456,0.22222222,0.2972973,0.25454545
12917,Dylan Bundy,2 Tms,100.2,429,4.726264599,16,1.2615894,0.36721311,0.31511254,0.18881119
12918,Archie Bradley,4 Tms,41.1,173,3.868127618,3,1.23387097,0.34821429,0.2920354,0.21965318
12970,Joe Musgrove,2 Tms,159.2,664,3.824521976,20,1.12734864,0.30266344,0.31414868,0.26957831
12972,Joe Ross,WSN,51.2,233,5.221647022,10,1.47096774,0.41958042,0.3630137,0.24463519
12988,Andrew Chafin,4 Tms,42.1,166,3.067983855,2,0.96850394,0.24074074,0.1981982,0.23493976
12997,Colten Brewer,BOS,12.1,56,6.676302357,3,1.62162162,0.13157895,0.44736842,0.17857143
13050,Anthony DeSclafani,2 Tms,107.1,460,4.502697098,17,1.37888199,0.35276074,0.35951662,0.20217391
13074,Yu Darvish,2 Tms,173.2,694,3.463652723,19,1.02495202,0.37878788,0.28205128,0.25072046
13125,Gerrit Cole,NYY,149,590,3.611946492,28,0.98657718,0.50628931,0.31661442,0.37627119
13164,Eduardo Rodriguez,2 Tms,40.2,176,3.604925686,7,1.32786885,0.37272727,0.35714286,0.30113636
13182,Kyle Crick,2 Tms,18.1,82,4.575460418,0,1.52727273,0.24489796,0.22,0.17073171
13183,Zach Davies,3 Tms,139.2,584,4.881126224,16,1.31026253,0.38443396,0.27126437,0.14212329
13190,Jordan Weems,3 Tms,10,44,1.975379578,0,1.5,0.38095238,0.30434783,0.34090909
13218,Michael Fulmer,DET,61,252,3.463584228,5,1.13114754,0.3836478,0.32298137,0.25396825
13259,Louis Head,2 Tms,22.1,97,4.765214842,2,1.25373134,0.55223881,0.34328358,0.16494845
13273,Ross Stripling,2 Tms,85.2,354,4.426555842,14,1.12062257,0.39495798,0.31818182,0.23163842
13287,Jesse Hahn,KCR,12.1,49,5.213244903,2,1.05405405,0.42307692,0.42307692,0.28571429
13293,Danny Coulombe,MIN,17.1,72,4.59934413,3,1.21153846,0.36734694,0.3,0.22222222
13339,Adrian Sampson,CHC,20.2,85,4.469241269,3,1.20967742,0.37931034,0.33898305,0.21176471
13345,Luis Cessa,2 Tms,52.1,201,3.640533954,7,0.97452229,0.31292517,0.35135135,0.2238806
13346,Hoby Milner,2 Tms,28,116,4.054233097,4,1.21428571,0.28571429,0.25,0.23275862
13360,Cam Bedrosian,4 Tms,16.2,76,5.099871531,1,1.62,0.43396226,0.43396226,0.13157895
13361,Steven Matz,3 Tms,49.2,214,2.863498603,5,1.4295302,0.19847328,0.2238806,0.29906542
13394,Dylan Floro,2 Tms,43,187,3.750831947,1,1.37209302,0.32394366,0.27272727,0.12834225
13397,Sam Selman,3 Tms,22,93,4.079707229,3,1.09090909,0.62,0.15686275,0.31182796
13403,Felix Pena,LAA,11,52,3.918044472,0,1.72727273,0.30555556,0.19444444,0.15384615
13431,Marcus Stroman,2 Tms,116.1,468,3.62430774,12,1.13467049,0.2392638,0.32047478,0.21153846
13435,Pierce Johnson,SDP,38.1,160,2.881905387,3,1.25217391,0.3875,0.325,0.3625
13449,Taylor Rogers,2 Tms,25.1,97,1.461605314,2,0.78947368,0.36734694,0.24,0.43298969
13470,Lucas Sims,CIN,35.2,151,4.492207687,7,1.09345794,0.47826087,0.26086957,0.38410596
13475,Daniel Norris,3 Tms,43,179,3.88084996,6,1.13953488,0.25,0.29591837,0.32402235
13543,Blake Snell,2 Tms,54,201,2.372773328,5,0.85185185,0.39047619,0.31775701,0.3880597
13549,Richard Rodriguez,2 Tms,44,171,4.153463333,8,0.86363636,0.56410256,0.4017094,0.25730994
13580,Steven Okert,MIA,25.1,99,2.91546214,2,0.82894737,0.49056604,0.28301887,0.34343434
13594,Robert Stephenson,2 Tms,36.2,152,4.251395801,7,1.2,0.43434343,0.4040404,0.27631579
13607,Carl Edwards Jr.,4 Tms,12,53,3.555550341,0,1.5,0.09090909,0.24242424,0.20754717
13619,Jakob Junis,2 Tms,57,240,5.247358679,13,1.31578947,0.31666667,0.31666667,0.19166667
13649,Clay Holmes,2 Tms,32.2,145,4.502284678,3,1.43877551,0.18947368,0.22105263,0.2
13654,Jharel Cotton,2 Tms,18.1,84,4.738785924,2,1.41818182,0.48076923,0.26415094,0.21428571
13684,John Gant,2 Tms,52.1,237,5.063660865,5,1.58598726,0.34965035,0.31543624,0.19409283
13690,Sal Romano,3 Tms,12.1,53,5.279298215,2,1.21621622,0.47368421,0.39473684,0.16981132
13696,Robert Gsellman,2 Tms,23.1,105,5.350675635,4,1.62857143,0.33333333,0.3902439,0.13333333
13699,Jake Faria,ARI,15,73,4.503367452,2,1.8,0.39583333,0.38,0.20547945
13707,Joey Krehbiel,2 Tms,11.2,49,3.734101582,0,1.11428571,0.22857143,0.2,0.14285714
13743,Max Fried,ATL,76.1,306,2.950451666,6,1.07423581,0.29207921,0.30143541,0.25163399
13758,Tyler Duffey,MIN,43.1,188,4.456187811,6,1.40769231,0.31623932,0.35042735,0.25
13761,Chris Stratton,PIT,56.2,262,4.032097225,7,1.60588235,0.26946108,0.32748538,0.24045802
13763,Dominic Leone,2 Tms,33.2,151,4.588089242,5,1.48514851,0.39361702,0.38297872,0.24503311
13767,JT Chargois,2 Tms,21.1,85,4.388784122,2,1.125,0.46666667,0.37777778,0.28235294
13774,Zach Eflin,PHI,109,473,4.134014027,18,1.33944954,0.42153846,0.25227964,0.23678647
13781,Alex Wood,2 Tms,54.1,223,2.991346719,4,1.14110429,0.23376623,0.18709677,0.23766816
13799,Matt Strahm,2 Tms,23.1,90,3.468779802,2,0.85714286,0.40909091,0.27941176,0.18888889
13801,Austin Adams,SDP,22,105,4.669321092,2,1.27272727,0.34693878,0.35294118,0.2952381
13834,Alec Mills,CHC,94.2,437,6.364120241,23,1.6584507,0.34250765,0.34441088,0.14416476
13892,Paul Sewald,2 Tms,38.1,164,4.254898971,7,1.25217391,0.57647059,0.4137931,0.34146341
13896,Chris Flexen,SEA,119,475,3.956401102,13,1.1092437,0.40223464,0.29476584,0.17263158
13942,Brent Suter,MIL,42,177,3.784548781,5,1.0952381,0.32231405,0.272,0.22033898
14078,Michael Wacha,3 Tms,100,402,4.178405504,14,1.11,0.40647482,0.28014184,0.21890547
14107,Kevin Gausman,2 Tms,160.1,645,2.634267493,13,1.05405405,0.36320755,0.31381733,0.28062016
14120,Lance McCullers Jr.,HOU,105.2,453,3.668016936,8,1.29652997,0.22962963,0.34191176,0.26269316
14151,Chris Mazza,2 Tms,25.2,115,5.203645517,4,1.48051948,0.4,0.38666667,0.20869565
14168,Jose Berrios,2 Tms,155.1,663,4.883492546,31,1.31974249,0.4032634,0.37241379,0.24736048
14169,Kyle Zimmer,KCR,37.1,143,3.257456171,1,1.125,0.2962963,0.31707317,0.26573427
14212,Josh Hader,MIL,21,81,1.307356954,1,0.85714286,0.42857143,0.25714286,0.4691358
14295,Wandy Peralta,2 Tms,39.1,157,2.911282676,2,1.01694915,0.22916667,0.26262626,0.26751592
14309,Frankie Montas,OAK,160.2,690,3.876052329,20,1.36307054,0.35159817,0.29662921,0.25507246
14332,Joel Payamps,3 Tms,27.2,112,3.845365234,2,1.04819277,0.45,0.32098765,0.17857143
14361,Ty Blach,COL,13.2,51,3.783655036,1,0.80487805,0.41025641,0.23076923,0.15686275
14374,Tyler Glasnow,TBR,68.1,259,2.388553131,7,0.83414634,0.32638889,0.375,0.37837838
14375,Amir Garrett,2 Tms,36.2,155,3.137647067,3,1.25454545,0.28,0.34666667,0.36129032
14420,Jackson Stephens,ATL,10,48,4.225118446,1,1.6,0.25,0.21875,0.20833333
14444,Hyun Jin Ryu,TOR,54.2,221,2.878602544,3,1.11585366,0.32317073,0.28915663,0.19909502
14506,J.B. Wendelken,2 Tms,38,171,4.66189084,3,1.57894737,0.28695652,0.30434783,0.1754386
14527,Jorge Lopez,2 Tms,81.2,376,5.77611028,16,1.59183673,0.3503937,0.37109375,0.18882979
14542,Carlos Estevez,COL,54.1,234,4.692457827,11,1.39877301,0.43030303,0.34911243,0.21794872
14552,Jose Ruiz,CHW,40,165,5.708751595,9,1.2,0.46086957,0.36521739,0.2
14646,Rowan Wick,CHC,34.2,158,3.185038891,1,1.64423077,0.26041667,0.20833333,0.24683544
14663,Chi Chi Gonzalez,3 Tms,65.2,299,4.799117125,8,1.64467005,0.2893617,0.33613445,0.12040134
14665,Jandel Gustave,MIL,11.1,43,4.564625192,2,0.88235294,0.36363636,0.36363636,0.18604651
14672,Dillon Maples,CHC,15.2,75,5.149667551,0,1.46808511,0.25,0.21428571,0.29333333
14677,Duane Underwood Jr.,2 Tms,47.2,216,5.287104838,10,1.57342657,0.3557047,0.34899329,0.21296296
14681,Andres Machado,WSN,27.1,116,3.956836352,3,1.24390244,0.375,0.35,0.21551724
14682,Luis Perdomo,2 Tms,13.2,53,4.194787654,1,1.17073171,0.16216216,0.30555556,0.18867925
14706,Anthony Banda,3 Tms,22.2,109,3.863900891,1,1.76470588,0.34615385,0.30769231,0.16513761
14710,Edwin Diaz,NYM,59,234,2.977285113,6,1.01694915,0.47619048,0.25233645,0.4017094
14719,Ty Buttrey,LAA,11.2,52,6.877134072,3,1.54285714,0.36842105,0.43589744,0.13461538
14739,Paul Blackburn,OAK,53.1,240,4.471086299,7,1.59375,0.27906977,0.30285714,0.17916667
14765,Julio Urias,LAD,83,320,3.78985685,15,0.80722892,0.56521739,0.31279621,0.29375
14771,Emilio Pagan,2 Tms,50.1,203,4.713824137,11,1.05298013,0.56692913,0.328125,0.28571429
14814,Buck Farmer,2 Tms,25.2,129,6.758059531,6,1.94805195,0.35294118,0.30232558,0.17829457
14843,Michael Lorenzen,2 Tms,63.2,283,4.91501882,7,1.52356021,0.27918782,0.30845771,0.1590106
14857,Joe Mantiply,ARI,31,138,2.284278329,1,1.41935484,0.275,0.25301205,0.29710145
14862,Zack Godley,2 Tms,15,76,7.188903831,4,2,0.38,0.38,0.18421053
14874,Sam Moll,OAK,14.1,61,3.065796512,2,1.11627907,0.36363636,0.25714286,0.3442623
14875,Caleb Smith,2 Tms,49.1,214,4.396115214,8,1.23648649,0.49295775,0.29166667,0.23364486
14899,Taylor Williams,3 Tms,14,59,3.038379,0,1.28571429,0.36842105,0.42105263,0.22033898
14916,Jon Gray,2 Tms,138.1,594,4.595705182,19,1.30120482,0.35802469,0.34643735,0.20538721
14974,Tyler Webb,STL,17.2,82,5.162060789,1,1.64150943,0.43396226,0.30188679,0.15853659
14975,Chad Kuhl,2 Tms,99.1,436,5.414753125,16,1.46979866,0.375,0.36267606,0.20183486
14986,Giovanny Gallegos,STL,56.2,220,2.685662125,5,0.97058824,0.4887218,0.32089552,0.31818182
14993,Scott Barlow,KCR,58.1,252,3.662544172,7,1.30285714,0.3557047,0.33774834,0.28968254
15007,Yacksel Rios,3 Tms,13.2,53,3.540060596,0,1.02439024,0.45454545,0.3030303,0.20754717
15009,Kyle Finnegan,WSN,53.1,234,4.757687908,7,1.425,0.34782609,0.30496454,0.24358974
15010,Corey Knebel,3 Tms,36,153,4.737345384,4,1.30555556,0.40196078,0.23300971,0.18954248
15015,Alex Reyes,STL,44.2,198,4.987616421,5,1.43283582,0.44117647,0.30188679,0.26262626
15036,Chase De Jong,2 Tms,41.1,185,6.303672977,11,1.52419355,0.49612403,0.39694656,0.18918919
15038,German Marquez,COL,178,790,3.844289395,15,1.47191011,0.24500907,0.33393178,0.19493671
15042,Tim Mayza,TOR,28.2,105,2.70453342,2,0.80232558,0.12121212,0.16176471,0.28571429
15043,Lou Trivino,OAK,42.2,203,4.807817937,5,1.8515625,0.36090226,0.27067669,0.20197044
15046,Trevor Gott,2 Tms,11.1,56,8.530871861,5,1.76470588,0.5,0.38461538,0.19642857
15047,Austin Voth,2 Tms,64.1,293,5.43664837,12,1.64766839,0.40952381,0.29107981,0.17064846
15068,Yency Almonte,2 Tms,43.1,186,4.462159925,4,1.45384615,0.31746032,0.3046875,0.1827957
15071,Kyle McGowin,WSN,17,76,5.409102184,4,1.35294118,0.51282051,0.23076923,0.32894737
15101,Luke Farrell,2 Tms,11,49,3.810934117,1,1.45454545,0.38709677,0.25806452,0.24489796
15130,Drew Anderson,2 Tms,11,46,4.898602954,1,1.27272727,0.42424242,0.32352941,0.13043478
15136,Jake Newberry,KCR,10.1,49,4.929905971,1,2.03225806,0.24137931,0.34482759,0.2244898
15139,Ashton Goudeau,2 Tms,30.2,126,4.695644672,3,1.27173913,0.33684211,0.32631579,0.13492063
15231,Aaron Slegers,2 Tms,18,87,6.070407909,3,1.88888889,0.328125,0.31818182,0.11494253
15256,Cole Sulser,2 Tms,57,221,2.603789449,1,0.98245614,0.38732394,0.30136986,0.24434389
15264,Keynan Middleton,3 Tms,16,73,4.86096438,1,1.6875,0.46666667,0.2,0.19178082
15288,Adam Cimber,3 Tms,39,156,3.647890174,2,1.02564103,0.57142857,0.26666667,0.20512821
15291,Steven Brault,PIT,10.2,46,3.557063562,0,1.125,0.35714286,0.28571429,0.2173913
15423,Andrew Heaney,3 Tms,57.2,248,3.399497086,6,1.30057803,0.34161491,0.24539877,0.25806452
15440,Matthew Boyd,DET,29.2,118,3.71728948,4,1.04494382,0.29761905,0.25882353,0.22881356
15451,Mike Mayers,LAA,54.2,233,3.647912287,9,1.24390244,0.53225806,0.34615385,0.34334764
15454,Nick Pivetta,2 Tms,100.2,437,4.65554366,16,1.35099338,0.4265233,0.31672598,0.2402746
15463,Jose De Leon,CIN,10.2,61,9.269798842,4,2.625,0.4,0.33333333,0.26229508
15467,Marco Gonzales,SEA,70.2,296,4.285143156,10,1.18867925,0.34841629,0.35874439,0.18243243
15474,Lucas Giolito,CHW,152.2,624,3.122220453,16,1.13973799,0.39835165,0.30081301,0.31410256
15488,Antonio Senzatela,COL,145.1,632,4.130103319,11,1.46559633,0.27364185,0.33996024,0.12341772
15514,Kendall Graveman,3 Tms,47,192,3.671236742,4,1.19148936,0.31496063,0.3203125,0.22916667
15538,Eric Yardley,MIL,15,73,4.718099803,1,2,0.28301887,0.32075472,0.1369863
15541,Tyler Rogers,SFG,62,255,3.762288704,3,1.06451613,0.21428571,0.16080402,0.13333333
15551,Mark Leiter Jr.,CHC,15.1,58,3.972944536,2,0.91304348,0.31578947,0.38461538,0.24137931
15552,Chad Green,NYY,51.1,202,3.677443637,8,0.93506493,0.56349206,0.30708661,0.2970297
15594,Nick Wittgren,2 Tms,47,213,4.760393035,7,1.5106383,0.28187919,0.37333333,0.19248826
15605,Phillips Valdez,BOS,32.1,143,3.417058884,1,1.42268041,0.29347826,0.23655914,0.21678322
15684,Miguel Castro,3 Tms,51.1,220,3.788868748,4,1.32467532,0.33333333,0.24444444,0.25
15689,Luis Castillo,CIN,151.2,678,3.938453584,14,1.47032967,0.29761905,0.32009346,0.24041298
15690,Jimmy Cordero,CHW,11,61,5.827783432,2,2.63636364,0.37777778,0.2,0.14754098
15734,Brad Keller,KCR,135.1,600,4.604635343,18,1.49261084,0.26328502,0.30861244,0.195
15761,Joe Jimenez,DET,37,172,4.946263822,6,1.62162162,0.52525253,0.37623762,0.26162791
15764,Masahiro Tanaka,NYY,26.2,101,4.878919792,6,0.825,0.50704225,0.26388889,0.23762376
15816,Devin Williams,MIL,55.1,227,3.385225768,5,1.13855422,0.38738739,0.23214286,0.34801762
15823,Zack Littell,2 Tms,33.2,138,4.350465482,4,1.27722772,0.31868132,0.27173913,0.2173913
15832,Paul Fry,2 Tms,32.1,150,4.718093262,5,1.60824742,0.37349398,0.23529412,0.28
15846,Adam Plutko,2 Tms,31.1,143,5.221005076,6,1.5,0.48571429,0.33018868,0.17482517
15855,Wander Suero,WSN,31.1,137,4.774196566,5,1.40425532,0.36046512,0.28735632,0.24087591
15873,Sean Manaea,2 Tms,81.2,317,3.822650417,13,0.95510204,0.34653465,0.32850242,0.2807571
15890,Luis Severino,NYY,30,123,5.426116572,7,1.13333333,0.47191011,0.31521739,0.18699187
15947,Ryne Stanek,2 Tms,36,165,5.491682938,7,1.55555556,0.59793814,0.25252525,0.24848485
16058,Stefan Crichton,ARI,14.1,75,6.252235091,1,2.02325581,0.45833333,0.39583333,0.13333333
16094,Zach Thompson,2 Tms,61.1,270,4.519826681,7,1.40217391,0.38918919,0.28571429,0.18518519
16110,Daniel Ponce de Leon,STL,32,146,6.056618027,7,1.5,0.50574713,0.29213483,0.23287671
16122,Jordan Romano,TOR,46.2,173,1.554702122,3,0.72857143,0.44705882,0.24418605,0.43352601
16125,Chris Ellis,2 Tms,12.1,52,6.246259454,2,1.37837838,0.46875,0.27272727,0.17307692
16128,John Curtiss,3 Tms,29.1,116,2.427567711,2,0.95454545,0.29268293,0.37804878,0.25862069
16130,David Hess,3 Tms,13.1,68,9.47538054,6,2.25,0.49019608,0.45098039,0.13235294
16137,Carlos Rodon,2 Tms,42.2,178,1.841024895,1,1.1015625,0.41176471,0.21904762,0.32022472
16149,Aaron Nola,PHI,169.2,688,3.043616861,19,1.03143418,0.39099526,0.33021077,0.30523256
16162,Brandon Woodruff,MIL,157.1,620,2.947883833,18,0.93432203,0.37027027,0.28306878,0.32096774
16207,Spencer Turnbull,DET,57,242,3.445198002,2,1.1754386,0.28481013,0.27439024,0.20247934
16233,Tejay Antone,CIN,34.2,140,4.39267668,5,1.125,0.27160494,0.24691358,0.28571429
16256,Kyle Freeland,COL,65.1,296,5.091380903,12,1.53061224,0.29383886,0.27314815,0.18243243
16258,Aaron Bummer,CHW,31,118,1.129933347,0,0.87096774,0.15625,0.171875,0.38135593
16265,Sam Howard,PIT,30.1,132,4.29436766,3,1.38461538,0.33802817,0.26388889,0.28030303
16269,John Means,BAL,46,181,3.521005783,6,1.06521739,0.448,0.288,0.25414365
16279,Sam Clay,WSN,23,104,4.210257623,2,1.34782609,0.17647059,0.26470588,0.21153846
16350,Ryan Borucki,2 Tms,29.2,116,3.500959703,2,0.91011236,0.30136986,0.24657534,0.25
16358,Tyler Mahle,CIN,165.1,680,3.244417979,14,1.15524194,0.43209877,0.27737226,0.28676471
16377,Ryan Castellani,COL,20.1,91,9.239898953,7,1.57377049,0.44776119,0.44776119,0.08791209
16400,Reynaldo Lopez,CHW,51,212,4.559240548,7,1.23529412,0.44295302,0.38815789,0.18867925
16408,Victor Gonzalez,LAD,30.2,120,3.568544513,1,0.94565217,0.14285714,0.16091954,0.16666667
16418,Blake Taylor,HOU,37.2,150,3.616912814,3,1.03539823,0.40217391,0.25531915,0.25333333
16440,James Norwood,3 Tms,10,51,4.539234527,2,2.2,0.31428571,0.25714286,0.23529412
16502,Ryan Yarbrough,TBR,51.1,222,3.520835515,4,1.20779221,0.39864865,0.22666667,0.22522523
16511,Jordan Montgomery,NYY,58.1,237,2.770541343,4,1.01142857,0.26993865,0.23353293,0.24050633
16561,Austin Gomber,2 Tms,56,231,4.14094772,7,1.125,0.35151515,0.375,0.19480519
16587,Erik Swanson,SEA,29.2,120,2.85592069,4,1.07865169,0.42857143,0.33766234,0.31666667
16609,Bryan Abreu,HOU,26.2,121,2.777816206,0,1.5,0.30985915,0.22535211,0.26446281
16610,J.P. Feyereisen,2 Tms,36.1,147,4.842378892,5,1.1559633,0.41237113,0.3030303,0.19727891
16647,Ryan Thompson,TBR,23,96,4.245892548,2,1.2173913,0.34246575,0.34246575,0.14583333
16703,Julian Merryweather,TOR,16.2,68,4.418012953,3,1.14,0.375,0.36363636,0.26470588
16794,Josh James,HOU,10.1,47,4.443275569,1,1.74193548,0.37037037,0.22222222,0.25531915
16814,Tim Hill,SDP,50.2,212,3.93763156,4,1.125,0.23972603,0.24324324,0.19339623
16918,Luke Weaver,ARI,54.1,255,5.973719888,13,1.71165644,0.38797814,0.36956522,0.18039216
16929,Touki Toussaint,ATL,32.1,149,7.074878292,8,1.54639175,0.38636364,0.35555556,0.20805369
16933,Elieser Hernandez,MIA,65.2,301,7.28361551,24,1.52284264,0.50246305,0.37980769,0.21262458
16943,Sean Newcomb,2 Tms,19,95,4.26993079,2,1.78947369,0.22222222,0.21818182,0.26315789
16977,Trevor Williams,3 Tms,97,423,4.28276641,11,1.41237113,0.32131148,0.28525641,0.17257683
16981,Tyler Beede,2 Tms,14,62,3.770969965,1,1.5,0.31818182,0.37777778,0.17741935
17018,Jefry Rodriguez,WSN,11.1,48,4.317092942,1,1.32352941,0.42105263,0.42105263,0.125
17034,Sean Reid-Foley,2 Tms,18,78,4.101447115,2,1.38888889,0.37777778,0.32608696,0.26923077
17085,Pablo Lopez,MIA,122,506,3.585574607,11,1.19672131,0.29569892,0.28954424,0.19367589
17092,Domingo Acevedo,OAK,14.2,64,5.933843537,3,1.43181818,0.3877551,0.26,0.125
17117,Austin Davis,3 Tms,29,118,3.047680291,1,1.13793103,0.38461538,0.2625,0.22033898
17130,Raisel Iglesias,2 Tms,51,201,3.026418112,9,0.92156863,0.39669421,0.29032258,0.35323383
17149,Domingo German,NYY,46.1,182,3.644854262,7,0.99280576,0.5,0.4,0.26373626
17170,Gabe Speier,KCR,14,54,3.652158928,1,0.85714286,0.4,0.22222222,0.22222222
17181,Yoan Lopez,2 Tms,14.2,70,6.580193267,4,1.77272727,0.42857143,0.3877551,0.18571429
17186,Dinelson Lamet,SDP,62.2,263,3.213688135,6,1.18085106,0.39622642,0.325,0.29277567
17192,Jalen Beeks,TBR,15.1,60,3.482914746,3,1.04347826,0.46875,0.24242424,0.38333333
17237,Austin Brice,2 Tms,11.1,60,7.5015512,2,2.02941177,0.47058824,0.35294118,0.18333333
17264,Sam Coonrod,2 Tms,23.2,110,4.358253225,4,1.56338028,0.31343284,0.37313433,0.27272727
17277,Ranger Suarez,PHI,50.2,193,2.326283644,1,0.86842105,0.14516129,0.171875,0.25906736
17282,Michael Kopech,CHW,54.1,219,2.800500819,6,1.04907975,0.56363636,0.28318584,0.37899543
17285,Justus Sheffield,SEA,40,159,3.525594012,2,1.15,0.31132075,0.2962963,0.20754717
17292,Javy Guerra,2 Tms,10,56,7.460550642,3,2.5,0.37209302,0.39534884,0.125
17295,Framber Valdez,HOU,52,227,3.244268954,3,1.28846154,0.17557252,0.28787879,0.28193833
17312,Justin Steele,CHC,29.2,127,2.401713555,1,1.31460674,0.3125,0.29850746,0.33858268
17355,Edgar Santana,ATL,17.1,71,3.227726432,0,1.03846154,0.21153846,0.2962963,0.14084507
17359,Josh Taylor,BOS,27.1,105,2.22116182,0,0.87804878,0.32786885,0.22580645,0.2952381
17369,Brett Martin,TEX,37.2,157,3.453400273,2,1.19469027,0.26271186,0.28688525,0.15286624
17425,Erick Fedde,WSN,123.1,536,5.050829292,20,1.4027027,0.29381443,0.32911392,0.16791045
17432,Jeff Hoffman,2 Tms,57.2,278,5.27832156,8,1.78612717,0.38068182,0.33333333,0.20503597
17464,Jonathan Hernandez,TEX,12,51,3.358086462,1,1.08333333,0.42424242,0.51515152,0.25490196
17479,Jack Flaherty,STL,66.1,283,4.365373144,9,1.20603015,0.33149171,0.29347826,0.23674912
17485,Albert Abreu,3 Tms,18.2,88,8.409148799,6,1.66071429,0.47916667,0.375,0.22727273
17489,Spenser Watkins,BAL,40,180,4.65506223,5,1.55,0.30434783,0.29285714,0.13888889
17490,Genesis Cabrera,STL,45.1,193,3.759614148,2,1.34558824,0.31192661,0.27927928,0.25388601
17496,Diego Castillo,2 Tms,33.2,148,5.776800818,6,1.36633663,0.3956044,0.32258065,0.20945946
17536,Ryan Burr,CHW,19,88,6.426100064,4,1.78947368,0.35849057,0.43396226,0.21590909
17556,Jimmy Herget,2 Tms,26,117,5.191493838,3,1.38461539,0.43478261,0.36231884,0.22222222
17578,JT Brubaker,PIT,124,543,4.684349342,21,1.41129032,0.39722222,0.33972603,0.22651934
17583,Marcos Diplan,BAL,15.1,56,3.161246273,1,0.84782609,0.33333333,0.33333333,0.19642857
17586,Tanner Scott,2 Tms,39,173,3.371011815,2,1.35897436,0.29761905,0.17857143,0.32947977
17594,Mitch Keller,PIT,91,421,4.629422631,7,1.73626374,0.34768212,0.30491803,0.14489311
17606,Cristian Javier,HOU,102,443,4.848213776,16,1.38235294,0.46376812,0.31071429,0.23702032
17610,Tanner Rainey,WSN,33.2,140,3.695729135,4,1.0990099,0.5,0.41025641,0.31428571
17611,Taylor Clarke,2 Tms,48,207,4.458788523,6,1.39583333,0.37908497,0.37662338,0.16908213
17639,Justin Lawrence,COL,11.2,64,5.206644102,1,2.57142857,0.22580645,0.5,0.265625
17677,Jeffrey Springs,2 Tms,39,167,4.720846004,9,1.33333333,0.38317757,0.29357798,0.2754491
17682,Ralph Garza Jr.,3 Tms,21,96,5.625549133,4,1.61904762,0.5,0.43939394,0.1875
17722,Trevor Megill,2 Tms,16.1,72,2.604347369,2,1.34693878,0.33333333,0.48648649,0.38888889
17732,Nabil Crismatt,2 Tms,55.1,234,4.079068024,5,1.39156627,0.28977273,0.27683616,0.15811966
17734,Evan Phillips,3 Tms,26.1,105,2.656815287,0,0.98734177,0.265625,0.27272727,0.24761905
17735,Tyler Alexander,DET,41.1,169,2.902714199,2,1.06451613,0.37931034,0.22881356,0.22485207
17755,Drew Smith,NYM,32,133,5.344567137,6,1.15625,0.42857143,0.36904762,0.23308271
17780,Jose Alvarado,2 Tms,33.2,139,3.696364924,1,1.06930693,0.17721519,0.20253165,0.25179856
17783,Jake Brentz,KCR,24,103,4.665043492,2,1.25,0.375,0.31578947,0.24271845
17796,Dillon Tate,BAL,39.2,171,5.47715755,6,1.38655462,0.28455285,0.3495935,0.15204678
17859,Adbert Alzolay,CHC,66,290,6.476196667,20,1.43939394,0.39361702,0.36597938,0.22758621
17871,Ian Gibaut,2 Tms,10,44,5.385004091,2,1.5,0.25,0.53125,0.18181818
17874,Nestor Cortes,2 Tms,35.2,141,3.127044711,4,1.00934579,0.43023256,0.34482759,0.30496454
17878,Dennis Santana,2 Tms,39.2,157,4.04428057,3,1.15966387,0.3592233,0.33333333,0.20382166
17888,Tayler Saucedo,TOR,12.1,50,3.731532006,1,1.05405405,0.25,0.4375,0.24
17897,Garrett Cleavinger,2 Tms,11.1,53,5.813758785,3,1.67647059,0.4516129,0.25806452,0.28301887
17920,Cody Ponce,PIT,25.1,111,7.361842193,9,1.46052632,0.48275862,0.32954545,0.14414414
17948,Trent Thornton,TOR,29,128,3.501069587,2,1.48275862,0.3125,0.3875,0.25
17964,Tyler Gilbert,ARI,22.2,79,3.556524548,1,0.70588235,0.38181818,0.31578947,0.17721519
17995,Logan Webb,SFG,130.2,562,3.476715974,9,1.39285714,0.20618557,0.30867347,0.20640569
17998,Pete Fairbanks,TBR,28.1,135,3.850183015,3,1.72941176,0.35,0.4,0.27407407
18000,Triston McKenzie,CLE,100,407,4.420366146,16,1.09,0.47244094,0.3515625,0.26289926
18064,Phil Maton,2 Tms,59,249,3.552045853,5,1.18644068,0.34415584,0.27848101,0.25301205
18088,Cody Stashak,MIN,18.2,85,3.808039547,2,1.60714286,0.4137931,0.31034483,0.22352941
18138,Ryan Helsley,STL,35,142,2.956813599,1,1.14285714,0.30434783,0.35869565,0.23943662
18152,Anthony Misiewicz,SEA,41.1,169,2.997711859,3,1.18548387,0.39495798,0.30578512,0.22485207
18251,Art Warren,CIN,22.1,89,2.693446454,1,1.02985075,0.4,0.32727273,0.28089888
18282,Jarlin Garcia,SFG,47,189,3.441032001,3,0.93617021,0.29457364,0.25954198,0.21164021
18297,Tyler Kinley,COL,61.1,245,3.818173814,6,0.99456522,0.37820513,0.41666667,0.24897959
18311,Carson Fulmer,3 Tms,16.2,74,3.836877537,1,1.44,0.27906977,0.27906977,0.25675676
18323,Josh Sborz,2 Tms,26.2,117,4.890756267,5,1.5,0.44,0.38666667,0.24786325
18325,Taylor Hearn,TEX,53.2,222,4.483410325,9,1.21118012,0.41044776,0.32374101,0.26576577
18331,James Kaprielian,OAK,84.2,384,6.393059401,20,1.58267717,0.43726236,0.39473684,0.17708333
18333,Alex Young,2 Tms,35.2,156,5.25359458,7,1.45794393,0.40776699,0.31428571,0.21794872
18335,Josh Staumont,KCR,48.1,217,3.638992271,3,1.46896552,0.49166667,0.39495798,0.28571429
18356,Jaime Barria,LAA,50.1,224,5.40949965,10,1.50993377,0.38181818,0.33333333,0.16517857
18361,Thomas Eshelman,BAL,24,103,6.431618027,5,1.45833333,0.4137931,0.36781609,0.06796117
18376,Connor Overton,3 Tms,20.2,79,4.348560348,2,1.11290323,0.44262295,0.27868852,0.13924051
18384,Scott Effross,CHC,15.1,64,2.360085446,1,0.97826087,0.375,0.27272727,0.359375
18403,Enyel De Los Santos,3 Tms,24,113,5.989019389,6,1.70833333,0.44444444,0.3968254,0.28318584
18413,Jose Urquidy,HOU,98.1,387,3.504340857,9,0.99661017,0.42402827,0.31597222,0.19638243
18496,Junior Fernandez,STL,10.2,61,6.353189257,1,2.71875,0.20512821,0.25641026,0.14754098
18498,Kenta Maeda,MIN,90.2,379,3.79656567,12,1.15808824,0.30769231,0.27710843,0.2585752
18510,Josh Rogers,WSN,24.2,89,3.512441144,1,0.64864865,0.49230769,0.2238806,0.15730337
18519,Phil Bickford,2 Tms,23,101,4.807856015,3,1.39130435,0.46268657,0.27941176,0.1980198
18525,Dylan Cease,CHW,149.1,651,3.981645921,19,1.36607143,0.36692506,0.30769231,0.27803379
18548,Sam Hentges,CLE,29,113,2.42834294,1,1.03448276,0.33783784,0.34210526,0.25663717
18555,Logan Allen,2 Tms,13.1,62,4.66347757,2,1.725,0.28571429,0.32653061,0.14516129
18600,Travis Lakins Sr.,BAL,24.2,104,3.982867122,2,1.2972973,0.32857143,0.30985915,0.20192308
18655,A.J. Minter,ATL,41.1,158,1.71046914,0,0.91935484,0.42222222,0.18478261,0.32278481
18674,Jake Woodford,STL,47.1,200,4.520805661,6,1.35211268,0.36601307,0.35294118,0.155
18679,Freddy Peralta,MIL,112.2,458,3.095085501,8,1.00295858,0.48605578,0.31128405,0.31222707
18684,Sandy Alcantara,MIA,183,754,3.840553103,20,1.17486339,0.30916031,0.29300567,0.21485411
18694,Kolby Allard,TEX,46,200,6.126818766,14,1.2826087,0.40740741,0.33576642,0.235
18699,Nick Neidert,MIA,19,90,6.12040404,2,1.94736842,0.44067797,0.33333333,0.13333333
18769,Cody Poteet,MIA,30.2,117,4.77996392,5,0.97826087,0.40740741,0.34146341,0.20512821
18790,Dillon Peters,2 Tms,15.1,60,5.034928307,3,0.91304348,0.35897436,0.3,0.23333333
18806,Drew Steckenrider,SEA,38.1,157,3.161441558,1,1.22608696,0.34513274,0.30088496,0.18471338
18815,Miguel Diaz,SDP,18,75,5.281145232,3,1.22222222,0.40425532,0.44680851,0.22666667
18890,Kyle Keller,2 Tms,14.1,68,6.659898236,4,1.60465116,0.5,0.4047619,0.23529412
19178,Tommy Nance,2 Tms,25,98,3.792666728,4,0.96,0.25925926,0.30909091,0.33673469
19179,Kirby Snead,2 Tms,10.1,39,3.139607374,0,1.16129032,0.34482759,0.06896552,0.15384615
19191,Robert Dugger,4 Tms,19.1,94,6.524542862,5,2.01724138,0.43055556,0.38356164,0.12765957
19199,Conner Menez,2 Tms,10,42,2.776306868,0,1,0.4,0.16666667,0.19047619
19200,Jose Quijada,LAA,18.1,76,3.541896567,2,1.2,0.41025641,0.35897436,0.34210526
19206,Dakota Hudson,STL,65.2,256,4.125913129,4,1.03553299,0.25668449,0.27807487,0.15234375
19225,Mitch White,LAD,36.2,155,4.13689973,5,1.17272727,0.30097087,0.33980583,0.23870968
19231,Caleb Baragar,SFG,17,74,4.299003008,1,1.41176471,0.56862745,0.30769231,0.16216216
19243,Wes Benjamin,TEX,13,63,6.796385753,3,1.92307692,0.55555556,0.29787234,0.12698413
19244,Cole Irvin,2 Tms,62.1,272,4.007445562,7,1.41176471,0.32673267,0.29807692,0.16911765
19264,Thomas Hatch,TOR,14,61,4.757756536,3,1.35714286,0.28205128,0.425,0.26229508
19266,Taylor Widener,ARI,43,203,6.428251664,11,1.60465116,0.51181102,0.40310078,0.22167488
19268,Justin Dunn,SEA,49.2,224,6.703571011,11,1.55033557,0.45384615,0.41538462,0.22321429
19274,Jacob Webb,ATL,17.2,81,3.230269421,0,1.47169811,0.41509434,0.2037037,0.19753086
19278,Vladimir Gutierrez,CIN,72.1,336,6.83627631,18,1.74193548,0.46638655,0.34297521,0.14880952
19291,Zac Gallen,ARI,131,545,3.583485977,12,1.16793893,0.29639889,0.27595628,0.23302752
19309,Trevor Richards,3 Tms,54.1,221,4.931944571,11,1.14110429,0.52671756,0.2962963,0.2760181
19312,Cal Quantrill,2 Tms,121,503,3.73932502,12,1.21487603,0.40425532,0.32238806,0.23459245
19316,Eric Lauer,MIL,40,177,4.010230915,3,1.475,0.32173913,0.29059829,0.20903955
19320,Joey Lucchesi,2 Tms,10,45,1.974311256,0,1.4,0.11538462,0.25,0.26666667
19343,A.J. Puk,OAK,16.1,69,3.686221967,2,1.10204082,0.26829268,0.23255814,0.27536232
19345,Daulton Jefferies,OAK,27,113,4.027289212,3,1.25925926,0.35365854,0.25301205,0.18584071
19350,Dean Kremer,BAL,39.2,173,5.082728696,7,1.48739496,0.56074766,0.37037037,0.24277457
19361,Corbin Burnes,MIL,159,640,1.785442471,7,1.03773585,0.27445652,0.25135135,0.35
19362,Keegan Akin,BAL,47.1,194,2.988533037,4,1.14084507,0.36363636,0.31343284,0.24742268
19374,Walker Buehler,LAD,162,658,3.458716522,16,1.09259259,0.32045455,0.265625,0.24012158
19388,Tony Gonsolin,LAD,96.2,384,3.073925507,6,1.00344828,0.42741935,0.29880478,0.25260417
19409,Dane Dunning,2 Tms,107.1,477,4.097417321,11,1.48136646,0.34493671,0.38317757,0.21383648
19427,Shane Bieber,CLE,121,490,2.394361784,10,1.08264463,0.33703704,0.33948339,0.35918367
19444,Yohan Ramirez,2 Tms,20,95,8.820389589,8,1.6,0.50980392,0.32692308,0.25263158
19447,Patrick Sandoval,LAA,57.2,228,4.048306661,9,0.9017341,0.33783784,0.32666667,0.26315789
19453,Shaun Anderson,4 Tms,14.1,73,5.969683933,3,1.95348837,0.35294118,0.39215686,0.17808219
19454,Michael Rucker,CHC,23.2,98,4.126682349,4,1.35211268,0.32394366,0.30985915,0.2244898
19456,Kyle Funkhouser,DET,34.2,165,4.472840566,3,1.73076923,0.35294118,0.27184466,0.21818182
19457,Bryan Garcia,DET,24.1,128,7.740759548,6,2.17808219,0.38043478,0.33695652,0.1171875
19459,Jorge Alcala,MIN,32,137,5.297214283,8,1.5,0.41558442,0.37974684,0.30656934
19479,Aaron Civale,CLE,121.1,491,3.912120517,16,1.1456044,0.3620178,0.34210526,0.23014257
19487,Devin Smeltzer,MIN,13,56,2.839636551,0,1.23076923,0.4047619,0.27272727,0.14285714
19493,Zach Jackson,OAK,11.1,51,2.860412566,0,1.5,0.40909091,0.27272727,0.35294118
19531,Jason Foley,DET,12,54,3.558004666,0,1.58333333,0.31578947,0.33333333,0.14814815
19535,Ryan Hendrix,CIN,17,70,5.459748275,3,1.17647059,0.37209302,0.37777778,0.21428571
19541,Jimmy Lambert,CHW,14.2,66,4.783842455,2,1.36363636,0.51111111,0.37777778,0.1969697
19548,JD Hammer,PHI,10,47,3.870034122,1,1.5,0.4137931,0.27586207,0.25531915
19558,Geoff Hartlieb,2 Tms,13.2,61,5.160770332,1,1.53658537,0.18421053,0.39473684,0.18032787
19569,David Bednar,2 Tms,45,175,3.000916498,4,0.97777778,0.42718447,0.32038835,0.31428571
19574,JoJo Romero,PHI,10,50,5.982152669,2,1.5,0.25806452,0.25806452,0.22
19583,Sean Poppen,4 Tms,19,93,4.110047254,1,1.94736842,0.32786885,0.28571429,0.1827957
19614,Cionel Perez,3 Tms,20.2,89,4.316317654,2,1.35483871,0.28301887,0.28301887,0.24719101
19618,Jordan Hicks,STL,18,80,3.743715502,0,1.38888889,0.25581395,0.34883721,0.25
19647,Matt Foster,CHW,38,168,3.773345094,5,1.36842105,0.43859649,0.37606838,0.23214286
19665,Kyle Wright,ATL,62.2,276,4.391585098,7,1.48404255,0.37572254,0.33333333,0.22463768
19666,Jason Alexander,MIL,12,58,4.791785116,1,1.83333333,0.45238095,0.31818182,0.12068966
19677,Gregory Soto,DET,32.2,142,2.705830189,0,1.25510204,0.25333333,0.15584416,0.29577465
19680,Sixto Sanchez,MIA,20,74,1.991419792,0,1,0.25,0.36538462,0.24324324
19682,Jordan Sheffield,COL,17.1,69,4.208495662,1,1.21153846,0.34693878,0.34693878,0.15942029
19686,Kyle Cody,TEX,14.1,54,3.672331765,2,0.90697674,0.51612903,0.375,0.31481481
19705,Matt Swarmer,CHC,14,62,7.196547016,5,1.42857143,0.52631579,0.44736842,0.25806452
19712,Patrick Murphy,2 Tms,18,85,4.108972771,1,1.61111111,0.28846154,0.26923077,0.22352941
19716,Dustin May,LAD,39,163,5.107733723,8,1.25641026,0.3,0.34653465,0.26380368
19731,Kodi Whitley,STL,19.1,77,2.845639031,1,1.13793103,0.3,0.26,0.25974026
19742,Anthony Bender,MIA,31,129,4.612470702,3,1.41935484,0.25,0.34020619,0.13953488
19753,Jonathan Loaisiga,NYY,42.1,182,2.885272169,2,1.22834646,0.28688525,0.23577236,0.23626374
19754,Reiver Sanmartin,CIN,13.2,55,2.338863969,1,1.09756098,0.23684211,0.28947368,0.27272727
19755,Shohei Ohtani,LAA,98.1,419,4.1715256,16,1.27118644,0.32692308,0.33207547,0.27207637
19766,Seth Elledge,STL,11.2,47,5.836953289,3,1.54285714,0.39285714,0.39285714,0.27659574
19769,Will Vest,2 Tms,26.2,117,4.014006406,2,1.3875,0.36363636,0.34615385,0.20512821
19784,Justin Garza,CLE,10.2,53,6.920034122,2,2.0625,0.31428571,0.31428571,0.1509434
19789,Anthony Castro,3 Tms,13.1,59,5.335462737,3,1.5,0.35897436,0.43589744,0.23728814
19795,Keegan Thompson,CHC,51.1,226,4.744687224,7,1.4025974,0.36879433,0.25874126,0.22566372
19800,Wil Crowe,2 Tms,73,320,5.091559623,12,1.45205479,0.38383838,0.32,0.234375
19805,Daniel Castano,MIA,20,91,5.360657859,3,1.5,0.36231884,0.28169014,0.12087912
19826,Riley Smith,ARI,34,139,4.732841258,6,1.11764706,0.42857143,0.34862385,0.16546763
19845,Alexander Wells,BAL,12.2,57,4.350698678,2,1.5,0.46153846,0.35897436,0.22807018
19848,Darwinzon Hernandez,BOS,17.1,80,4.26865555,2,1.55769231,0.21212121,0.32352941,0.3625
19853,Michael King,NYY,49,211,4.649949977,9,1.26530612,0.41732283,0.34375,0.27488152
19866,Brandon Bielak,HOU,44.1,189,3.44583968,3,1.33082707,0.3125,0.265625,0.22222222
19867,Griffin Canning,LAA,54,233,4.865516116,8,1.44444444,0.41830065,0.30519481,0.21459227
19874,Alex Faedo,DET,25.2,111,5.345897666,5,1.4025974,0.5,0.37931034,0.14414414
19876,Kevin Ginkel,ARI,16.1,85,8.016370542,6,2.08163265,0.5,0.45833333,0.25882353
19879,Tanner Houck,BOS,56.1,241,3.619498592,4,1.31360947,0.2516129,0.27848101,0.22821577
19883,Alex Lange,DET,28.1,119,3.540831562,2,1.23529412,0.27848101,0.40506329,0.22689076
19884,Corbin Martin,ARI,12.1,61,3.478577259,0,1.86486487,0.24324324,0.36842105,0.21311475
19899,Clarke Schmidt,NYY,15.1,73,4.387450072,1,1.89130435,0.24444444,0.26086957,0.20547945
19911,Jose Suarez,LAA,28.1,139,5.559188904,5,1.90588235,0.29896907,0.30612245,0.17266187
19926,Tony Santillan,CIN,24.2,127,5.305936432,2,1.86486486,0.38028169,0.35616438,0.21259843
19932,Trevor Stephan,CLE,38,174,4.316108948,5,1.63157895,0.36363636,0.36936937,0.24137931
19951,Ian Anderson,ATL,112.2,464,3.923614947,12,1.16272189,0.33217993,0.28762542,0.24353448
19959,Jesus Luzardo,2 Tms,43.2,181,2.894897583,3,1.19083969,0.22807018,0.28813559,0.26519337
19979,Zach Plesac,CLE,122.1,517,4.764899386,18,1.2506812,0.39583333,0.33505155,0.16441006
19990,Bryse Wilson,2 Tms,56.1,268,5.948296268,11,1.79289941,0.39215686,0.32535885,0.11940299
19995,Joel Kuhnel,CIN,10.1,44,4.492789675,2,1.35483871,0.45454545,0.36363636,0.20454545
20000,Tyler Wells,BAL,50.1,191,2.965050149,4,0.85430464,0.47328244,0.2556391,0.2460733
20020,John Schreiber,2 Tms,12.1,56,3.15743111,1,1.45945946,0.24324324,0.32432432,0.25
20039,Adrian Morejon,SDP,11,44,5.361896213,3,1.09090909,0.26470588,0.35294118,0.20454545
20041,Ronald Bolanos,KCR,10,52,5.440731716,1,2.2,0.21621622,0.27027027,0.13461538
20070,Bailey Falter,PHI,17.2,80,3.214773374,2,1.52830189,0.30909091,0.16363636,0.25
20074,Miguel Sanchez,MIL,18.1,82,8.339602573,6,1.58181818,0.2295082,0.25396825,0.09756098
20099,Chris Paddack,2 Tms,98,398,3.918023058,13,1.13265306,0.34256055,0.36949153,0.20351759
20132,Adam Oller,OAK,10.1,49,9.415441026,4,1.74193548,0.39393939,0.54545455,0.14285714
20151,James Karinchak,CLE,43.2,181,2.900938691,4,1.16793893,0.3902439,0.26190476,0.39226519
20153,Nick Nelson,2 Tms,34.2,157,3.786221819,2,1.58653846,0.2952381,0.24761905,0.20382166
20160,Nate Pearson,TOR,12.1,67,8.128695876,4,2.35135135,0.43589744,0.38461538,0.2238806
20185,Zach Pop,MIA,23.1,98,3.982394875,2,1.32857143,0.203125,0.32835821,0.20408163
20191,Garrett Whitlock,BOS,47.1,198,3.338033442,5,1.18309859,0.42142857,0.32142857,0.23232323
20198,Ben Bowden,COL,15.1,77,4.735251512,3,1.95652174,0.51111111,0.29787234,0.27272727
20203,Eli Morgan,CLE,46.2,195,5.386734981,11,1.09285714,0.56551724,0.38095238,0.18461538
20206,Mike Baumann,BAL,10.1,48,5.07798903,1,1.64516129,0.42424242,0.41176471,0.14583333
20218,Yennsy Diaz,NYM,11,49,6.533670482,3,1.45454545,0.44736842,0.42105263,0.14285714
20253,Griffin Jax,MIN,45,197,5.534503554,9,1.35555556,0.44852941,0.41605839,0.1928934
20276,Deivi Garcia,NYY,19.2,87,4.102324404,2,1.3220339,0.52238806,0.30882353,0.14942529
20302,David Peterson,NYM,38,157,4.187024638,5,1.23684211,0.27777778,0.26595745,0.27388535
20329,Andre Scrubb,HOU,18.1,77,5.529097725,3,1.36363636,0.3255814,0.25,0.24675325
20339,Matt Peacock,2 Tms,42.1,193,6.166851122,8,1.67716535,0.21875,0.35802469,0.07253886
20353,Steven Wilson,SDP,10,40,1.825118446,0,1,0.48,0.07692308,0.275
20367,Brusdar Graterol,LAD,30.2,143,4.94816798,4,1.59782609,0.27722772,0.32352941,0.16783217
20369,Matt Manning,DET,45,192,4.588263838,5,1.33333333,0.2885906,0.39597315,0.13541667
20370,Bruce Zimmermann,BAL,24.2,114,5.261667148,7,1.7027027,0.1971831,0.33333333,0.28947368
20373,Andres Munoz,SEA,11.2,49,3.557235851,2,1.28571429,0.42307692,0.38461538,0.36734694
20379,Tyler Zuber,KCR,22,108,6.861249036,6,1.86363636,0.42424242,0.41791045,0.22222222
20387,Anthony Kay,TOR,20,96,6.479621935,6,2,0.4,0.41666667,0.25
20395,Nick Margevicius,SEA,16.1,64,4.349011353,3,0.91836735,0.46511628,0.38636364,0.25
20418,Josh Fleming,TBR,43,181,4.02887379,8,1.18604651,0.16535433,0.23846154,0.24309392
20430,Rony Garcia,DET,31.1,125,3.979137333,4,0.95744681,0.48837209,0.36781609,0.224
20447,Enoli Paredes,HOU,14.2,65,3.801167849,0,1.29545455,0.26829268,0.4047619,0.18461538
20468,Huascar Ynoa,ATL,54.2,227,4.030298397,6,1.24390244,0.34459459,0.38255034,0.23348018
20492,Casey Mize,DET,87,382,6.435524198,23,1.4137931,0.38951311,0.45220588,0.18062827
20515,Kyle Nelson,2 Tms,14.2,57,3.953266183,0,1.09090909,0.30555556,0.26315789,0.15789474
20517,Nick Sandlin,CLE,17.1,78,4.540829294,1,1.44230769,0.4,0.32608696,0.21794872
20531,Kutter Crawford,BOS,10.2,49,6.223079291,3,1.59375,0.53846154,0.34615385,0.30612245
20539,Edwin Uceta,2 Tms,16,76,3.280997974,1,1.75,0.5106383,0.25,0.25
20617,J.C. Mejia,2 Tms,29.2,143,7.65116151,10,1.88764045,0.31132075,0.38317757,0.14685315
20631,Jordan Holloway,MIA,16,68,3.482979657,1,1.25,0.40909091,0.36363636,0.23529412
20633,Yusei Kikuchi,2 Tms,66.2,257,3.629109023,7,0.93,0.30952381,0.31976744,0.24513619
20666,Felix Bautista,BAL,10.2,40,3.781368446,2,0.84375,0.36363636,0.34782609,0.35
20739,Humberto Mejia,2 Tms,15.2,74,6.17731435,5,1.85106383,0.42,0.4,0.24324324
20778,Cristopher Sanchez,PHI,11.1,50,2.262581246,0,1.41176471,0.17241379,0.1,0.28
21025,Oliver Ortega,LAA,15.1,63,2.938254126,1,1.23913044,0.26666667,0.42222222,0.22222222
21029,Jhoan Duran,MIN,13.2,55,3.125118446,1,1.09756098,0.19354839,0.16129032,0.30909091
21032,Emmanuel Clase,CLE,46,178,2.200818822,2,0.80434783,0.18181818,0.20325203,0.26404494
21052,Luis Gil,NYY,12.2,58,4.507411417,1,1.42105263,0.51428571,0.31428571,0.22413793
21101,Dauri Moreta,CIN,10.2,46,9.133540136,5,1.3125,0.51515152,0.33333333,0.17391304
21111,Miguel Yajure,2 Tms,15,78,8.42752705,5,2.26666667,0.38181818,0.45454545,0.14102564
21132,Alexis Diaz,CIN,14.1,61,5.148374256,2,1.11627907,0.625,0.325,0.19672131
21183,Humberto Castellanos,2 Tms,48.1,203,5.800564744,10,1.30344828,0.46052632,0.30128205,0.13793103
21205,Connor Brogdon,PHI,44,175,3.389885449,4,1.02272727,0.40163934,0.19354839,0.22285714
21224,Bailey Ober,MIN,53.2,241,4.295241929,8,1.56521739,0.48214286,0.30813953,0.20746888
21290,Lucas Gilbreath,COL,28.1,130,4.639704989,4,1.48235294,0.37837838,0.37333333,0.26923077
21318,Tylor Megill,NYM,60.1,280,6.054952979,17,1.65745856,0.46560847,0.33854167,0.22142857
21366,Glenn Otto,TEX,28.1,128,4.370452541,2,1.65882353,0.31707317,0.37647059,0.1875
21390,Joe Ryan,MIN,39.1,157,5.097971219,7,1.04237288,0.63392857,0.32173913,0.17834395
21446,Ryan Feltner,COL,19,85,6.869052505,6,1.47368421,0.49152542,0.42372881,0.2
21448,Davis Martin,CHW,12.1,45,3.044037366,1,0.64864865,0.34375,0.33333333,0.22222222
21455,Kris Bubic,KCR,33.2,165,6.849241946,8,1.96039604,0.36111111,0.37272727,0.17575758
21483,Shane McClanahan,TBR,35.1,147,2.728980244,4,1.21698113,0.20833333,0.39583333,0.29931973
21537,Daniel Lynch,KCR,15.1,64,3.740391371,0,1.17391304,0.26190476,0.26086957,0.140625
21541,Reiss Knehr,SDP,14.1,56,4.56120476,1,0.97674419,0.42857143,0.30952381,0.125
21549,Jackson Kowar,KCR,14,74,7.883250412,4,2.42857143,0.49019608,0.37254902,0.14864865
21620,Jake Cousins,MIL,14.2,67,4.391181988,1,1.56818182,0.33333333,0.25925926,0.34328358
21690,Edward Cabrera,MIA,24.2,101,6.031417382,5,1.21621622,0.328125,0.296875,0.20792079
21728,Luis Oviedo,PIT,13,69,7.477726432,3,2.30769231,0.275,0.425,0.20289855
21844,Braxton Garrett,MIA,14.2,72,3.767774812,1,1.90909091,0.13333333,0.24,0.19444444
21850,Mason Thompson,2 Tms,10.2,52,7.573476893,2,1.96875,0.4137931,0.3,0.17307692
21992,Camilo Doval,SFG,21,98,5.099600761,5,1.52380952,0.34545455,0.32142857,0.30612245
22051,John King,TEX,29.2,122,3.224712621,1,1.01123596,0.23170732,0.27380952,0.20491803
22175,Max Kranick,PIT,21.1,103,4.148092856,1,1.875,0.43939394,0.26865672,0.19417476
22182,Hunter Greene,CIN,35.1,150,4.710024106,7,1.24528302,0.55952381,0.30588235,0.30666667
22201,MacKenzie Gore,SDP,12.1,58,3.935929256,0,1.7027027,0.42424242,0.36363636,0.22413793
22224,Jonathan Heasley,KCR,27.2,120,7.331959497,9,1.44578313,0.47674419,0.27586207,0.16666667
22248,Paul Campbell,MIA,12,57,6.336700792,3,1.58333333,0.34210526,0.35897436,0.19298246
22250,Logan Gilbert,SEA,97.1,390,2.842587341,7,1.0890411,0.4015748,0.307393,0.26666667
22264,Shane Baz,TBR,10,41,4.843084717,2,1.1,0.58333333,0.375,0.29268293
22267,Tarik Skubal,DET,51,205,2.433681584,2,1.09803922,0.26896552,0.28767123,0.23414634
22276,Dylan Coleman,KCR,12.2,54,2.815238934,0,1.18421053,0.4375,0.125,0.25925926
22286,Trevor Rogers,MIA,51.1,243,2.928212051,1,1.73376623,0.28358209,0.23913043,0.27983539
22296,Joe Barlow,TEX,24,96,3.189866783,0,0.91666667,0.36507937,0.234375,0.19791667
22310,Chris Rodriguez,LAA,12.2,55,3.327928862,0,1.26315789,0.25,0.25,0.2
22343,A.J. Alexy,TEX,11.1,41,3.699445882,0,0.88235294,0.33333333,0.34482759,0.14634146
22487,Johan Oviedo,STL,52.2,237,5.238381184,5,1.5,0.26785714,0.32544379,0.1350211
22713,Carlos Hernandez,KCR,62.2,267,5.380223385,9,1.37234043,0.45303867,0.31147541,0.17228464
22810,Roansy Contreras,PIT,22.2,94,3.613054665,2,1.19117647,0.421875,0.3125,0.22340426
22815,Luis Patino,2 Tms,39.2,187,5.568909716,6,1.63865546,0.4765625,0.3203125,0.17112299
22925,Joan Adon,WSN,30,143,6.060947092,6,1.83333333,0.37362637,0.32258065,0.1958042
23252,Spencer Howard,2 Tms,37.1,169,5.289981344,7,1.52678571,0.46728972,0.31481481,0.23076923
23292,Packy Naughton,2 Tms,12.1,49,4.28453232,2,1.13513513,0.27027027,0.23684211,0.18367347
23293,Codi Heuer,2 Tms,39.2,166,3.807474683,5,1.21008403,0.39823009,0.30172414,0.22891566
23550,Aaron Ashby,MIL,12.2,69,3.215885731,1,2.28947369,0.24324324,0.18421053,0.30434783
23592,Brett de Geus,2 Tms,16,91,6.982534122,4,2.5,0.29032258,0.3968254,0.16483516
23735,Luis Garcia,HOU,111.2,478,4.375424236,19,1.34328358,0.39184953,0.32307692,0.23849372
23779,Justin Bruihl,LAD,22,78,2.605524437,0,0.77272727,0.39655172,0.20967742,0.15384615
23796,Ryan Weathers,SDP,29.1,124,4.124579572,4,1.32954545,0.35789474,0.29896907,0.16935484
23798,Randy Dobnak,MIN,41.1,195,5.865520967,8,1.64516129,0.28301887,0.32919255,0.0974359
24580,Josiah Gray,2 Tms,62.2,283,6.818266881,18,1.51595745,0.5433526,0.34659091,0.22968198
24586,Kyle Bradish,BAL,21.1,86,3.312618446,2,1.265625,0.23636364,0.36363636,0.26744186
24606,Josh Winder,MIN,11.2,48,3.896547016,1,1.11428571,0.35483871,0.25806452,0.22916667
24933,Andrew Wantz,LAA,16,75,7.215690744,5,1.8125,0.52272727,0.29545455,0.24
25007,Alex Vesia,2 Tms,30.1,128,3.12416335,2,1.08791209,0.60606061,0.29850746,0.328125
25376,Nick Mears,PIT,12,54,6.507525777,3,1.58333333,0.40540541,0.32432432,0.18518519
25377,Brady Singer,KCR,127.1,563,4.934579891,22,1.40575916,0.37465565,0.35068493,0.23268206
25379,Sam Long,SFG,22.2,96,3.249022067,2,1.27941176,0.36507937,0.28125,0.25
25385,Drew Rasmussen,2 Tms,60,257,3.420231391,4,1.28333333,0.24175824,0.33152174,0.19844358
25436,George Kirby,SEA,27.1,105,2.320240396,2,0.80487805,0.38666667,0.32894737,0.25714286
26079,Beau Brieske,DET,29,119,4.573394306,4,1.10344828,0.44318182,0.30337079,0.16806723
26108,Andre Pallante,STL,23.2,89,3.463146616,1,0.88732394,0.17567568,0.21621622,0.11235955
26410,Alek Manoah,TOR,95,410,4.119228111,11,1.35789474,0.39163498,0.2443609,0.23414634
27458,Kwang Hyun Kim,STL,33.1,133,2.51473897,0,1.05,0.37804878,0.29268293,0.26315789
27460,Shun Yamaguchi,TOR,12,50,6.691419792,3,1.33333333,0.42424242,0.44117647,0.18
27463,Garrett Crochet,CHW,21.2,92,2.387392804,0,1.15384615,0.35416667,0.28,0.30434783
27468,Reid Detmers,LAA,20.2,80,5.361791592,5,0.82258065,0.37931034,0.31034483,0.2125
27498,Spencer Strider,ATL,33.1,130,2.64736423,3,0.93,0.4,0.3625,0.31538462
27505,Kohei Arihara,TEX,18,76,5.781145232,3,1.33333333,0.3559322,0.41666667,0.10526316
27513,Hyeon-Jong Yang,TEX,10,45,6.370034122,2,1.6,0.44444444,0.36842105,0.06666667
27515,Hirokazu Sawamura,BOS,24.1,107,5.123563082,4,1.35616438,0.390625,0.4,0.24299065
27552,Graham Ashcraft,CIN,24.2,93,3.044037366,1,0.85135135,0.13888889,0.15068493,0.16129032
27779,Bryce Elder,ATL,11.2,47,6.467975586,3,1.2,0.4,0.35135135,0.12765957
30115,Robert Suarez,SDP,11.2,45,3.125118446,0,0.85714286,0.4,0.2,0.26666667
