Name,Team,IP,TBF,FIP,HR,WHIP,FB%,HardHit%,K%,EV,vFA (sc),vFT (sc),vFC (sc),vFS (sc),ActFast,playerid,K%+,HR/9+,FIP-,FB%+
Wily Peralta,DET,2,9,4.63,0,2,33.30%,33.30%,33.30%,89.9,96.2,,,83.6,96.2,7738,152,0,116,88
John Brebbia,SFG,1,4,1.13,0,1,33.30%,33.30%,25.00%,81.9,95.4,,,,95.4,12777,112,0,32,92
Reynaldo Lopez,CHW,2,7,0.13,0,0.5,25.00%,0.00%,42.90%,83.9,97.6,,,,97.6,16400,195,0,-1,66
J.P. Feyereisen,TBR,4,12,0.63,0,0,85.70%,28.60%,41.70%,86.7,92.4,,,,92.4,16610,189,0,13,226
Austin Davis,BOS,2,7,2.63,0,0.5,0.00%,25.00%,28.60%,84,94,,,,94,17117,130,0,65,0
Gabe Speier,KCR,2,6,2.13,0,0,60.00%,0.00%,16.70%,85,93.5,,,,93.5,17170,76,0,52,158
Brett Martin,TEX,1,5,9.13,0,3,0.00%,0.00%,0.00%,78.4,,,,,0,17369,0,0,235,0
Nabil Crismatt,SDP,3,12,3.46,0,1.33,20.00%,40.00%,33.30%,80.6,90,,,,90,17732,149,0,88,55
Scott Effross,CHC,1.1,7,3.13,0,1.5,42.90%,71.40%,0.00%,92.1,90.8,,,,90.8,18384,0,0,79,118
Clarke Schmidt,NYY,3,11,0.79,0,0.67,20.00%,40.00%,45.50%,98.3,94.6,,,,94.6,19899,207,0,16,53
Kenny Rosenberg,LAA,4.2,19,4.63,0,1.07,53.30%,26.70%,5.30%,82.7,90.3,,,,90.3,20009,24,0,114,141
Mauricio Llovera,SFG,1,3,1.13,0,0,100.00%,50.00%,33.30%,92.1,,,,,0,20080,149,0,32,276
Kyle Nelson,ARI,1,3,6.13,0,1,50.00%,50.00%,0.00%,89.1,91.4,,,,91.4,20515,0,0,152,138
Adrian Martinez,OAK,5.1,21,2.56,0,0.75,41.20%,29.40%,14.30%,85.1,,,,,0,21023,62,167,149,140
Michael Grove,LAD,3.2,19,3.94,0,1.91,38.50%,46.20%,15.80%,93.6,95.1,,,,95.1,23221,71,0,98,106
JP Sears,NYY,5,21,2.33,0,1,61.50%,14.30%,23.80%,82.1,93.7,,,,93.7,23429,68,0,69,114
Andrew Wantz,LAA,1,4,2.13,0,0,0.00%,100.00%,50.00%,106.5,93,,,,93,24933,227,0,50,0
Penn Murfee,SEA,2,8,2.63,0,1,60.00%,20.00%,25.00%,85.8,88.4,,,,88.4,25174,114,0,66,158
Andrew Heaney,LAD,15.1,63,2.15,1,0.85,41.20%,47.10%,36.50%,91.3,91.5,,,,91.5,15423,163,54,55,114
Sammy Long,SFG,10,40,3.23,1,1,48.50%,26.50%,15.00%,84.7,94.7,,,,94.7,25379,67,82,85,134
Tony Gonsolin,LAD,74,282,3.37,6,0.85,39.80%,28.30%,24.50%,88.2,93.2,,,83.4,93.2,19388,111,70,83,117
Austin Voth,BAL,5.2,23,2.24,0,1.24,23.10%,69.20%,30.40%,92.2,93.8,,90.5,,93.8,15047,108,0,56,77
Dean Kremer,BAL,21,86,3.27,1,1.24,45.50%,42.40%,16.30%,89.1,93.7,,87.5,,93.7,19350,78,30,72,123
Josh Winder,MIN,15.1,59,2.54,1,0.98,31.60%,34.20%,28.80%,89.7,94.1,,,,94.1,24606,99,39,71,107
Shane McClanahan,TBR,91.1,345,2.56,11,0.83,31.50%,31.70%,35.70%,87,96.8,,,,96.8,21483,162,100,65,83
Connor Overton,CIN,24.2,89,3.17,0,0.89,36.10%,44.40%,11.20%,91,91.1,,,,91.1,18376,50,0,77,100
Sandy Alcantara,MIA,106.1,408,3.02,6,0.95,29.90%,36.30%,23.00%,86.9,97.8,,,,97.8,18684,98,43,79,82
Martin Perez,TEX,87.1,354,2.62,2,1.13,31.00%,37.80%,20.10%,89,92.9,,89.7,,92.9,6902,92,18,63,83
Clayton Kershaw,LAD,45,172,2.44,3,0.91,34.20%,33.30%,27.30%,87.4,90.5,,,,90.5,2036,116,84,78,93
Alek Manoah,TOR,87.2,346,3.03,6,0.96,40.60%,25.50%,22.80%,86.7,94,,,,94,26410,103,62,77,107
Joe Musgrove,SDP,85,333,3.01,7,0.95,30.70%,35.70%,24.60%,86.2,92.7,,89.8,,92.7,12970,115,80,79,88
Justin Verlander,HOU,89.1,345,3.52,11,0.87,42.30%,36.10%,24.30%,88.6,94.8,,,,94.8,8700,110,94,85,110
Matt Manning,DET,8,29,3.75,1,0.75,28.00%,28.00%,13.80%,86.9,93.5,,,,93.5,20369,63,104,93,74
Michael Wacha,BOS,65.1,260,3.97,7,1.04,35.40%,33.30%,18.50%,88.6,93.2,,88.9,,93.2,14078,80,83,101,96
Jhonathan Diaz,LAA,11.1,50,4.18,0,1.68,19.40%,48.40%,18.00%,90.7,91.2,,,,91.2,20298,82,0,103,51
Corbin Burnes,MIL,93.1,367,3.11,12,0.92,38.00%,34.80%,32.40%,87.9,98,,94.8,,98,19361,142,99,79,104
Logan Gilbert,SEA,88.2,357,3.24,8,1.09,39.30%,46.30%,24.90%,91.3,95.8,,,,95.8,22250,109,88,88,104
Denyi Reyes,BAL,3.2,16,3.4,0,1.36,42.90%,50.00%,6.30%,90.7,92.5,,,,92.5,20526,28,0,79,113
Julio Urias,LAD,76.1,302,4.09,12,1.01,47.80%,26.50%,23.50%,86.4,92.6,,91.7,,92.6,14765,105,121,98,128
Nestor Cortes,NYY,79,311,3.38,10,0.99,48.50%,36.40%,27.30%,88.8,91.3,,86.6,,91.3,17874,124,106,82,128
Sonny Gray,MIN,42.2,171,2.89,4,1.03,38.30%,37.40%,26.90%,86.7,91.9,,82.8,,91.9,12768,115,67,70,99
Max Scherzer,NYM,49.2,193,2.96,5,0.95,46.60%,27.70%,30.60%,87.2,93.6,,89.2,,93.6,3137,137,83,77,129
Dylan Cease,CHW,81,341,2.51,6,1.23,36.50%,34.10%,35.50%,88,96.8,,,,96.8,18525,161,62,60,96
Miles Mikolas,STL,94.2,374,3.34,8,0.96,36.20%,34.20%,20.90%,87.6,93.3,,,,93.3,9803,89,74,90,98
Neil Pallante,STL,21,88,4.79,2,1.38,18.50%,41.50%,13.60%,88.8,95.4,,,,95.4,26108,55,59,111,44
Paolo Espino,WSN,14,58,4.63,2,1.29,39.50%,39.50%,17.20%,87.5,88.5,,,,88.5,8246,82,179,132,118
Michael Kopech,CHW,62.2,249,3.62,4,1.01,51.90%,37.30%,22.90%,89.5,95.2,,,,95.2,17282,105,61,89,140
Roansy Contreras,PIT,34.2,152,4.25,4,1.44,40.20%,47.60%,21.10%,91.8,96.2,,,,96.2,22810,90,158,133,122
Pablo Lopez,MIA,82.2,331,3.28,8,1.06,33.30%,35.40%,25.10%,87.9,92.7,,88.5,,92.7,17085,112,94,90,92
Patrick Sandoval,LAA,65,285,3.2,3,1.37,34.20%,31.90%,22.80%,87.1,93,,,,93,19447,104,39,78,90
Carlos Rodon,SFG,80,323,2.34,4,1.09,40.50%,37.30%,31.30%,87.7,96.2,,,,96.2,16137,136,38,62,112
Jeffrey Springs,TBR,49.2,198,3.65,8,1.07,40.90%,38.80%,27.30%,87.5,91.6,,,,91.6,17677,124,134,95,108
Max Fried,ATL,94.1,376,2.57,6,1.05,26.70%,36.10%,24.50%,87,94.2,,,,94.2,13743,107,49,65,73
Zack Wheeler,PHI,74.2,304,2.27,3,1.11,30.90%,34.90%,28.30%,86.8,95.8,,,,95.8,10310,127,51,63,87
Ross Stripling,TOR,41.2,162,2.57,2,0.96,28.80%,35.20%,19.80%,88.4,91.6,,,,91.6,13273,87,54,70,82
Wade Miley,CHC,19,79,3.28,0,1.21,27.60%,39.70%,15.20%,88.3,87.8,,83.5,,87.8,8779,68,0,82,76
Framber Valdez,HOU,87,355,3.39,5,1.13,13.70%,34.00%,21.10%,88.8,94.1,,83.7,,94.1,17295,94,44,83,38
Shohei Ohtani,LAA,68.1,273,2.76,8,1.01,41.00%,35.50%,33.00%,87.2,97.1,,89.7,89.1,97.1,19755,155,90,60,104
Zac Gallen,ARI,71,290,3.59,7,1.01,36.30%,33.00%,24.50%,87.1,94.2,,90,,94.2,19291,104,86,95,102
Johnny Cueto,CHW,43,172,3.5,4,1.12,40.30%,41.90%,20.90%,90.5,91.8,,87,,91.8,6893,94,119,100,105
Paul Blackburn,OAK,75.2,312,3.4,5,1.18,25.40%,40.40%,17.60%,87.7,91.6,,87,,91.6,14739,85,72,92,68
Jordan Montgomery,NYY,78.2,314,3.86,9,1.02,31.00%,33.80%,18.50%,87.8,92.3,,88,,92.3,16511,85,88,92,82
Aaron Nola,PHI,96.2,373,2.8,10,0.9,38.40%,33.50%,29.20%,88.7,92.6,,86.9,,92.6,16149,130,95,73,106
Gerrit Cole,NYY,87.1,349,3.19,12,1.01,39.30%,38.30%,31.80%,89.2,97.7,,92.1,,97.7,13125,145,115,78,104
Matt Bush,TEX,3,11,5.13,1,1,40.00%,40.00%,45.50%,91.4,96.8,,92.2,,96.8,1246,207,278,130,106
Jimmy Herget,LAA,3,10,1.79,0,0.33,12.50%,37.50%,20.00%,81,90.5,,,,90.5,17556,91,0,42,33
Mike Clevinger,SDP,21,90,4.08,3,1.19,42.10%,37.90%,25.60%,87.9,94.2,,88.8,,94.2,12808,117,91,89,115
Taijuan Walker,NYM,65.1,266,3.09,3,1.21,29.80%,44.40%,18.40%,90.2,94,,89.1,88.8,94,11836,79,34,80,82
Logan Webb,SFG,91.2,370,3.03,6,1.12,24.50%,39.00%,21.90%,88,92.7,,,,92.7,17995,98,54,80,68
Devin Smeltzer,MIN,44.1,174,4.93,7,1.06,44.90%,36.90%,12.60%,88,89.7,,,,89.7,19487,72,116,111,123
Shane Bieber,CLE,85,344,2.87,7,1.16,35.20%,44.30%,25.60%,90.6,90.8,,88.5,,90.8,19427,115,64,70,90
Tyler Anderson,LAD,64,256,3.47,7,1.03,46.70%,31.50%,22.30%,86.4,90.5,,85.4,,90.5,12880,93,94,90,126
George Kirby,SEA,49,202,3.76,8,1.12,40.10%,41.90%,23.30%,90.7,95.5,,,,95.5,25436,99,189,122,108
Jake Odorizzi,HOU,31.2,128,3.44,1,1.17,43.00%,28.70%,16.40%,87,92.2,,88.2,85.6,92.2,6397,75,26,86,114
Chris Archer,MIN,57.1,242,4.73,8,1.22,42.60%,42.10%,18.60%,89.2,93.1,,,,93.1,6345,82,109,123,109
Nathan Eovaldi,BOS,68.1,279,4.54,16,1.1,37.90%,45.90%,25.80%,91.3,96.5,,92.1,88.5,96.5,9132,117,195,116,100
Kyle Wright,ATL,85,346,2.89,5,1.16,28.90%,37.60%,26.60%,89.2,95.3,,,,95.3,19665,115,54,78,81
Ryan Pepiot,LAD,11.1,52,5.42,1,1.5,56.00%,42.30%,25.00%,86.6,94.3,,,,94.3,26221,112,72,133,155
Daniel Castano,MIA,17,74,4.89,2,1.41,29.60%,33.90%,13.50%,86.9,91.6,,86.3,,91.6,19805,60,97,124,82
Matt Wisler,TBR,5.2,22,4.54,1,0.88,47.10%,35.30%,18.20%,87.9,89.5,,,,89.5,12804,91,125,118,117
Jalen Beeks,TBR,5.2,22,3.3,0,1.06,40.00%,53.30%,18.20%,87.2,95.7,,,,95.7,17192,114,109,113,119
Kevin Gausman,TOR,79,333,1.75,2,1.28,33.60%,38.60%,26.10%,88.4,94.7,,,84.9,94.7,14107,122,19,40,89
Jameson Taillon,NYY,79,323,3.3,8,1.11,36.90%,35.90%,19.50%,89,93.9,,90.3,,93.9,11674,90,79,79,96
Joe Ryan,MIN,59,243,3.94,7,1.12,53.90%,36.10%,21.80%,87.6,91.7,,,,91.7,21390,102,88,92,146
Frankie Montas,OAK,89.2,361,3.15,9,1.08,31.30%,36.60%,25.50%,88.5,96.2,,89.4,86.4,96.2,14309,117,87,81,88
Jason Alexander,MIL,28,124,3.95,1,1.64,26.80%,40.40%,10.50%,88.4,93.5,,,,93.5,19666,47,29,98,74
Michael Pineda,DET,22.1,88,4.92,4,1.07,45.80%,47.20%,13.60%,92.7,90.2,,,,90.2,5372,63,183,134,114
Nick Pivetta,BOS,88.2,358,3.55,9,1.11,43.20%,44.40%,24.00%,90.9,93.3,,,,93.3,15454,107,88,93,114
Yu Darvish,SDP,88.1,352,3.19,6,0.98,41.40%,38.20%,21.30%,88,95.2,,86.5,89.3,95.2,13074,95,56,81,114
Graham Ashcraft,CIN,41.1,171,3.73,4,1.09,23.10%,34.80%,15.80%,85.2,,,97.4,,97.4,27552,66,94,99,67
Cole Irvin,OAK,68.1,285,4.3,9,1.24,38.40%,40.20%,16.50%,89.5,90.7,,,,90.7,19244,76,122,114,101
Marco Gonzales,SEA,81.2,348,5.38,14,1.31,36.20%,37.50%,13.50%,87.8,88.4,,86.1,,88.4,15467,59,133,136,93
Jakob Junis,SFG,38,152,4.39,6,1,34.80%,39.30%,19.70%,89.4,91.1,,85.3,,91.1,13619,88,130,114,96
Adam Wainwright,STL,84,347,3.58,7,1.26,31.60%,33.60%,19.30%,88.2,88.3,,84.9,,88.3,2233,91,63,87,85
Cristian Javier,HOU,51.1,214,3.11,4,1.15,58.50%,32.00%,29.90%,88.2,93.8,,,,93.8,17606,150,72,71,157
Tyler Wells,BAL,64.2,261,4.28,8,1.1,46.80%,37.30%,15.30%,87.8,93.7,,,,93.7,20000,70,108,103,126
David Peterson,NYM,45.2,194,3.63,3,1.23,27.00%,39.70%,22.70%,88.1,93.2,,,,93.2,20302,111,79,94,74
John Means,BAL,8,34,2.13,0,1.25,36.00%,40.00%,20.60%,88.5,91.7,,,,91.7,16269,94,0,48,95
Luis Severino,NYY,72,293,3.74,11,1.07,41.20%,37.60%,29.70%,88.5,95.8,,88.5,,95.8,15890,131,118,90,111
Triston McKenzie,CLE,71.1,282,4.74,14,1,54.40%,43.40%,23.00%,90.9,92.3,,,,92.3,18000,106,173,123,140
Drew Rasmussen,TBR,58,238,3.88,7,1.14,27.90%,40.70%,20.60%,89.8,95.3,,91.7,,95.3,25385,94,101,102,74
Edward Cabrera,MIA,15.2,69,5.17,2,1.21,35.70%,28.60%,21.70%,85.3,96.9,,,,96.9,21690,97,105,131,99
Corey Kluber,TBR,73,297,3.58,9,1.08,43.00%,35.30%,22.20%,87,89.1,,86.2,,89.1,2429,97,99,94,111
MacKenzie Gore,SDP,56.1,240,3.48,4,1.35,37.80%,45.00%,25.40%,90.8,94.9,,,,94.9,22201,114,58,88,105
Adrian Sampson,CHC,5,21,2.33,0,1.2,64.30%,21.40%,23.80%,82.4,92.7,,86.4,,92.7,13339,89,79,88,92
Jose Quintana,PIT,70,296,3.71,7,1.31,32.90%,38.40%,20.60%,86.6,90.8,,,,90.8,11423,93,76,90,93
Josh Winckowski,BOS,20,86,3.38,1,1.45,25.40%,46.30%,15.10%,89.6,93.4,,88.3,,93.4,22387,69,42,85,67
Tarik Skubal,DET,79.1,319,2.67,6,1.13,35.30%,41.00%,26.30%,89.7,94.1,,,,94.1,22267,119,60,67,92
Merrill Kelly,ARI,84,351,3.32,5,1.3,34.70%,34.90%,20.20%,88.1,92.7,,91,,92.7,11156,88,54,87,94
Luis Garcia,HOU,71,290,4.08,12,1.07,44.80%,37.80%,25.50%,89.3,94.2,,85.6,,94.2,23735,117,142,104,117
Spencer Strider,ATL,29.1,123,2.82,3,1.13,34.80%,42.00%,34.10%,89.4,97.9,,,,97.9,27498,153,84,72,96
Luis Castillo,CIN,51,214,3.46,4,1.14,31.90%,35.40%,22.90%,89,96.5,,,,96.5,15689,112,58,77,88
Dakota Hudson,STL,75,311,4.59,6,1.35,26.50%,44.80%,13.20%,90.1,92,,,,92,19206,59,62,114,73
Madison Bumgarner,ARI,74.1,323,4.81,12,1.37,42.40%,45.30%,16.40%,90.4,91.1,,87.7,,91.1,5524,74,124,118,115
Cal Quantrill,CLE,76.2,318,4.36,8,1.27,39.50%,35.70%,15.10%,88.4,92.7,,87.9,,92.7,19312,66,99,114,102
Drew Smyly,CHC,42.2,180,4.74,8,1.27,38.80%,32.60%,18.90%,84.3,,,88,,88,11760,84,154,117,107
Josiah Gray,WSN,75.1,317,5.05,15,1.21,50.00%,37.60%,25.90%,88.7,94.1,,,,94.1,24580,114,162,122,136
Noah Syndergaard,LAA,58.1,245,4.02,6,1.2,35.30%,35.30%,16.30%,87.1,94.2,,,,94.2,11762,79,77,92,94
Sean Manaea,SDP,79,322,3.92,11,1.15,42.10%,38.70%,25.50%,89.8,,,,,0,15873,115,106,96,118
Eric Lauer,MIL,74,309,4.87,16,1.19,44.30%,42.00%,24.90%,89.4,93.5,,91,,93.5,19316,109,168,117,123
Zach Davies,ARI,80,332,4.25,10,1.2,39.40%,31.40%,18.70%,86.2,,,87.5,,87.5,13183,84,103,107,109
Chad Kuhl,COL,68.1,297,4.21,7,1.43,37.70%,41.70%,17.50%,89.8,93,,,,93,14975,78,74,94,110
Mitch White,LAD,20.1,86,4.35,3,1.13,39.00%,39.00%,22.10%,91.8,93.8,,,,93.8,19225,93,99,99,101
Kutter Crawford,BOS,9,38,5.13,2,1.22,45.80%,29.20%,26.30%,85.3,94.2,,88.6,,94.2,20531,120,185,131,121
Matthew Liberatore,STL,18,82,6.01,4,1.61,48.20%,52.60%,18.30%,91.2,92.5,,,,92.5,22294,82,182,152,133
Bailey Ober,MIN,33.2,142,2.8,2,1.28,49.50%,34.00%,20.40%,89.2,91.6,,,,91.6,21224,93,50,69,131
Chris Bassitt,NYM,89.2,369,3.93,13,1.15,38.20%,34.20%,25.70%,86,93.1,,88.9,,93.1,12304,115,119,100,106
Walker Buehler,LAD,65,274,3.82,8,1.29,32.10%,41.60%,21.20%,87.9,95.2,,91.5,,95.2,19374,95,101,95,89
Chris Paddack,MIN,22.1,93,1.74,0,1.21,32.40%,41.40%,21.50%,88.7,93,,,,93,20099,98,0,41,85
Jesus Luzardo,MIA,29,119,3.75,4,1.17,38.70%,46.80%,34.50%,90.3,97.2,,,,97.2,19959,154,113,96,107
Robbie Ray,SEA,90.2,373,4.18,14,1.18,42.70%,40.00%,26.00%,90.2,93.1,,,,93.1,11486,120,120,103,116
Braxton Garrett,MIA,17.2,85,3.86,2,1.7,33.30%,42.60%,20.00%,90,91.6,,,,91.6,21844,94,74,87,82
Rich Hill,BOS,66,276,3.99,8,1.27,40.20%,34.50%,19.90%,88.2,88.4,,84.1,,88.4,4806,88,94,103,103
Jon Heasley,KCR,41.1,180,5.52,7,1.38,43.90%,44.40%,17.80%,90.3,93.8,,,,93.8,22224,79,148,145,116
JT Brubaker,PIT,76,345,4.09,9,1.43,37.30%,35.20%,22.00%,88.4,92.8,,,,92.8,17578,99,90,98,104
Garrett Whitlock,BOS,39,164,3.61,5,1.26,38.80%,42.20%,23.20%,90.2,94.9,,,,94.9,20191,105,107,91,102
Shane Baz,TBR,13,53,4.2,2,1.08,43.80%,50.00%,28.30%,89.7,96.1,,,,96.1,22264,129,89,93,112
Dane Dunning,TEX,82,355,3.91,8,1.33,28.80%,38.00%,20.80%,87.5,85.8,,85.8,,85.8,19409,92,85,101,74
Zach Plesac,CLE,73.1,312,4.61,11,1.24,38.50%,42.90%,16.00%,90,91.9,,,,91.9,19979,77,116,113,103
Jon Gray,TEX,64.2,267,3.43,6,1.18,35.50%,38.70%,25.50%,88.2,95.6,,,,95.6,14916,118,70,81,90
Ranger Suarez,PHI,72.1,318,4.31,8,1.48,27.40%,30.10%,17.90%,86.5,93.3,,,,93.3,17277,83,94,103,76
Jackson Tetreault,WSN,17,75,5.36,3,1.41,40.30%,58.10%,10.70%,93,94.7,,86.5,,94.7,20565,48,145,130,116
Michael Lorenzen,LAA,68,285,3.96,5,1.26,31.00%,37.30%,18.20%,88.5,94.7,,90.5,,94.7,14843,82,94,110,84
Tucker Davidson,ATL,12.2,58,4.47,0,1.66,26.30%,35.90%,13.80%,89.1,93.6,,,,93.6,19871,62,0,112,73
Bailey Falter,PHI,12.2,56,5.81,3,1.42,46.30%,24.40%,17.90%,87.9,90.9,,,,90.9,20070,91,197,137,133
Brady Singer,KCR,48.1,196,4.18,8,1.12,36.40%,39.40%,21.90%,90.2,92.3,,,,92.3,25377,100,138,107,98
Kyle Freeland,COL,79.2,350,4.14,7,1.37,35.60%,42.60%,15.10%,90,90.3,,,,90.3,16256,69,86,103,98
Nick Martinez,SDP,52.1,230,5.17,9,1.55,32.90%,44.50%,20.40%,89,92.9,,87.5,,92.9,12730,91,141,129,91
Chris Flexen,SEA,77.1,334,4.64,11,1.42,45.70%,42.60%,16.50%,90.7,91.4,,87.1,,91.4,13896,73,110,117,122
Tanner Houck,BOS,16.2,69,3.19,0,1.32,23.90%,42.60%,18.80%,92.4,95.1,,,87.4,95.1,19879,86,0,80,63
Davis Martin,CHW,10.1,46,4.29,1,1.35,24.20%,42.40%,17.40%,89.2,93.7,,,,93.7,21448,79,81,105,64
Jose Urquidy,HOU,74.1,324,4.82,14,1.37,43.40%,45.40%,17.00%,91.3,93.7,,87.4,,93.7,18413,77,157,122,116
Zach Eflin,PHI,68,285,3.85,8,1.19,37.30%,31.90%,19.60%,85.2,93.1,,89.9,,93.1,13774,88,97,93,103
Keegan Thompson,CHC,35,149,5.01,6,1.31,42.70%,37.90%,20.10%,89.2,93.8,,90.4,,93.8,19795,97,119,107,117
Eduardo Rodriguez,DET,39,169,4.02,4,1.33,41.00%,35.60%,20.10%,87.7,91.9,,88.7,,91.9,13164,91,86,101,108
Freddy Peralta,MIL,38.2,165,2.12,1,1.19,30.30%,40.40%,30.30%,87.5,92.7,,,,92.7,18679,136,21,54,84
Carlos Carrasco,NYM,77.1,330,3.58,9,1.29,33.90%,38.40%,23.30%,88.4,93.4,,,,93.4,6632,104,101,95,93
Erick Fedde,WSN,68.2,299,4.25,7,1.47,35.10%,42.00%,18.40%,88.3,93.1,,88.8,,93.1,17425,83,89,106,102
Kyle Gibson,PHI,80.1,336,3.9,9,1.26,30.00%,38.20%,20.20%,88.7,91.8,,88.9,,91.8,10123,91,92,94,83
Wil Crowe,PIT,2,8,8.13,1,1,50.00%,50.00%,37.50%,94.4,94.4,,,,94.4,19800,168,411,199,138
Adrian Houser,MIL,74,323,3.85,6,1.45,28.30%,39.40%,17.60%,88.2,94.6,,,,94.6,12718,76,86,104,81
Konnor Pilkington,CLE,22,105,3.67,1,1.77,40.30%,35.80%,21.90%,88.8,92.2,,,,92.2,21453,97,63,104,100
Tyler Mahle,CIN,87.1,372,3.38,9,1.27,46.70%,36.80%,26.10%,88.4,93.5,,85.9,85.5,93.5,16358,117,85,81,129
Beau Brieske,DET,63.1,266,5.59,14,1.26,43.60%,43.80%,16.20%,89.5,94.3,,,,94.3,26079,73,184,141,115
Zach Thompson,PIT,53.1,233,5.6,11,1.41,33.70%,37.10%,17.20%,87.9,92.5,,86.5,,92.5,16094,77,169,138,93
Brad Keller,KCR,79,334,4.47,10,1.34,30.90%,39.30%,15.30%,89.2,93.8,,,,93.8,15734,71,98,111,79
Justin Steele,CHC,64.2,286,3.59,5,1.45,27.20%,33.70%,21.30%,87,92.2,,,,92.2,17312,97,59,88,73
Ian Anderson,ATL,74.1,322,4.44,9,1.45,32.30%,42.30%,20.20%,89.1,93.8,,,,93.8,19951,88,108,115,92
Antonio Senzatela,COL,58,265,3.66,4,1.78,27.40%,41.00%,12.50%,90.5,94.1,,,,94.1,15488,55,68,92,75
Reid Detmers,LAA,58,237,5.37,11,1.1,44.90%,41.70%,18.60%,89.4,92.9,,87.4,,92.9,27468,84,158,133,119
Zack Greinke,KCR,57.2,244,4.32,7,1.27,38.10%,41.40%,11.90%,88.6,88.7,,87.5,,88.7,1943,54,105,113,102
Bryce Elder,ATL,19,87,6.28,3,1.68,34.50%,41.70%,13.80%,87.8,,,89.4,,89.4,27779,62,130,155,95
Brandon Woodruff,MIL,43.2,186,3.81,7,1.24,44.30%,39.80%,28.50%,88.5,96,,,,96,16162,139,118,83,122
Dylan Bundy,MIN,60,257,4.41,10,1.28,42.30%,37.40%,17.90%,89.2,89.3,,,,89.3,12917,77,128,108,114
Alex Faedo,DET,48.1,213,4.51,7,1.49,43.20%,39.70%,18.30%,91.2,92.8,,,,92.8,19874,83,121,113,114
Charlie Morton,ATL,74.1,322,4.19,11,1.28,36.70%,41.00%,26.70%,88.8,95.2,,88,,95.2,4676,117,113,104,101
Trevor Williams,NYM,24,103,5.25,5,1.38,38.80%,35.80%,15.50%,87.9,90.7,,,,90.7,16977,69,171,133,107
Kyle Hendricks,CHC,75.1,319,4.86,13,1.3,43.00%,38.80%,17.20%,87.5,86.9,,,,86.9,12049,81,141,118,118
Aaron Ashby,MIL,40.1,184,4.56,6,1.59,23.90%,29.80%,25.00%,87.7,95.4,,,,95.4,23550,112,122,112,66
Evan Lee,WSN,3.2,19,5.31,0,1.91,38.50%,30.80%,10.50%,84.1,91.8,,,,91.8,24988,47,0,129,106
Jordan Lyles,BAL,85.2,379,4.32,11,1.46,36.50%,39.10%,18.50%,88.9,91.9,,,,91.9,7593,84,107,102,96
Daniel Lynch,KCR,63.2,290,4.48,9,1.54,43.70%,45.30%,22.40%,91,94,,,,94,21537,102,118,114,115
Mitch Keller,PIT,60,263,4.14,6,1.38,31.70%,35.80%,18.60%,88.2,96,,,,96,17594,83,77,103,84
Chase Silseth,LAA,16.1,71,6.43,4,1.47,31.40%,48.10%,15.50%,90.4,95.7,,,86,95.7,30074,87,202,144,75
Dillon Peters,PIT,9,37,2.79,0,1.11,32.10%,46.40%,16.20%,92.2,93,,,,93,18790,73,0,71,89
Tylor Megill,NYM,41.1,174,3.61,6,1.21,33.00%,33.90%,27.00%,89.3,95.7,,87.6,,95.7,21318,121,119,92,91
Alex Wood,SFG,67.2,292,3.61,7,1.37,26.70%,38.40%,22.30%,88.2,,,,,0,13781,101,90,94,74
Yusei Kikuchi,TOR,56.2,259,5.84,13,1.59,39.90%,49.40%,25.50%,92.6,94.8,,91.2,,94.8,20633,120,186,142,100
Jose Suarez,LAA,26.1,123,5.02,4,1.75,37.00%,41.50%,20.30%,90.1,92.7,,,,92.7,19911,92,127,124,98
Spenser Watkins,BAL,35,161,5.58,5,1.63,39.50%,40.30%,11.20%,90.6,91.9,,87.3,,91.9,17489,57,102,120,108
Josh Rogers,WSN,14,60,5.98,3,1.36,45.80%,43.80%,11.70%,90,90.3,,,,90.3,18510,52,176,145,127
Drew Hutchison,DET,8.2,38,5.55,1,1.5,37.50%,46.90%,5.30%,91.4,92.7,,,,92.7,10732,24,96,140,99
Glenn Otto,TEX,42.1,187,5.18,5,1.51,34.20%,42.30%,18.20%,90.2,92.6,,,,92.6,21366,78,108,140,91
Marcus Stroman,CHC,47.1,198,4.18,8,1.23,33.10%,47.50%,22.70%,91.3,92.1,,87.9,86.6,92.1,13431,102,139,104,91
Vince Velasquez,CHW,35.1,157,5.13,7,1.42,45.00%,43.80%,19.70%,91.2,93.4,,,,93.4,11189,90,165,126,119
Casey Mize,DET,10,45,4.23,1,1.5,47.40%,41.00%,8.90%,92,93.4,,,84.5,93.4,20492,40,83,106,125
Johan Oviedo,STL,5,26,6.13,1,2.2,29.40%,29.40%,19.20%,84.4,95.8,,,,95.8,22487,86,164,155,81
Lucas Giolito,CHW,63.1,279,5.08,15,1.56,42.50%,47.20%,27.20%,90.7,93.1,,,,93.1,15474,123,181,117,112
Jimmy Lambert,CHW,6.2,31,4.63,1,1.5,36.40%,31.80%,19.40%,83.8,93.1,,,,93.1,19541,88,125,113,96
Alex Cobb,SFG,46,200,3.21,5,1.46,21.50%,31.80%,26.50%,87.1,94.9,,,89.6,94.9,6562,114,80,83,58
Rony Garcia,DET,29.1,120,4.86,6,1.19,44.00%,52.40%,22.50%,92.3,93,,,,93,20430,100,170,124,125
Nick Lodolo,CIN,14.2,69,4.63,3,1.57,27.90%,41.90%,27.50%,86.1,91.9,,,,91.9,26378,123,168,110,77
German Marquez,COL,80.2,357,4.85,14,1.5,30.10%,45.00%,19.00%,90.4,95.1,,,,95.1,15038,83,147,117,86
Blake Snell,SDP,35.1,156,3.78,3,1.44,40.80%,34.70%,24.40%,88.9,95.5,,,,95.5,13543,125,81,94,116
Jack Flaherty,STL,8,42,7,1,2.13,45.80%,23.10%,14.30%,86.6,92.1,,,,92.1,17479,64,103,176,127
Hunter Greene,CIN,70,305,5.7,20,1.36,54.90%,36.20%,28.90%,89.9,98.4,,,,98.4,22182,129,222,131,149
Humberto Castellanos,ARI,41.1,180,4.89,7,1.35,40.00%,37.50%,16.70%,89.5,89.4,,,,89.4,21183,75,139,123,111
Hyun-Jin Ryu,TOR,27,113,4.79,5,1.33,37.00%,44.10%,14.20%,91.1,89.3,,86,,89.3,14444,64,155,121,98
Daulton Jefferies,OAK,39.1,172,3.79,4,1.37,37.60%,38.10%,16.30%,89.1,92.3,,89.5,,92.3,19345,74,85,97,99
Zach Logue,OAK,23.1,107,6.6,7,1.59,56.60%,48.10%,18.70%,91.6,89.9,,,,89.9,20231,85,250,172,149
Jordan Hicks,STL,24.2,112,5.56,3,1.5,26.20%,41.50%,21.40%,88.8,98.7,,,,98.7,19618,96,100,141,72
Matt Swarmer,CHC,24.2,107,8.19,11,1.34,53.40%,46.60%,22.40%,91.3,90.5,,,,90.5,19705,100,366,199,148
Trevor Rogers,MIA,63,290,4.87,10,1.63,38.40%,33.50%,20.00%,88.1,94.7,,,,94.7,22286,90,121,121,104
Jose Berrios,TOR,78.1,341,5.27,17,1.39,40.80%,47.60%,18.80%,91.2,93.8,,,,93.8,14168,83,170,131,102
Cody Poteet,MIA,7.2,31,5.08,1,1.17,27.30%,36.40%,16.10%,88.9,94.5,,,,94.5,18769,72,107,129,75
James Kaprielian,OAK,52,228,6.11,11,1.42,42.30%,38.40%,15.80%,89.5,93.7,,,,93.7,18331,72,158,150,113
Elieser Hernandez,MIA,42.2,191,6.73,14,1.38,54.80%,35.80%,19.90%,88.4,91.3,,,,91.3,16933,89,269,170,152
Bruce Zimmermann,BAL,66.2,289,5.84,18,1.47,41.40%,41.70%,15.90%,91,90.6,,,,90.6,20370,72,225,139,109
Garrett Richards,TEX,3,14,7.46,1,2,22.20%,33.30%,21.40%,88.7,93.9,,,,93.9,9784,97,278,191,59
Ty Blach,COL,3,15,4.13,0,2.33,35.70%,57.10%,0.00%,89.6,,,84.8,,84.8,14361,0,0,98,99
Eli Morgan,CLE,3,12,6.13,1,1,80.00%,60.00%,41.70%,92.2,91.2,,,,91.2,20203,189,278,157,211
Steven Matz,STL,37.1,164,4.28,8,1.39,34.20%,41.40%,26.80%,89.6,,,,,0,13361,120,176,109,95
Ryan Feltner,COL,33.2,149,4.46,6,1.34,36.50%,49.50%,22.10%,90.1,94.7,,,,94.7,21446,99,146,105,101
Lance Lynn,CHW,16,73,4.38,3,1.44,30.00%,47.10%,23.30%,88.9,92.9,,89.1,,92.9,2520,104,114,94,96
Ryan Yarbrough,TBR,24.2,115,5.23,3,1.54,47.00%,34.50%,13.90%,86.5,,,83.2,,83.2,16502,63,101,138,124
Taylor Hearn,TEX,59,278,4.85,9,1.75,37.20%,44.00%,19.40%,91.8,94.4,,88.6,,94.4,18325,88,127,123,98
Jared Koenig,OAK,18.1,90,6.45,3,1.75,35.40%,45.50%,11.10%,90.6,89.1,,83.1,,89.1,27517,51,137,168,93
Austin Gomber,COL,63,272,4.43,9,1.48,35.70%,37.10%,18.00%,88.4,91,,,,91,16561,81,117,104,99
Patrick Corbin,WSN,73.2,355,4.97,13,1.79,31.90%,44.40%,17.70%,90.8,91.7,,,,91.7,9323,87,141,115,90
Ethan Small,MIL,2.2,15,4.63,0,3,14.30%,57.10%,26.70%,91.1,91.2,,,,91.2,26364,119,0,114,39
Joan Adon,WSN,60.2,289,5.27,8,1.75,32.50%,36.50%,17.30%,88.9,94.9,,,,94.9,22925,77,108,128,90
Chi Chi Gonzalez,- - -,15,64,5.99,4,1.53,28.80%,38.50%,14.10%,86.3,92.6,,90.7,,92.6,14663,63,221,149,83
Aaron Civale,CLE,40,187,4.48,6,1.6,41.10%,40.00%,20.90%,90.2,90.4,,86.1,85.3,90.4,19479,95,125,114,111
Kris Bubic,KCR,33,155,5.16,5,1.82,33.30%,47.20%,18.70%,90.2,91.6,,,,91.6,21455,78,133,138,87
Bryan Baker,BAL,3.2,15,2.58,0,1.09,66.70%,33.30%,26.70%,87.9,96,,87,,96,19804,121,0,59,176
Kyle Bradish,BAL,46.1,212,5.59,11,1.77,33.10%,42.80%,21.70%,91.4,94.8,,,,94.8,24586,99,198,133,87
Matt Brash,SEA,20,95,5.88,3,2.05,20.70%,44.80%,20.00%,92,95.9,,,,95.9,25756,91,125,153,55
Mike Minor,CIN,25.2,119,7.96,10,1.6,52.30%,34.90%,17.60%,89,90.5,,,,90.5,10021,75,285,173,143
Vladimir Gutierrez,CIN,35,168,6.53,7,1.83,47.70%,43.80%,16.70%,89.6,92.8,,,,92.8,19278,75,164,154,132
Cristopher Sanchez,PHI,2.1,11,9.55,1,1.29,57.10%,28.60%,18.20%,91.2,,,,,0,20778,81,352,226,158
Dallas Keuchel,- - -,36.1,186,5.68,6,2.15,27.20%,35.30%,14.50%,88.3,87,,85.3,,87,9434,66,138,141,72
Joey Wentz,DET,6.2,29,2.53,0,1.5,27.30%,59.10%,17.20%,94,93.2,,86.9,,93.2,19962,78,0,62,72
Aaron Sanchez,WSN,31.1,141,5.45,6,1.76,30.60%,51.70%,11.30%,93.8,91.9,,,,91.9,11490,51,157,133,85
Mark Leiter,CHC,9.1,45,6.98,2,1.82,33.30%,26.70%,15.60%,88.2,91.3,,86.9,,91.3,15551,70,176,171,92
Tyler Alexander,DET,12.1,59,6.04,3,1.78,40.90%,37.80%,15.30%,87.1,89.7,,84.9,,89.7,17735,69,203,153,108
Richard Bleier,MIA,1,5,4.13,0,2,33.30%,66.70%,20.00%,97.7,90.5,,87.2,,90.5,7803,89,0,105,92
Kirk McCarty,CLE,4,20,11.88,3,2,38.90%,44.40%,10.00%,88.4,92.1,,89.3,,92.1,20555,45,626,309,103
Luis Gil,NYY,4,19,2.13,0,1.75,25.00%,41.70%,26.30%,87.5,96.8,,,,96.8,21052,120,0,50,66
Zack Thompson,STL,5,24,8.73,2,1.8,45.00%,45.00%,8.30%,87.9,93.6,,,,93.6,25918,37,328,219,124
Tyler Gilbert,ARI,13,61,8.82,6,1.54,45.20%,43.20%,18.00%,90.2,89.8,,86.9,81.9,89.8,17964,81,379,218,125
Carlos Hernandez,KCR,29.2,149,5.92,4,2.16,38.20%,40.20%,10.70%,88.9,95.2,,,84,95.2,22713,49,112,153,101
Cole Sands,MIN,12.1,65,6.53,3,2.03,40.90%,36.40%,18.50%,89.1,91.6,,84,,91.6,21461,84,203,166,108
Ryan Weathers,SDP,3.2,21,4.76,0,2.73,28.60%,35.70%,14.30%,88.1,93.5,,,,93.5,23796,64,0,119,79
Anthony DeSclafani,SFG,19,94,4.86,4,2.05,36.60%,45.80%,18.10%,91.6,92.7,,,,92.7,13050,81,173,126,101
Josh Fleming,TBR,7,37,4.7,1,2.29,26.90%,53.80%,18.90%,95.3,92,,84.3,,92,20418,86,119,124,71
Packy Naughton,STL,7,33,5.13,2,1.71,37.00%,40.70%,18.20%,89.4,92.1,,,,92.1,23292,81,235,130,102
Caleb Kilian,CHC,11.1,56,4.98,0,2.03,41.20%,44.10%,16.10%,91.1,94.6,,89.4,,94.6,26213,72,0,123,114
Chris Ellis,BAL,4.1,25,7.05,0,2.54,31.30%,6.30%,8.00%,83.7,92.6,,,,92.6,16125,36,0,169,83
Elvin Rodriguez,DET,17.2,83,8.79,8,1.81,45.00%,50.80%,16.90%,94.3,93,,,,93,20962,77,378,225,119
Bryse Wilson,PIT,20.2,108,6.71,5,2.32,38.00%,41.30%,13.90%,91.2,93,,,,93,19990,62,199,165,105
Adam Oller,OAK,14.2,76,9.4,6,2.18,47.20%,49.10%,14.50%,92.3,92.5,,88.7,,92.5,20132,66,341,247,125
Huascar Ynoa,ATL,6.2,37,7.33,2,2.55,26.10%,65.20%,21.60%,93.1,96.4,,,,96.4,20468,97,246,181,72
Stephen Strasburg,WSN,4.2,23,5.7,1,2.14,38.50%,33.30%,21.70%,86.6,90.3,,,,90.3,10131,97,176,138,106
Luis Patino,TBR,0.2,3,3.13,0,1.5,33.30%,0.00%,0.00%,78,94.8,,,,94.8,22815,0,0,81,88
Tommy Romero,TBR,1.2,11,18.73,1,4.2,40.00%,40.00%,9.10%,85.1,90.2,,,83.7,90.2,23465,41,501,507,106
Alec Mills,CHC,2.2,15,19.25,3,2.63,58.30%,41.70%,6.70%,95.4,89,,,,89,13834,30,924,463,161
Jesse Chavez,ATL,1,6,3.13,0,3,66.70%,83.30%,0.00%,98,89,,88.6,,89,5448,0,0,79,184
Erasmo Ramirez,WSN,3,18,16.46,3,2.67,63.60%,45.50%,22.20%,93.4,94.9,,88.7,,94.9,10314,99,821,392,176
Spencer Howard,TEX,3,15,17.13,4,2,60.00%,70.00%,33.30%,103,95.5,,86.3,,95.5,23252,152,1112,444,158
Reiver Sanmartin,CIN,11.1,67,8.68,4,3.09,26.00%,50.00%,11.90%,90,89.4,,,,89.4,19754,53,290,203,72
Daniel Norris,CHC,1.1,7,8.38,0,2.25,33.30%,100.00%,14.30%,101.8,90.5,,,,90.5,13475,64,0,204,92
Jerad Eickhoff,PIT,4.1,27,10.05,2,2.54,36.80%,36.80%,14.80%,87.4,88.8,,,,88.8,12664,66,379,245,102
Luke Weaver,ARI,3.2,22,4.76,1,3,25.00%,50.00%,22.70%,95.2,93.3,,87.1,,93.3,16918,102,224,119,69
Kyle Muller,ATL,2.2,19,7.63,0,3.75,11.10%,0.00%,15.80%,85.3,95,,,,95,20167,71,0,188,31
Luis Cessa,CIN,1,7,3.13,0,5,14.30%,0.00%,0.00%,86.3,95,,,,95,13345,0,0,76,39
Caleb Smith,ARI,1,9,34.13,2,5,50.00%,75.00%,22.20%,90.3,91.2,,,,91.2,14875,99,1642,831,138
Dauri Moreta,CIN,0.1,3,36.13,1,6,50.00%,100.00%,33.30%,102.7,93.7,,,,93.7,21101,149,2463,834,138
Thomas Szapucki,NYM,1.1,13,45.88,4,7.5,62.50%,100.00%,15.40%,102,95.1,,,,95.1,21065,69,2463,1128,173
Tyson Miller,TEX,0.2,9,16.63,0,9,33.30%,16.70%,0.00%,81.4,91.3,,,,91.3,19976,0,0,431,88
