playerId,Name,Tm,IP,TBF,FIP,HR,WHIP,FB%,Hard%,K%
1157,Tommy Hunter,2 Tms,21.2,84,2.715074981,1,0.87692308,0.31481481,0.23636364,0.26190476
1246,Matt Bush,TEX,19,84,4.814844937,5,1.31578947,0.37037037,0.34545455,0.28571429
1247,Adam Ottavino,3 Tms,76.2,317,3.957093227,9,1.21304348,0.3968254,0.21693122,0.27760252
1514,Oliver Perez,2 Tms,15.1,66,3.438945686,1,1.36956522,0.39534884,0.3255814,0.22727273
1581,Sean Doolittle,3 Tms,31.2,152,6.326622725,7,1.73684211,0.57281553,0.33653846,0.17763158
1890,Matt Moore,2 Tms,74,332,5.263777309,12,1.52702703,0.4195122,0.3254717,0.21686747
1943,Zack Greinke,2 Tms,164.1,701,4.753006378,31,1.32657201,0.39122486,0.32,0.16975749
2036,Clayton Kershaw,LAD,167.2,664,3.069728727,22,0.972167,0.32552693,0.32951945,0.29518072
2233,Adam Wainwright,STL,175,697,3.472327019,17,1.05714286,0.31300813,0.2983871,0.22094692
2391,Hector Rondon,ARI,12.1,59,7.083311682,4,1.78378378,0.4047619,0.45238095,0.18644068
2429,Corey Kluber,3 Tms,87.1,366,4.822031767,15,1.31679389,0.39920949,0.31496063,0.21038251
2520,Lance Lynn,2 Tms,133.2,541,3.464662737,17,0.99501247,0.41040462,0.3008596,0.27911275
2608,Jhoulys Chacin,2 Tms,54.1,228,4.204312411,8,1.26993865,0.36196319,0.35542169,0.20175439
2717,Rick Porcello,NYM,33,146,3.797480402,4,1.57575758,0.38461538,0.3047619,0.21232877
2859,Ross Detwiler,4 Tms,47,204,5.128344928,11,1.25531915,0.46825397,0.4047619,0.27941176
3096,Kenley Jansen,2 Tms,65.1,266,2.549004203,2,1.07142857,0.50340136,0.19727891,0.31578947
3132,Tony Watson,2 Tms,46.1,182,3.650239143,4,0.97122302,0.38235294,0.2189781,0.18131868
3137,Max Scherzer,3 Tms,152.1,582,2.524198869,18,0.84682713,0.4408284,0.31671554,0.36254296
3184,David Price,LAD,56.2,248,4.291783797,8,1.42941176,0.32386364,0.30508475,0.2016129
3192,Will Harris,WSN,13.1,66,5.736608016,3,1.8,0.34146341,0.48780488,0.24242424
3200,Ervin Santana,KCR,39.1,161,3.144610392,2,1.16949153,0.36440678,0.35,0.1863354
3237,T.J. McFarland,2 Tms,52.1,224,5.013714366,6,1.50955414,0.24324324,0.40322581,0.08482143
3240,Zack Britton,NYY,28,119,4.252919301,2,1.39285714,0.18604651,0.24418605,0.15966387
3281,Joe Smith,3 Tms,45.1,197,4.521168066,7,1.45588235,0.19047619,0.25333333,0.17258883
3284,Anibal Sanchez,WSN,23.1,115,6.877134082,7,1.84285714,0.4047619,0.4,0.16521739
3321,Darren O'Day,2 Tms,31.1,134,2.876132098,3,1.14893617,0.43529412,0.25882353,0.29104478
3542,Danny Duffy,KCR,97.1,411,4.05386815,12,1.30479452,0.44852941,0.26007326,0.23600973
3548,Liam Hendriks,2 Tms,64.2,250,2.469151836,8,0.86597938,0.46206897,0.27891156,0.364
4020,Yusmeiro Petit,OAK,60.1,251,4.45112148,9,1.16022099,0.43283582,0.30097087,0.13944223
4026,Hector Santiago,SEA,18.2,81,3.062891262,1,1.33928571,0.44642857,0.28571429,0.22222222
4141,Derek Holland,2 Tms,62.1,292,5.95629957,17,1.6684492,0.40860215,0.44148936,0.24657534
4153,Jake Arrieta,3 Tms,72,323,5.274384899,15,1.56944444,0.29113924,0.37344398,0.17956656
4185,Rafael Dolis,TOR,32.1,148,4.013243093,2,1.51546392,0.35555556,0.26373626,0.22972973
4264,Mark Melancon,3 Tms,63,272,3.67262859,5,1.42857143,0.2565445,0.29533679,0.19852941
4301,Justin Wilson,3 Tms,36.2,161,3.856012473,4,1.41818182,0.39175258,0.23232323,0.26086957
4338,Tyler Chatwood,3 Tms,27,121,4.804680144,4,1.40740741,0.30555556,0.25,0.25619835
4676,Charlie Morton,2 Tms,158.2,668,3.293701013,14,1.18487395,0.28026906,0.26666667,0.24401198
4696,Nate Jones,3 Tms,23.2,103,4.995971731,5,1.35211268,0.44444444,0.30555556,0.22330097
4776,Matt Shoemaker,2 Tms,45,192,5.753514748,10,1.28888889,0.30882353,0.28776978,0.17708333
4806,Rich Hill,4 Tms,208.1,864,4.342322795,29,1.2336,0.41176471,0.31114809,0.21296296
4930,Jon Lester,3 Tms,161.2,728,5.76256801,33,1.54020619,0.34306569,0.32252252,0.1456044
4994,Fernando Abad,BAL,11.1,47,4.317092942,1,1.32352941,0.27027027,0.24324324,0.12765957
5003,Jake Diekman,2 Tms,67.2,283,4.849231127,13,1.19704433,0.52054795,0.38513514,0.32508834
5097,Anthony Gose,CLE,15.2,68,4.224559617,2,1.27659574,0.52777778,0.30555556,0.30882353
5114,Jeurys Familia,2 Tms,66.2,282,4.486269033,11,1.245,0.28651685,0.32596685,0.25177305
5221,Wade LeBlanc,2 Tms,50.2,229,5.664192383,10,1.55921053,0.39204545,0.29378531,0.13973799
5224,Blake Parker,2 Tms,27,120,4.843565328,4,1.48148148,0.46835443,0.27848101,0.21666667
5257,Wilmer Font,TOR,11.1,55,3.720831552,1,1.94117647,0.26315789,0.35897436,0.2
5358,Jose Alvarez,2 Tms,46.1,199,3.573381533,3,1.2733813,0.35460993,0.26573427,0.18592965
5372,Michael Pineda,2 Tms,89.1,359,3.637421612,10,1.04104478,0.39312977,0.33962264,0.20612813
5420,Pedro Baez,2 Tms,12.1,54,6.502738543,3,1.45945946,0.48571429,0.4,0.2037037
5448,Jesse Chavez,3 Tms,45.2,187,3.791269128,7,1.18248175,0.35714286,0.36507937,0.26203209
5524,Madison Bumgarner,ARI,201.1,865,5.127168865,38,1.3013245,0.4421875,0.40712074,0.17456647
5530,Nik Turley,PIT,15.2,61,2.808441072,0,0.76595745,0.42857143,0.34883721,0.19672131
5615,Ryan Brasier,BOS,43,165,3.763326866,7,0.95348837,0.3826087,0.34782609,0.26060606
5640,Tyler Clippard,2 Tms,28.1,112,3.356568557,2,0.95294118,0.47222222,0.35135135,0.24107143
5702,Junior Guerra,2 Tms,58.1,243,3.192798359,3,1.2,0.28395062,0.26829268,0.22633745
6249,Trevor Cahill,2 Tms,33.1,148,3.656877537,3,1.38,0.27173913,0.26595745,0.25
6316,David Phelps,3 Tms,33.2,146,3.745351462,4,1.42574257,0.37078652,0.27777778,0.2739726
6345,Chris Archer,2 Tms,45.2,195,5.062944851,8,1.33576642,0.43382353,0.40441176,0.19487179
6397,Jake Odorizzi,2 Tms,82,341,4.785316432,16,1.17073171,0.43548387,0.32,0.20234604
6398,Trevor May,2 Tms,51.2,216,3.36365094,7,1.18064516,0.42753623,0.33333333,0.29166667
6399,Jose Cisnero,DET,61,247,3.488170643,5,1.06557377,0.35403727,0.30487805,0.2388664
6483,Steve Cishek,3 Tms,74.1,338,4.546562687,9,1.43946188,0.34334764,0.27542373,0.18934911
6562,Alex Cobb,3 Tms,105.1,436,3.43957629,11,1.2056962,0.21959459,0.35234899,0.24082569
6576,Robert Stock,3 Tms,11.2,51,4.725722664,2,1.8,0.30555556,0.40540541,0.19607843
6627,Brad Brach,2 Tms,27,125,4.54779707,4,1.55555556,0.43478261,0.32857143,0.288
6632,Carlos Carrasco,2 Tms,100,429,4.309937855,18,1.3,0.36551724,0.26027397,0.24708625
6655,Craig Kimbrel,3 Tms,52.1,212,2.224995539,3,1.08917197,0.40860215,0.3655914,0.41981132
6661,Alex Colome,3 Tms,67,279,3.251498803,3,1.1641791,0.28571429,0.31363636,0.15053763
6785,Andrew Miller,STL,24,122,5.885198986,4,2.04166667,0.3375,0.40740741,0.18032787
6797,Julio Teheran,2 Tms,15,73,5.456185514,3,1.73333333,0.32075472,0.26415094,0.17808219
6893,Johnny Cueto,2 Tms,119.2,498,3.942008846,16,1.24512535,0.33893557,0.28532609,0.20281124
6895,Chase Anderson,2 Tms,41.1,196,5.986661172,12,1.76612903,0.42028986,0.36170213,0.20918367
6902,Martin Perez,2 Tms,211.2,909,4.223005028,26,1.38897638,0.33489097,0.31384615,0.19581958
6941,Joakim Soria,3 Tms,40.2,173,3.301223684,4,1.30327869,0.5,0.28571429,0.26589595
6984,Luis Garcia,3 Tms,43.1,176,1.954897429,0,0.99230769,0.29166667,0.325,0.25
6986,Ian Kennedy,4 Tms,53.1,235,5.147989181,13,1.3875,0.47826087,0.36645963,0.24255319
7005,Ryan Pressly,HOU,55,218,2.728990473,4,1.14545455,0.29285714,0.32857143,0.28440367
7115,Daniel Bard,COL,59,250,2.892913937,1,1.11864407,0.34246575,0.27027027,0.268
7146,Daniel Hudson,3 Tms,53,217,3.674449995,9,1.0754717,0.41322314,0.36885246,0.34562212
7196,Greg Holland,2 Tms,46.1,205,4.402726624,7,1.35971223,0.375,0.39855072,0.22926829
7274,Craig Stammen,SDP,79,334,3.569140692,11,1.21518987,0.24050633,0.32083333,0.23353293
7407,Javy Guerra,WSN,13,57,4.722204425,2,1.46153846,0.44186047,0.41860465,0.15789474
7410,J.A. Happ,3 Tms,153,672,5.488651759,33,1.45751634,0.45918367,0.32595573,0.17857143
7432,Jay Jackson,SFG,13.1,57,5.570034122,3,1.425,0.55172414,0.29032258,0.29824561
7441,Wade Davis,2 Tms,25.2,121,5.46956863,4,1.71428571,0.43678161,0.40229885,0.15702479
7448,Gio Gonzalez,CHW,22.1,107,5.564554122,5,1.88059702,0.26760563,0.30985915,0.22429907
7531,Collin McHugh,2 Tms,56.1,226,2.535709454,4,1.06508876,0.38562092,0.24516129,0.26548673
7550,Jake McGee,2 Tms,69.2,282,3.425060323,10,0.99043062,0.51851852,0.32460733,0.27304965
7555,Nick Vincent,2 Tms,21,87,5.278850425,4,1.38095238,0.5,0.33333333,0.18390805
7593,Jordan Lyles,2 Tms,188.2,807,4.84700202,36,1.35689046,0.37225042,0.35510888,0.19330855
7608,Tommy Milone,4 Tms,44,201,4.383910889,9,1.52272727,0.39473684,0.40909091,0.2039801
7738,Wily Peralta,DET,62,284,5.205381187,8,1.66129032,0.2705314,0.33816425,0.1443662
7754,Mike Fiers,OAK,35.2,157,5.654512325,7,1.48598131,0.39097744,0.33082707,0.0955414
7803,Richard Bleier,2 Tms,48,208,3.620762377,3,1.35416667,0.17682927,0.35329341,0.13461538
7836,Hunter Strickland,5 Tms,52.2,229,4.280026187,7,1.29113924,0.5177305,0.32867133,0.25327511
7853,Andrew Albers,MIN,13,64,11.78541874,8,1.92307692,0.4375,0.4375,0.125
7882,Josh Lindblom,MIL,32,137,2.997014003,3,1.28125,0.41463415,0.32926829,0.30656934
7982,Anthony Bass,2 Tms,73,285,2.764950363,3,1.02739726,0.31578947,0.27225131,0.24561404
8048,Will Smith,ATL,77.2,326,4.887984446,16,1.14592275,0.47938144,0.41752577,0.28834356
8110,Bryan Shaw,2 Tms,55,250,6.268586226,13,1.6,0.39766082,0.34502924,0.188
8223,Brett Anderson,MIL,114.2,487,4.450439212,14,1.31686047,0.24338624,0.37239583,0.14168378
8241,David Robertson,2 Tms,21,84,4.329853581,4,0.95238095,0.41666667,0.35416667,0.32142857
8246,Paolo Espino,WSN,82.2,339,4.851672147,18,1.14919355,0.48484848,0.32489451,0.2359882
8337,Lucas Luetge,NYY,61.2,273,3.256891563,5,1.39459459,0.38378378,0.28108108,0.23443223
8410,Deolis Guerra,2 Tms,40,175,5.446816262,8,1.3,0.504,0.26984127,0.18285714
8580,Justin Miller,2 Tms,11,51,7.260943212,3,1.54545455,0.39473684,0.35897436,0.11764706
8700,Justin Verlander,HOU,51.2,200,3.97929785,9,0.90967742,0.42465753,0.31506849,0.235
8753,Tanner Roark,TOR,27,131,7.707562127,10,1.92592593,0.45098039,0.46078431,0.14503817
8779,Wade Miley,2 Tms,149,656,4.262065367,15,1.48993289,0.25527426,0.27010309,0.16615854
9013,Cesar Valdez,2 Tms,34.1,154,3.465843257,5,1.54368932,0.24770642,0.33944954,0.24675325
9111,Brad Hand,5 Tms,78,326,3.757784435,8,1.07692308,0.44174757,0.28571429,0.24539877
9132,Nathan Eovaldi,BOS,162.2,692,3.714656274,25,1.27254098,0.29591837,0.30894309,0.24132948
9323,Patrick Corbin,WSN,241,1098,5.437239281,53,1.60580913,0.3283208,0.38518519,0.18306011
9325,Jared Hughes,NYM,14,63,3.977134082,1,1.35714286,0.27027027,0.24324324,0.25396825
9388,Josh Tomlin,ATL,51.1,223,4.932307291,12,1.44155844,0.43678161,0.34285714,0.18834081
9434,Dallas Keuchel,2 Tms,211,933,4.941572173,29,1.48341232,0.25,0.30428769,0.13504823
9456,Ryan Buchter,2 Tms,11.2,61,6.861858604,3,2.05714286,0.51515152,0.54545455,0.26229508
9756,David Hale,2 Tms,23.1,109,4.849711451,5,1.84285714,0.27710843,0.29069767,0.17431193
9761,Joe Kelly,2 Tms,35.1,150,3.365019366,2,1.21698113,0.16091954,0.10227273,0.27333333
9784,Garrett Richards,3 Tms,121.2,545,4.649251177,18,1.50410959,0.36772487,0.38359788,0.20366972
9794,Rex Brothers,CHC,32.2,144,5.344376397,8,1.43877551,0.48,0.46666667,0.33333333
9803,Miles Mikolas,STL,69.2,270,3.541431132,8,0.93301435,0.31794872,0.30964467,0.21851852
9817,Sergio Romo,3 Tms,58.1,249,5.105428709,14,1.23428571,0.51497006,0.24550898,0.25301205
9939,Brandon Kintzler,2 Tms,31.1,139,5.988555076,8,1.59574468,0.25,0.32673267,0.18705036
10021,Mike Minor,4 Tms,193.2,826,4.96748026,41,1.29604131,0.4471831,0.32924694,0.23002421
10058,Tyler Matzek,ATL,63.1,268,3.312904096,3,1.2,0.39285714,0.23076923,0.30223881
10061,Brooks Raley,3 Tms,53,233,4.331719981,8,1.30188679,0.32142857,0.21126761,0.27038627
10066,Ian Krol,DET,13.2,60,3.974912172,2,1.53658537,0.33333333,0.325,0.25
10078,Caleb Thielbar,MIN,70.2,302,3.390203667,8,1.33018868,0.43646409,0.29508197,0.29470199
10123,Kyle Gibson,2 Tms,172,711,3.686781599,18,1.24418605,0.24737945,0.34864301,0.23628692
10131,Stephen Strasburg,WSN,21,84,5.116914801,3,1.19047619,0.40740741,0.23636364,0.20238095
10133,Brad Boxberger,2 Tms,58,246,4.317388176,11,1.20689655,0.41549296,0.3537415,0.30081301
10160,Ryan Weber,4 Tms,29.2,141,5.474543482,7,1.61797753,0.27358491,0.40186916,0.17730496
10233,Aroldis Chapman,NYY,62.1,275,4.480005979,12,1.42780749,0.42519685,0.3203125,0.37454545
10291,Ryan Tepera,3 Tms,68.2,278,3.190158068,6,1.00485437,0.34911243,0.25294118,0.28776978
10310,Zack Wheeler,PHI,168.2,672,2.495326212,10,1.04347826,0.24489796,0.23214286,0.27232143
10314,Erasmo Ramirez,3 Tms,46,192,5.175963945,8,1.19565217,0.43537415,0.26174497,0.14583333
10341,Juan Minaya,MIN,30.2,127,3.915151984,3,1.04347826,0.31506849,0.31081081,0.27559055
10343,Aaron Loup,3 Tms,64.2,267,3.084709776,5,1.11340206,0.34911243,0.35465116,0.2659176
10354,Robbie Erlin,3 Tms,21.1,90,4.735186917,4,1.125,0.55555556,0.34920635,0.22222222
10430,Mychal Givens,4 Tms,60.2,253,4.018656222,9,1.23626374,0.52027027,0.2972973,0.30039526
10547,Jimmy Nelson,LAD,15.2,60,1.382800082,0,0.70212766,0.65384615,0.38461538,0.43333333
10591,Scott Alexander,LAD,11.1,57,5.829043758,1,2.20588235,0.11904762,0.25581395,0.0877193
10603,Chris Sale,BOS,34,157,4.287681182,6,1.55882353,0.33333333,0.22680412,0.28025478
10657,Andrew Bellatti,2 Tms,17,70,3.070698414,2,1.17647059,0.51351351,0.33333333,0.34285714
10688,Tyler Thornburg,3 Tms,13.1,58,2.313378716,0,1.2,0.575,0.275,0.22413793
10732,Drew Hutchison,DET,27,121,3.923413264,1,1.55555556,0.38709677,0.32631579,0.11570248
10745,Trevor Rosenthal,2 Tms,11,42,3.464147062,2,0.90909091,0.52173913,0.34782609,0.38095238
10756,Shane Greene,2 Tms,31.1,134,4.711435875,4,1.24468085,0.44186047,0.26436782,0.21641791
10811,Mike Foltynewicz,2 Tms,74.2,315,5.768534828,19,1.20535714,0.38034188,0.3559322,0.18412698
10836,Asher Wojciechowski,2 Tms,20,94,7.639281225,7,1.7,0.51515152,0.28787879,0.17021277
10843,Adam Kolarek,2 Tms,21.2,106,5.649540737,3,2.03076923,0.225,0.25925926,0.11320755
10855,Chasen Shreve,2 Tms,57.1,247,4.159257886,7,1.3255814,0.40625,0.35625,0.2388664
10946,Josh A. Smith,MIA,15.2,70,5.170143192,3,1.53191489,0.41071429,0.26785714,0.14285714
10954,Jacob deGrom,NYM,81.1,296,1.088722457,5,0.66393443,0.32051282,0.29487179,0.44256757
11156,Merrill Kelly,ARI,145.2,621,3.994797879,20,1.34553776,0.35011442,0.36651584,0.2173913
11189,Vince Velasquez,3 Tms,105,446,5.630636788,25,1.2952381,0.4787234,0.35335689,0.24887892
11203,Grant Dayton,ATL,26.1,121,4.475250006,5,1.48101266,0.48684211,0.30769231,0.26446281
11209,Casey Sadler,2 Tms,35.2,140,3.315617426,2,0.98130841,0.26041667,0.26804124,0.21428571
11341,Sean Nolin,WSN,17.1,81,4.670034122,2,1.73076923,0.38888889,0.42857143,0.18518519
11346,Seth Frankoff,2 Tms,10.1,52,6.367031814,2,1.83870968,0.37142857,0.28947368,0.13461538
11423,Jose Quintana,4 Tms,106.1,482,4.642374386,17,1.63636364,0.33532934,0.36607143,0.20746888
11426,Drew Pomeranz,SDP,30.2,123,3.375681769,3,1.17391304,0.27536232,0.30434783,0.31707317
11428,Brandon Workman,3 Tms,26,137,4.98540334,3,2.38461538,0.27472527,0.42857143,0.18978102
11467,A.J. Cole,TOR,17,72,3.126725686,2,1.29411765,0.48888889,0.19565217,0.29166667
11486,Robbie Ray,3 Tms,267,1129,4.407630678,48,1.28838951,0.46460177,0.35095448,0.28963685
11487,Joely Rodriguez,3 Tms,50,223,3.663859523,4,1.52,0.27702703,0.28666667,0.21524664
11490,Aaron Sanchez,2 Tms,35.1,167,5.187854531,5,1.81132075,0.256,0.2890625,0.13173653
11528,Josh Osich,3 Tms,17,83,7.887657624,7,1.70588235,0.23636364,0.54545455,0.22891566
11589,Jose Urena,3 Tms,75,323,4.131792115,7,1.34666667,0.33936652,0.35294118,0.20123839
11604,Dovydas Neverauskas,PIT,12,51,5.024753122,2,1.41666667,0.29411765,0.38235294,0.21568627
11618,Mike Kickham,2 Tms,11,60,9.188179539,6,2.18181818,0.35897436,0.46153846,0.25
11632,Heath Hembree,5 Tms,64,270,4.806458845,13,1.28125,0.50632911,0.2721519,0.2962963
11674,Jameson Taillon,NYY,133,541,3.559388711,16,1.09774436,0.41414141,0.29899497,0.21441774
11682,Carlos Martinez,STL,45.2,215,5.780556536,8,1.53284672,0.32876712,0.32,0.16744186
11713,Matt Harvey,2 Tms,73,347,5.020911616,13,1.79452055,0.2761194,0.34444444,0.15273775
11720,Justin Grimm,2 Tms,13,55,5.988272641,3,1.46153846,0.51282051,0.28205128,0.18181818
11752,Luke Jackson,ATL,53.2,225,4.014520804,8,1.22981366,0.28671329,0.37762238,0.27111111
11753,Kyle Ryan,CHC,15.1,70,5.529947765,4,1.63043478,0.2745098,0.38461538,0.2
11760,Drew Smyly,3 Tms,138.2,607,4.849801077,28,1.38461538,0.39855072,0.33966746,0.22570016
11762,Noah Syndergaard,2 Tms,31.1,132,3.861072302,3,1.27659574,0.35576923,0.29807692,0.15151515
11801,Hansel Robles,3 Tms,65.1,279,3.837817645,7,1.30102041,0.36,0.36516854,0.25089606
11804,Hector Neris,2 Tms,70,279,3.163963402,8,0.94285714,0.40571429,0.33333333,0.29390681
11828,James Paxton,2 Tms,16.1,72,4.230926795,3,1.53061225,0.53658537,0.53658537,0.31944444
11836,Taijuan Walker,3 Tms,162,659,3.817577159,19,1.12962963,0.34672304,0.31722689,0.20940819
11847,Chris Martin,2 Tms,45.2,181,3.405101773,6,1.09489051,0.30827068,0.38518519,0.22651934
11861,Jason Adam,2 Tms,30.1,121,2.156884263,1,0.95604396,0.50819672,0.24590164,0.36363636
11903,Michael Feliz,4 Tms,10.1,55,6.073888923,3,2.32258065,0.57575758,0.3030303,0.27272727
12022,Matt Andriese,3 Tms,47.2,204,3.26217546,5,1.34265734,0.3,0.32824427,0.2745098
12049,Kyle Hendricks,CHC,175.2,721,4.047682645,23,1.14421252,0.31052632,0.28397213,0.16227462
12095,Yimi Garcia,3 Tms,59,234,2.46594681,4,0.9661017,0.3537415,0.24666667,0.29487179
12178,Domingo Tapia,4 Tms,29,115,3.064422164,1,1.13793103,0.24390244,0.2804878,0.2
12237,Dan Winkler,CHC,33,152,6.57175012,7,1.42424242,0.42696629,0.3,0.21710526
12249,Ryan Sherriff,TBR,13.1,59,4.379657674,0,1.5,0.30952381,0.38095238,0.11864407
12297,Evan Marshall,CHW,26.2,113,3.890821069,5,1.425,0.30666667,0.36,0.28318584
12304,Chris Bassitt,2 Tms,169,685,2.929995982,11,1.07100592,0.32758621,0.2750533,0.24233577
12317,Colin Rea,2 Tms,10.2,48,7.682731864,4,1.40625,0.43902439,0.53658537,0.10416667
12323,Jacob Barnes,4 Tms,38.2,185,5.411607066,8,1.75862069,0.35433071,0.3255814,0.2
12361,Spencer Patton,TEX,31.1,115,3.258611407,4,0.73404255,0.45205479,0.2739726,0.30434783
12385,Nick Tropeano,3 Tms,14.1,65,2.907376611,1,1.46511628,0.34146341,0.25581395,0.24615385
12447,Seth Lugo,NYM,60.1,250,3.54632112,10,1.17679558,0.35802469,0.31707317,0.292
12572,Blake Treinen,LAD,59.1,234,2.939437365,5,1.02808989,0.16049383,0.2654321,0.25213675
12575,Nick Ramirez,2 Tms,21.2,95,4.886609711,4,1.33846154,0.31428571,0.31428571,0.18947368
12580,Adam Morgan,2 Tms,12.2,68,9.178475834,6,2.44736842,0.38297872,0.46808511,0.19117647
12586,Mike Wright Jr.,CHW,11.2,52,5.312891262,1,1.54285714,0.31578947,0.34210526,0.11538462
12664,Jerad Eickhoff,2 Tms,14.1,63,5.393191307,3,1.25581395,0.37777778,0.40425532,0.17460317
12680,Ryne Harper,WSN,35.2,145,4.581496854,6,1.06542056,0.42574257,0.30693069,0.22068966
12703,Trevor Bauer,2 Tms,91,352,2.58485279,8,0.8021978,0.41836735,0.24242424,0.35227273
12718,Adrian Houser,MIL,158.2,620,3.816904492,12,1.03991597,0.18993135,0.26126126,0.18709677
12730,Nick Martinez,SDP,35.2,151,4.695211906,5,1.42990654,0.34210526,0.29824561,0.1589404
12760,Rafael Montero,3 Tms,53.2,232,2.639194508,2,1.32298137,0.27152318,0.25806452,0.24568966
12768,Sonny Gray,2 Tms,118,503,3.749939764,16,1.22033898,0.31545741,0.303125,0.27236581
12774,Jairo Diaz,COL,10,56,4.891419792,0,2.6,0.2972973,0.35135135,0.14285714
12777,John Brebbia,SFG,31.2,141,3.265618134,3,1.45263158,0.3960396,0.32673267,0.21985816
12784,Burch Smith,OAK,39,153,3.456837774,4,1,0.46280992,0.34166667,0.18300654
12800,Noe Ramirez,2 Tms,59,230,4.293675699,9,0.88135593,0.52027027,0.34,0.25217391
12804,Matt Wisler,3 Tms,64,262,3.928027686,9,1.078125,0.54819277,0.23809524,0.26717557
12808,Mike Clevinger,2 Tms,31,121,3.42524511,3,1.03225806,0.3875,0.25609756,0.23966942
12828,Andrew Kittredge,TBR,68,263,2.766935978,6,0.94117647,0.28191489,0.2606383,0.25095057
12857,Shawn Armstrong,3 Tms,46,187,3.467468847,5,1.02173913,0.43548387,0.26612903,0.25668449
12863,Matt Barnes,BOS,60.2,252,4.088809267,11,1.2032967,0.41333333,0.37748344,0.30952381
12880,Tyler Anderson,4 Tms,225.2,934,4.230714052,32,1.19202363,0.46257485,0.29239766,0.19807281
12890,Alex Claudio,2 Tms,25.1,119,5.033738994,3,1.69736842,0.30681818,0.25,0.14285714
12917,Dylan Bundy,2 Tms,115.2,492,4.164692768,19,1.21902017,0.41087613,0.32732733,0.24593496
12918,Archie Bradley,4 Tms,46.2,202,3.677872262,4,1.41428571,0.23529412,0.35947712,0.17326733
12970,Joe Musgrove,2 Tms,146.1,583,3.084821632,14,0.9977221,0.34748011,0.24074074,0.2761578
12972,Joe Ross,WSN,56.1,227,3.578318142,7,0.99408284,0.3125,0.26993865,0.22907489
12988,Andrew Chafin,4 Tms,55.1,225,2.910850139,5,1.08433735,0.46258503,0.37837838,0.27555556
12997,Colten Brewer,BOS,14.1,75,5.771323119,3,2.23255814,0.28571429,0.40816327,0.21333333
13050,Anthony DeSclafani,2 Tms,113,468,3.726029051,13,1.15929204,0.36969697,0.29253731,0.21581197
13074,Yu Darvish,2 Tms,157,636,3.180645556,20,1.04458599,0.4469697,0.3125,0.30345912
13125,Gerrit Cole,NYY,192.2,773,2.878305272,22,1.05363322,0.34577603,0.30196078,0.2923674
13164,Eduardo Rodriguez,2 Tms,156,668,3.42364116,16,1.39102564,0.3536036,0.26174497,0.24850299
13182,Kyle Crick,2 Tms,27.1,120,3.26703502,0,1.35365854,0.41269841,0.234375,0.275
13183,Zach Davies,3 Tms,157.2,692,4.653587755,28,1.42071882,0.32473118,0.33544304,0.22543353
13190,Jordan Weems,3 Tms,16,76,7.855126552,5,1.75,0.34782609,0.39130435,0.21052632
13218,Michael Fulmer,DET,63.1,287,4.788019239,11,1.61052632,0.35436893,0.29951691,0.19512195
13259,Louis Head,2 Tms,36.1,148,3.508877053,4,1.0733945,0.54736842,0.35416667,0.26351351
13273,Ross Stripling,2 Tms,117.2,509,5.125111513,25,1.38526912,0.38522427,0.31675393,0.18664047
13293,Danny Coulombe,MIN,32,133,3.380295423,2,1.3125,0.36666667,0.30769231,0.21804511
13339,Adrian Sampson,CHC,25.1,101,5.091242746,5,0.86842105,0.4109589,0.28767123,0.1980198
13345,Luis Cessa,2 Tms,61.2,271,3.860810311,5,1.44324324,0.3125,0.31282051,0.18450185
13346,Hoby Milner,2 Tms,37,165,5.445171979,10,1.40540541,0.41284404,0.35454545,0.25454545
13360,Cam Bedrosian,4 Tms,23,98,5.220021065,5,1.43478261,0.484375,0.390625,0.24489796
13361,Steven Matz,3 Tms,169,739,4.887215026,35,1.38461538,0.37072243,0.30740038,0.2165088
13394,Dylan Floro,2 Tms,62.1,253,2.364405966,3,1.09090909,0.25,0.24431818,0.25296443
13397,Sam Selman,3 Tms,29.1,127,5.116155882,4,1.29545455,0.43678161,0.25287356,0.18110236
13403,Felix Pena,LAA,17.1,79,2.901313201,2,1.55769231,0.2745098,0.39215686,0.29113924
13424,Drew VerHagen,STL,12.1,58,6.692686016,3,1.62162162,0.51351351,0.28947368,0.18965517
13431,Marcus Stroman,2 Tms,110,460,3.652096185,13,1.19090909,0.31861199,0.33538462,0.22608696
13435,Pierce Johnson,SDP,46.1,192,3.347080616,5,1.29496403,0.42608696,0.34482759,0.296875
13449,Taylor Rogers,2 Tms,65,276,2.775579352,5,1.23076923,0.29608939,0.30939227,0.27173913
13470,Lucas Sims,CIN,43.2,178,2.462215895,2,1.09923664,0.42,0.19607843,0.32022472
13475,Daniel Norris,3 Tms,69,305,5.022192002,12,1.53623188,0.33165829,0.365,0.22295082
13543,Blake Snell,2 Tms,160,708,4.467123783,24,1.46875,0.35108959,0.34916865,0.27259887
13549,Richard Rodriguez,2 Tms,43.2,173,3.289761923,3,0.96183206,0.46564885,0.38167939,0.1849711
13580,Steven Okert,MIA,34.1,142,5.336621087,6,1.19417476,0.5,0.3373494,0.25352113
13594,Robert Stephenson,2 Tms,41.2,187,5.799493603,10,1.512,0.44166667,0.36065574,0.22994652
13607,Carl Edwards Jr.,4 Tms,23.1,87,4.986399709,6,0.81428571,0.50877193,0.36842105,0.28735632
13619,Jakob Junis,2 Tms,55.2,229,3.762458997,7,1.20359281,0.37974684,0.34177215,0.23580786
13649,Clay Holmes,2 Tms,73.1,282,1.983005754,2,0.84545455,0.12643678,0.19318182,0.30496454
13654,Jharel Cotton,2 Tms,29.2,130,4.635012054,4,1.31460674,0.6,0.20930233,0.21538462
13677,Corey Oswalt,NYM,13.2,56,5.595100306,4,1.17073171,0.48717949,0.48717949,0.25
13684,John Gant,2 Tms,72.2,315,4.040047684,5,1.36238532,0.23671498,0.3062201,0.2031746
13690,Sal Romano,3 Tms,14,69,6.099623918,3,1.92857143,0.38181818,0.43636364,0.11594203
13696,Robert Gsellman,2 Tms,34.2,149,4.864141543,5,1.32692308,0.30701754,0.31304348,0.1409396
13699,Jake Faria,ARI,17.2,81,4.641732232,3,1.41509434,0.44642857,0.40350877,0.20987654
13707,Joey Krehbiel,2 Tms,22.2,87,4.4605373,4,1.01470588,0.37704918,0.29508197,0.22988506
13713,Kyle Barraclough,2 Tms,16,65,5.402255001,4,1.0625,0.64864865,0.2972973,0.30769231
13743,Max Fried,ATL,239.2,961,3.085424997,17,1.07649513,0.26788432,0.24813154,0.23204995
13758,Tyler Duffey,MIN,73.1,284,3.202999858,6,1.03636364,0.2712766,0.28042328,0.25352113
13761,Chris Stratton,PIT,82,334,3.346543891,8,1.13414634,0.42396313,0.33640553,0.26347305
13763,Dominic Leone,2 Tms,57.1,230,2.790200493,4,1.09883721,0.34210526,0.30769231,0.25652174
13767,JT Chargois,2 Tms,33,133,3.441854005,3,1.03030303,0.32258065,0.34408602,0.22556391
13774,Zach Eflin,PHI,123.2,499,3.235805107,13,1.14824798,0.26519337,0.24725275,0.22645291
13781,Alex Wood,2 Tms,164.2,719,3.813396112,19,1.32388664,0.2937365,0.30835118,0.24895688
13799,Matt Strahm,2 Tms,25.2,120,3.618010683,2,1.51948052,0.37037037,0.26506024,0.20833333
13801,Austin Adams,SDP,37,162,3.575342941,0,1.16216216,0.47761194,0.14925373,0.33333333
13834,Alec Mills,CHC,104,414,3.979466965,13,1.11538462,0.2852459,0.28802589,0.19323671
13892,Paul Sewald,2 Tms,59,237,3.209764237,8,0.91525424,0.41958042,0.27272727,0.32067511
13896,Chris Flexen,SEA,138,600,4.249373622,17,1.47101449,0.38730853,0.35652174,0.16333333
13932,Dietrich Enns,TBR,18.1,71,2.460943212,1,0.98181818,0.5,0.25,0.26760563
13942,Brent Suter,MIL,90.2,380,3.629132613,10,1.33455882,0.27862595,0.27443609,0.22631579
14078,Michael Wacha,3 Tms,124,542,4.653546084,25,1.39516129,0.32992327,0.4005102,0.21771218
14107,Kevin Gausman,2 Tms,170.1,708,2.797992575,17,1.16242661,0.34920635,0.38084633,0.29943503
14120,Lance McCullers Jr.,HOU,111.2,458,3.470535862,10,1.11940299,0.2877193,0.29965157,0.26637555
14151,Chris Mazza,2 Tms,37,168,4.716142071,5,1.59459459,0.41176471,0.26890756,0.18452381
14168,Jose Berrios,2 Tms,178,730,3.24122342,16,1.07303371,0.32608696,0.29607843,0.23561644
14169,Kyle Zimmer,KCR,39.2,171,4.864860521,6,1.46218487,0.37288136,0.33898305,0.19883041
14212,Josh Hader,MIL,79.1,304,2.357065124,7,0.80672269,0.5112782,0.31343284,0.4375
14295,Wandy Peralta,2 Tms,67,284,4.595473816,8,1.32835821,0.27884615,0.27142857,0.16197183
14309,Frankie Montas,OAK,169,686,3.203598674,19,1.0591716,0.33916849,0.31304348,0.26676385
14332,Joel Payamps,3 Tms,51.2,221,3.812850682,4,1.37419355,0.33540373,0.25925926,0.17647059
14361,Ty Blach,COL,17.2,87,4.596816556,2,2.03773585,0.38571429,0.375,0.10344828
14374,Tyler Glasnow,TBR,77,319,3.775583644,14,1.16883117,0.41176471,0.35672515,0.36363636
14375,Amir Garrett,2 Tms,46.1,204,5.583329724,10,1.51079137,0.39516129,0.4,0.25
14420,Jackson Stephens,ATL,14.2,58,2.852391176,1,0.95454545,0.26190476,0.21428571,0.22413793
14444,Hyun Jin Ryu,TOR,208.1,868,4.092362328,32,1.2432,0.32423756,0.29635499,0.21543779
14457,Adam Conley,TBR,13.1,53,5.495034122,2,1.275,0.36842105,0.26315789,0.1509434
14506,J.B. Wendelken,2 Tms,59,246,3.705143878,7,1.18644068,0.37423313,0.36809816,0.24796748
14527,Jorge Lopez,2 Tms,115,492,3.921229987,12,1.34782609,0.22485207,0.27647059,0.21341463
14542,Carlos Estevez,COL,55,254,4.565159523,7,1.65454545,0.32121212,0.38922156,0.21653543
14552,Jose Ruiz,CHW,56.2,246,3.422284298,5,1.35882353,0.36666667,0.35099338,0.27235772
14605,James Hoyt,2 Tms,16.1,78,3.429334676,1,1.53061225,0.48780488,0.26829268,0.30769231
14646,Rowan Wick,CHC,35.1,153,3.26960076,3,1.35849057,0.41836735,0.34693878,0.26143791
14663,Chi Chi Gonzalez,3 Tms,70.2,304,6.081879391,17,1.44339623,0.36681223,0.44871795,0.14802632
14665,Jandel Gustave,MIL,22,103,4.875529555,3,1.36363636,0.32857143,0.32857143,0.19417476
14672,Dillon Maples,CHC,16.2,73,4.610461836,2,1.32,0.28571429,0.23809524,0.26027397
14677,Duane Underwood Jr.,2 Tms,62.2,265,3.070534654,4,1.30851064,0.26857143,0.36363636,0.24528302
14681,Andres Machado,WSN,32.2,147,5.294558333,5,1.40816327,0.33333333,0.31372549,0.17687075
14682,Luis Perdomo,2 Tms,14,60,5.7344335,3,1.28571429,0.26086957,0.36956522,0.15
14706,Anthony Banda,3 Tms,37.2,178,5.334778668,9,1.75221239,0.47154472,0.36585366,0.2247191
14710,Edwin Diaz,NYM,59,251,1.468145854,2,1.22033898,0.30578512,0.16260163,0.4063745
14719,Ty Buttrey,LAA,14.2,60,3.395965242,1,1.29545455,0.2,0.28888889,0.18333333
14739,Paul Blackburn,OAK,63,261,3.777364778,6,1.15873016,0.26213592,0.28019324,0.1532567
14765,Julio Urias,LAD,234,951,3.346539938,21,1.11965812,0.39477727,0.28078078,0.22818086
14771,Emilio Pagan,2 Tms,60.1,256,5.335147771,15,1.25966851,0.51829268,0.3597561,0.265625
14814,Buck Farmer,2 Tms,43,190,4.817117552,8,1.34883721,0.36507937,0.35714286,0.23684211
14843,Michael Lorenzen,2 Tms,67,274,3.103890225,3,1.13432836,0.36065574,0.20765027,0.22992701
14857,Joe Mantiply,ARI,39,161,2.945692851,1,1.28205128,0.25409836,0.30894309,0.16770186
14862,Zack Godley,2 Tms,17,88,8.246050054,7,2.05882353,0.39655172,0.4137931,0.21590909
14874,Sam Moll,OAK,18,83,5.142585654,1,1.66666667,0.31914894,0.31914894,0.20481928
14875,Caleb Smith,2 Tms,112.1,504,6.225989013,25,1.50445104,0.55670103,0.33108108,0.24007937
14899,Taylor Williams,3 Tms,12.1,63,5.615182356,2,1.86486486,0.37142857,0.42857143,0.25396825
14916,Jon Gray,2 Tms,114.1,491,3.613576378,14,1.31195335,0.3364486,0.35582822,0.25458248
14966,Reyes Moronta,2 Tms,10.1,37,2.844938116,1,0.67741936,0.54166667,0.125,0.2972973
14974,Tyler Webb,STL,20.1,97,3.970241593,2,1.7704918,0.36923077,0.28358209,0.20618557
14975,Chad Kuhl,2 Tms,95.2,407,4.496997995,12,1.35888502,0.34671533,0.29963899,0.2039312
14986,Giovanny Gallegos,STL,66.2,259,2.727697511,5,0.9,0.47712418,0.31210191,0.30888031
14993,Scott Barlow,KCR,78.2,310,2.641787157,5,1.06779661,0.38071066,0.32994924,0.28709677
15007,Yacksel Rios,3 Tms,17.2,78,5.718817945,3,1.41509434,0.41176471,0.29411765,0.19230769
15009,Kyle Finnegan,WSN,65.1,286,3.6230189,8,1.43877551,0.27173913,0.26595745,0.25524476
15010,Corey Knebel,3 Tms,33.1,143,4.115018959,5,1.32,0.42168675,0.39759036,0.29370629
15015,Alex Reyes,STL,47.1,205,3.365144882,5,1.30985916,0.45283019,0.30841121,0.34146341
15036,Chase De Jong,2 Tms,37.2,159,4.932214208,7,1.22123894,0.5046729,0.3364486,0.22641509
15038,German Marquez,COL,164.1,667,4.077372007,26,1.16227181,0.30530973,0.37336245,0.24437781
15042,Tim Mayza,TOR,42.2,181,3.650992703,5,1.265625,0.23387097,0.28225806,0.23756906
15043,Lou Trivino,OAK,75.2,306,2.96732956,5,1.07048458,0.29946524,0.25263158,0.27777778
15046,Trevor Gott,2 Tms,22.1,91,5.34190846,5,1.02985075,0.55555556,0.28571429,0.21978022
15047,Austin Voth,2 Tms,70.1,313,5.331180631,17,1.52132701,0.415,0.31840796,0.25878594
15068,Yency Almonte,2 Tms,50.2,217,4.546898455,8,1.22368421,0.36296296,0.32592593,0.25806452
15071,Kyle McGowin,WSN,24,99,3.760496009,3,1.08333333,0.421875,0.265625,0.26262626
15101,Luke Farrell,2 Tms,19,91,5.752358177,4,1.84210526,0.375,0.45614035,0.23076923
15126,Tyler Danish,BOS,19,75,4.440907916,3,0.89473684,0.28301887,0.22641509,0.21333333
15130,Drew Anderson,2 Tms,12.1,55,5.198217135,2,1.45945946,0.46808511,0.36170213,0.09090909
15136,Jake Newberry,KCR,16,69,5.687855514,4,1.5,0.46511628,0.20930233,0.26086957
15139,Ashton Goudeau,2 Tms,32.1,148,6.215793043,7,1.67010309,0.34615385,0.36448598,0.15540541
15231,Aaron Slegers,2 Tms,39,163,3.691811024,4,1.20512821,0.20512821,0.28205128,0.20858896
15232,Cody Reed,2 Tms,17,71,5.123371071,3,1.23529412,0.29787234,0.3125,0.21126761
15256,Cole Sulser,2 Tms,52.1,231,4.368365127,8,1.50955414,0.39705882,0.3115942,0.27705628
15264,Keynan Middleton,3 Tms,31.2,136,4.906627941,5,1.35789474,0.5,0.34375,0.19117647
15288,Adam Cimber,3 Tms,73.2,298,3.11944797,4,1.15384615,0.20851064,0.29411765,0.15771812
15290,Austin Pruitt,3 Tms,12.1,51,5.981165344,4,1.13513514,0.5,0.4,0.19607843
15291,Steven Brault,PIT,59.2,259,4.306081184,5,1.40782123,0.32954545,0.33333333,0.18146718
15423,Andrew Heaney,3 Tms,154,652,4.666817497,33,1.24025974,0.46043165,0.39140811,0.27453988
15440,Matthew Boyd,DET,109.1,490,5.127854484,20,1.44512195,0.44047619,0.30088496,0.20408163
15451,Mike Mayers,LAA,67,278,3.748675454,8,1.19402985,0.37634409,0.31382979,0.24100719
15454,Nick Pivetta,2 Tms,158.2,653,3.773886385,21,1.18487395,0.43942993,0.34751773,0.26493109
15463,Jose De Leon,CIN,13.2,65,2.150338298,1,1.6097561,0.37931034,0.37931034,0.41538462
15467,Marco Gonzales,SEA,224,914,5.018340895,41,1.14285714,0.45481481,0.30678466,0.18052516
15474,Lucas Giolito,CHW,161.2,663,4.660766851,34,1.2185567,0.42691415,0.3256351,0.26847662
15488,Antonio Senzatela,COL,142.2,606,3.593630728,14,1.32476636,0.2771855,0.37656904,0.16666667
15507,Hunter Harvey,2 Tms,12,51,6.177637596,3,1.33333333,0.32432432,0.45945946,0.17647059
15514,Kendall Graveman,3 Tms,59.1,243,3.07599502,3,1.09550562,0.22516556,0.29801325,0.26337449
15538,Eric Yardley,MIL,27,113,5.624775366,4,1.22222222,0.17857143,0.27058824,0.12389381
15541,Tyler Rogers,SFG,80.2,340,2.926648008,5,1.2892562,0.27888446,0.26482213,0.20294118
15552,Chad Green,NYY,73,275,3.578638806,12,0.89041096,0.49122807,0.29069767,0.31636364
15594,Nick Wittgren,2 Tms,68,277,4.323809185,11,1.11764706,0.36756757,0.35789474,0.23465704
15605,Phillips Valdez,BOS,51.1,228,5.080346246,6,1.38311688,0.24647887,0.3006993,0.20614035
15684,Miguel Castro,3 Tms,68.1,304,4.496659719,9,1.40487805,0.30177515,0.35882353,0.27960526
15689,Luis Castillo,CIN,157,631,2.9831722,14,1.12738854,0.20963855,0.25531915,0.26465927
15690,Jimmy Cordero,CHW,15.2,63,2.489292132,0,0.82978723,0.11363636,0.24444444,0.20634921
15734,Brad Keller,KCR,132,562,4.150877906,12,1.37878788,0.31026253,0.34123223,0.15836299
15761,Joe Jimenez,DET,58.2,250,4.713015524,10,1.15909091,0.46153846,0.32867133,0.288
15764,Masahiro Tanaka,NYY,21.1,96,3.847669792,3,1.59375,0.27142857,0.33802817,0.20833333
15816,Devin Williams,MIL,54,212,0.547766183,1,0.87037037,0.24705882,0.27058824,0.50471698
15823,Zack Littell,2 Tms,63.1,265,5.160955685,15,1.2,0.42391304,0.30645161,0.23018868
15832,Paul Fry,2 Tms,50,224,3.465755835,2,1.42,0.17741935,0.224,0.27232143
15846,Adam Plutko,2 Tms,52.2,228,7.31550084,16,1.55696203,0.50299401,0.36309524,0.14912281
15849,Kent Emanuel,HOU,10,35,6.270034122,3,0.6,0.30769231,0.23076923,0.2
15855,Wander Suero,WSN,35,155,4.834101866,7,1.31428571,0.48514851,0.35643564,0.2516129
15873,Sean Manaea,2 Tms,230.2,981,3.700277573,30,1.29190751,0.365243,0.33528551,0.23649337
15890,Luis Severino,NYY,48,192,2.400942407,4,0.95833333,0.36,0.2970297,0.375
15906,Lewis Thorpe,MIN,27.1,122,5.88882643,4,1.71951219,0.33333333,0.38709677,0.10655738
15915,Victor Arano,WSN,16,65,2.750118446,1,1.1875,0.26190476,0.1627907,0.26153846
15947,Ryne Stanek,2 Tms,67.2,272,3.369491787,5,1.04926108,0.39215686,0.3961039,0.29779412
16058,Stefan Crichton,ARI,35,150,3.609400224,3,1.34285714,0.29357798,0.40740741,0.2
16094,Zach Thompson,2 Tms,68,283,4.446097432,10,1.20588235,0.35678392,0.33168317,0.20141343
16106,Cy Sneed,HOU,11,44,1.645965242,1,1.09090909,0.57142857,0.24137931,0.34090909
16110,Daniel Ponce de Leon,STL,34,155,5.7090904,6,1.44117647,0.51612903,0.41489362,0.22580645
16122,Jordan Romano,TOR,57,246,4.512630765,8,1.36842105,0.32467532,0.29677419,0.24390244
16125,Chris Ellis,2 Tms,21.1,94,4.101217856,1,1.359375,0.4,0.26153846,0.17021277
16128,John Curtiss,3 Tms,40,170,4.552875535,7,1.25,0.39655172,0.48717949,0.22941176
16130,David Hess,3 Tms,13.2,66,7.785527841,5,1.82926829,0.46938776,0.36,0.15151515
16137,Carlos Rodon,2 Tms,177.2,714,2.800100334,17,1.00750469,0.44067797,0.28057554,0.32913165
16149,Aaron Nola,PHI,179,723,3.302059024,26,1.07821229,0.36008677,0.29741379,0.30152144
16159,Jace Fry,CHW,17.1,79,7.050635469,4,1.90384615,0.25,0.31818182,0.2278481
16162,Brandon Woodruff,MIL,139.1,567,3.367874351,16,1.09808612,0.33149171,0.27671233,0.27513228
16207,Spencer Turnbull,DET,49.2,201,2.999447143,2,1.16778523,0.27205882,0.27941176,0.22885572
16209,Jake Reed,2 Tms,11.2,50,4.098774907,2,1.11428571,0.41176471,0.34285714,0.24
16233,Tejay Antone,CIN,34.1,129,2.510927861,2,0.78640777,0.47761194,0.35820896,0.36434109
16256,Kyle Freeland,COL,205.2,873,4.300042139,24,1.36142626,0.32866044,0.34052388,0.17182131
16258,Aaron Bummer,CHW,52.1,242,3.965878965,4,1.56687898,0.12408759,0.35036496,0.26859504
16265,Sam Howard,PIT,37.2,169,5.884754927,9,1.48672566,0.51136364,0.34831461,0.30177515
16269,John Means,BAL,152.1,619,5.096269263,36,1.01750547,0.46741573,0.30734967,0.22132472
16279,Sam Clay,WSN,26,130,5.589080148,3,1.96153846,0.21649485,0.3814433,0.11538462
16350,Ryan Borucki,2 Tms,23.2,116,6.970952364,7,1.98591549,0.35211268,0.32876712,0.22413793
16358,Tyler Mahle,CIN,149.2,652,4.197641805,25,1.31625835,0.39759036,0.29383886,0.26380368
16377,Ryan Castellani,2 Tms,29,126,6.562666958,6,1.44827586,0.38372093,0.46511628,0.15873016
16390,Brad Wieck,CHC,11.1,46,2.024233283,0,1.05882353,0.48148148,0.44444444,0.30434783
16400,Reynaldo Lopez,CHW,66,262,4.067479742,12,1.07575758,0.39181287,0.35632184,0.27480916
16408,Victor Gonzalez,LAD,25,115,3.01858839,2,1.48,0.29230769,0.35384615,0.31304348
16418,Blake Taylor,HOU,41.2,200,5.591415455,6,1.704,0.38461538,0.20833333,0.145
16440,James Norwood,3 Tms,14,66,3.210398432,0,1.78571429,0.34090909,0.40909091,0.1969697
16455,Conner Greene,2 Tms,17.1,82,3.400803352,1,1.61538461,0.38181818,0.32727273,0.2195122
16502,Ryan Yarbrough,TBR,188,798,4.547135615,29,1.26595745,0.37828947,0.26171244,0.1641604
16507,Dan Altavilla,2 Tms,16,66,3.628028723,2,1.25,0.35897436,0.43589744,0.3030303
16511,Jordan Montgomery,NYY,221.2,931,4.03038607,31,1.25864662,0.35813953,0.3,0.22556391
16561,Austin Gomber,2 Tms,155.2,668,4.629721712,25,1.37473233,0.36383929,0.32307692,0.22005988
16587,Erik Swanson,SEA,32.2,134,4.719451025,6,1.04081633,0.55681818,0.31818182,0.24626866
16588,Jonathan Holder,NYY,13,54,6.268342872,3,1.23076923,0.45238095,0.23809524,0.12962963
16609,Bryan Abreu,HOU,40.1,175,4.168904283,5,1.33884298,0.31067961,0.29126214,0.27428571
16610,J.P. Feyereisen,2 Tms,53.1,210,3.251498961,3,0.9,0.57480315,0.2890625,0.26666667
16647,Ryan Thompson,TBR,60.2,259,3.858556863,9,1.3021978,0.29651163,0.22988506,0.25482625
16703,Julian Merryweather,TOR,27.2,125,3.772018909,3,1.48192771,0.3258427,0.30337079,0.208
16794,Josh James,HOU,12,57,7.937855514,4,1.66666667,0.55555556,0.2962963,0.29824561
16814,Tim Hill,SDP,45.2,197,4.804813231,8,1.33576642,0.31818182,0.32592593,0.21827411
16918,Luke Weaver,ARI,71.2,304,3.273348042,9,1.24186047,0.45,0.43349754,0.26973684
16929,Touki Toussaint,ATL,42,187,5.533456901,10,1.38095238,0.29565217,0.38655462,0.2513369
16933,Elieser Hernandez,MIA,59.2,248,4.129829124,12,1.05586592,0.47239264,0.32317073,0.28225806
16943,Sean Newcomb,2 Tms,36.1,175,5.371181493,5,1.89908257,0.42201835,0.3,0.20571429
16977,Trevor Williams,3 Tms,89,403,5.107861682,21,1.5505618,0.36121673,0.31343284,0.25062035
16981,Tyler Beede,2 Tms,14.1,69,4.174763728,0,1.60465116,0.24528302,0.22222222,0.08695652
16990,Tanner Banks,CHW,21.1,92,3.218868446,1,1.3125,0.3015873,0.25,0.20652174
17018,Jefry Rodriguez,WSN,13,64,9.246957202,5,2.07692308,0.5,0.36111111,0.21875
17034,Sean Reid-Foley,2 Tms,19.1,88,4.407688282,2,1.5,0.42105263,0.45614035,0.21590909
17085,Pablo Lopez,MIA,120.2,483,2.886750785,12,1.0359116,0.33333333,0.31316726,0.32919255
17092,Domingo Acevedo,OAK,29.2,113,4.449818597,6,0.87640449,0.47826087,0.26760563,0.2920354
17117,Austin Davis,3 Tms,32.1,153,5.069566737,6,1.67010309,0.36842105,0.28421053,0.24836601
17130,Raisel Iglesias,2 Tms,67.1,261,2.54149585,8,0.90594059,0.3943662,0.27972028,0.38314176
17149,Domingo German,NYY,52,228,4.900803352,10,1.34615385,0.38607595,0.34810127,0.21929825
17170,Gabe Speier,KCR,18.2,86,3.786269929,2,1.71428571,0.30434783,0.24637681,0.15116279
17181,Yoan Lopez,2 Tms,24,106,4.757762434,4,1.5,0.33783784,0.24324324,0.20754717
17186,Dinelson Lamet,SDP,61.2,255,3.419207021,7,1.16756757,0.45,0.35915493,0.3254902
17192,Jalen Beeks,TBR,35.1,144,2.553296265,2,1.18867925,0.30434783,0.25806452,0.27777778
17237,Austin Brice,2 Tms,23.1,96,3.867327143,3,1.24285714,0.36842105,0.31578947,0.29166667
17264,Sam Coonrod,2 Tms,33.1,146,3.715808253,3,1.29,0.28571429,0.2244898,0.2260274
17277,Ranger Suarez,PHI,131.2,569,3.956768296,12,1.38987342,0.30848329,0.27411168,0.20210896
17282,Michael Kopech,CHW,77.2,315,3.61119198,7,1.08154506,0.43137255,0.24390244,0.24444444
17285,Justus Sheffield,SEA,102.1,481,4.98431595,14,1.73941368,0.29618768,0.39710145,0.16839917
17292,Javy Guerra,2 Tms,14.1,67,3.661936127,1,1.81395349,0.18367347,0.30612245,0.17910448
17295,Framber Valdez,HOU,240.1,988,3.610020446,19,1.15672677,0.1521418,0.32305433,0.2145749
17312,Justin Steele,CHC,92,407,5.168827201,16,1.43478261,0.27816901,0.27272727,0.18918919
17355,Edgar Santana,ATL,25.1,104,5.538455172,7,1.22368421,0.36,0.31578947,0.22115385
17359,Josh Taylor,BOS,27.2,140,4.619166815,4,2.02409639,0.30952381,0.29761905,0.25714286
17369,Brett Martin,TEX,61.2,261,4.007392197,6,1.32972973,0.26020408,0.33838384,0.16475096
17425,Erick Fedde,WSN,129,575,4.65086718,20,1.46511628,0.32816537,0.32151899,0.21043478
17432,Jeff Hoffman,2 Tms,70.2,305,4.307079212,10,1.38679245,0.45549738,0.36787565,0.25245902
17464,Jonathan Hernandez,TEX,19,74,3.086156632,1,1,0.39583333,0.24489796,0.24324324
17479,Jack Flaherty,STL,60.1,251,4.350350276,10,1.14364641,0.36734694,0.36241611,0.29083665
17485,Albert Abreu,3 Tms,33.1,147,5.918120747,6,1.47,0.28723404,0.25531915,0.19727891
17489,Spenser Watkins,BAL,49.2,236,7.197419906,14,1.77181208,0.46994536,0.36612022,0.11864407
17490,Genesis Cabrera,STL,78.2,328,4.102165346,9,1.09322034,0.40609137,0.28643216,0.26219512
17496,Diego Castillo,2 Tms,72.1,281,2.707376102,8,0.89861751,0.30246914,0.24242424,0.34519573
17536,Ryan Burr,CHW,26.2,102,3.684928095,2,1.0125,0.23529412,0.26760563,0.20588235
17556,Jimmy Herget,2 Tms,48.2,192,2.866555277,4,1.04794521,0.3037037,0.25899281,0.234375
17578,JT Brubaker,PIT,123.2,545,4.559443095,22,1.29380054,0.30578512,0.30327869,0.23853211
17583,Marcos Diplan,BAL,20.1,94,6.803487802,5,1.62295082,0.5,0.32142857,0.22340426
17585,Jordan Yamamoto,2 Tms,11.1,63,8.389125268,4,2.55882353,0.40816327,0.40816327,0.11111111
17586,Tanner Scott,2 Tms,64.2,291,4.195311738,8,1.42268041,0.26380368,0.34545455,0.28522337
17594,Mitch Keller,PIT,97.1,426,4.36895091,13,1.46917808,0.34444444,0.34065934,0.23943662
17606,Cristian Javier,HOU,116.1,450,3.403612184,15,0.85100287,0.59322034,0.30125523,0.35555556
17610,Tanner Rainey,WSN,42.1,189,5.122596337,9,1.48818898,0.55882353,0.3627451,0.31216931
17611,Taylor Clarke,2 Tms,69,301,4.122266864,11,1.39130435,0.40191388,0.38095238,0.23255814
17639,Justin Lawrence,COL,19.2,91,3.708040238,0,1.88135593,0.18867925,0.25925926,0.21978022
17677,Jeffrey Springs,2 Tms,86,345,3.359083404,13,1.09302326,0.40384615,0.30331754,0.31884058
17682,Ralph Garza Jr.,3 Tms,35.1,146,4.762478766,4,1.24528302,0.28571429,0.30188679,0.15753425
17722,Trevor Megill,2 Tms,20.1,94,6.349820014,6,1.7704918,0.41428571,0.37142857,0.18085106
17732,Nabil Crismatt,2 Tms,70.2,289,3.682954909,8,1.10377358,0.32105263,0.33505155,0.24567474
17734,Evan Phillips,3 Tms,30,134,3.887824378,4,1.36666667,0.36708861,0.24050633,0.29104478
17735,Tyler Alexander,DET,121.2,525,5.16657892,25,1.37260274,0.43556701,0.38817481,0.18666667
17755,Drew Smith,NYM,48,187,3.839665653,7,1,0.54700855,0.28813559,0.28342246
17759,Angel Perdomo,MIL,10.2,60,9.173375633,4,2.4375,0.4,0.34615385,0.3
17780,Jose Alvarado,2 Tms,50.2,250,5.194823453,7,2.03289474,0.25396825,0.42063492,0.288
17783,Jake Brentz,KCR,45.1,213,4.490921434,6,1.63235294,0.31896552,0.33613445,0.28169014
17796,Dillon Tate,BAL,80.1,328,3.07341843,3,1.00829876,0.23706897,0.23305085,0.19817073
17859,Adbert Alzolay,CHC,81,316,2.741015593,6,0.9382716,0.27040816,0.25247525,0.28797468
17874,Nestor Cortes,2 Tms,144,588,4.289123759,26,1.11111111,0.5128866,0.27692308,0.26020408
17878,Dennis Santana,2 Tms,60.1,262,4.022175055,5,1.29281768,0.30285714,0.32022472,0.20229008
17888,Tayler Saucedo,TOR,16,74,6.042226893,3,1.625,0.25,0.33333333,0.09459459
17897,Garrett Cleavinger,2 Tms,10,48,5.963261032,2,2,0.25,0.34482759,0.22916667
17920,Cody Ponce,PIT,30,134,3.875736968,4,1.6,0.2967033,0.38461538,0.23880597
17948,Trent Thornton,TOR,57,250,5.136942881,12,1.47368421,0.41111111,0.37569061,0.2
17964,Tyler Gilbert,ARI,33.1,151,6.725661106,10,1.44,0.46788991,0.36607143,0.16556291
17968,Brock Burke,TEX,25.2,100,2.891352216,2,1.05194805,0.46774194,0.296875,0.28
17995,Logan Webb,SFG,163.2,650,2.766601873,10,1.03869654,0.21728972,0.22632794,0.26
17998,Pete Fairbanks,TBR,41,171,2.128556056,1,1.19512195,0.36956522,0.35483871,0.33918129
18000,Triston McKenzie,CLE,127.2,509,4.731451259,25,1.08093995,0.52664577,0.35714286,0.26915521
18064,Phil Maton,2 Tms,60.1,282,3.941287348,8,1.60773481,0.41614907,0.31055901,0.29787234
18088,Cody Stashak,MIN,28.1,112,2.417483336,3,0.91764706,0.55223881,0.34328358,0.34821429
18138,Ryan Helsley,STL,53,218,3.932897592,6,1.13207547,0.448,0.28346457,0.28440367
18152,Anthony Misiewicz,SEA,47,207,4.275066449,7,1.55319149,0.36690647,0.44285714,0.23188406
18251,Art Warren,CIN,25,107,4.428474598,5,1.36,0.49019608,0.32075472,0.36448598
18282,Jarlin Garcia,SFG,66.2,259,3.986895404,9,1.02,0.4519774,0.34269663,0.23552124
18297,Tyler Kinley,COL,56.2,246,4.046662063,8,1.34117647,0.42592593,0.32317073,0.24390244
18311,Carson Fulmer,3 Tms,19.1,88,5.244530419,3,1.44827586,0.38333333,0.27868852,0.18181818
18323,Josh Sborz,2 Tms,47,206,3.909238775,5,1.42553191,0.36666667,0.39669421,0.27669903
18325,Taylor Hearn,TEX,131,587,4.857488131,19,1.54198473,0.408867,0.36919315,0.1890971
18331,James Kaprielian,OAK,90.1,363,3.644498976,12,1.01845018,0.48535565,0.26859504,0.26170799
18333,Alex Young,2 Tms,62.2,294,6.308500281,16,1.67553191,0.34562212,0.38990826,0.16326531
18335,Josh Staumont,KCR,69,274,3.310828051,6,1.05797101,0.45454545,0.32121212,0.28832117
18337,Nick Anderson,TBR,13.2,47,2.59927312,1,0.51219512,0.79310345,0.51724138,0.31914894
18356,Jaime Barria,LAA,73.1,294,4.07568814,8,1.11818182,0.38116592,0.37219731,0.17006803
18361,Thomas Eshelman,BAL,38.1,166,5.790817325,8,1.35652174,0.43939394,0.31343284,0.12048193
18376,Connor Overton,3 Tms,19.1,73,2.473613678,0,0.93103448,0.31481481,0.31481481,0.19178082
18384,Scott Effross,CHC,30.1,123,2.181907537,2,1.15384615,0.31707317,0.27710843,0.28455285
18403,Enyel De Los Santos,3 Tms,33,150,2.969160807,3,1.36363636,0.33333333,0.33333333,0.3
18413,Jose Urquidy,HOU,112.2,476,5.295083354,26,1.24260355,0.45454545,0.30684932,0.18067227
18454,Trevor Kelley,2 Tms,13.1,63,7.481748581,5,1.65,0.44680851,0.29787234,0.17460317
18496,Junior Fernandez,STL,19.1,74,4.04034634,2,1.13793103,0.25,0.28070175,0.16216216
18498,Kenta Maeda,MIN,82.1,322,3.541939197,13,1.00809717,0.40096618,0.24401914,0.29503106
18510,Josh Rogers,WSN,37.1,175,7.787119314,12,1.74107143,0.4962963,0.34558824,0.11428571
18519,Phil Bickford,2 Tms,51.1,203,3.80048874,8,1.03246753,0.33333333,0.27692308,0.28571429
18525,Dylan Cease,CHW,155.2,653,3.493858319,19,1.2012848,0.45753425,0.33967391,0.32159265
18548,Sam Hentges,CLE,65.2,304,4.728530115,11,1.76649746,0.31527094,0.34313725,0.22368421
18555,Logan Allen,2 Tms,55.1,249,5.915114773,11,1.59036145,0.34659091,0.375,0.1686747
18581,Travis Bergen,2 Tms,11.2,48,4.205326763,0,1.37142857,0.48275862,0.20689655,0.1875
18600,Travis Lakins Sr.,BAL,39.1,185,5.789565215,7,1.6779661,0.38333333,0.33884298,0.19459459
18655,A.J. Minter,ATL,64.2,268,2.773457945,4,1.17525773,0.35882353,0.3372093,0.27238806
18674,Jake Woodford,STL,61,258,5.049201959,9,1.27868852,0.35555556,0.32967033,0.17829457
18679,Freddy Peralta,MIL,99.2,412,2.55131959,9,1.0735786,0.36818182,0.29147982,0.36165049
18684,Sandy Alcantara,MIA,171,663,2.792356881,11,0.91812865,0.25681818,0.26067416,0.25942685
18694,Kolby Allard,TEX,128.1,548,5.032287937,24,1.30909091,0.43283582,0.3490099,0.18430657
18699,Nick Neidert,MIA,25,101,5.134881541,3,1.16,0.36486486,0.25,0.12871287
18769,Cody Poteet,MIA,26,116,4.8416115,4,1.46153846,0.38028169,0.34722222,0.24137931
18790,Dillon Peters,2 Tms,38.2,170,3.798165919,2,1.42241379,0.37606838,0.30769231,0.18823529
18806,Drew Steckenrider,SEA,43.2,178,3.91855909,6,1.09923664,0.43307087,0.3359375,0.21910112
18815,Miguel Diaz,SDP,24,97,4.461700792,5,1.16666667,0.28813559,0.38333333,0.29896907
18890,Kyle Keller,2 Tms,21.1,100,6.921370727,5,1.59375,0.48333333,0.41666667,0.21
19178,Tommy Nance,2 Tms,20.2,109,6.105709202,3,2.12903226,0.23188406,0.35714286,0.17431193
19179,Kirby Snead,2 Tms,10,55,5.344581906,1,2.7,0.38888889,0.35135135,0.16363636
19191,Robert Dugger,4 Tms,25.1,121,4.985822833,5,1.77631579,0.37078652,0.30337079,0.19008264
19199,Conner Menez,2 Tms,16.1,70,5.504813373,4,1.28571429,0.25531915,0.33333333,0.22857143
19200,Jose Quijada,LAA,21,98,2.970595036,1,1.61904762,0.36538462,0.34615385,0.31632653
19206,Dakota Hudson,STL,57,240,4.743647762,7,1.40350877,0.30057803,0.32571429,0.1625
19225,Mitch White,LAD,42.2,178,3.668782239,5,1.125,0.44067797,0.31092437,0.24719101
19231,Caleb Baragar,SFG,28.1,112,4.097745027,3,1.02352941,0.58974359,0.34615385,0.20535714
19243,Wes Benjamin,TEX,32,147,5.52425419,7,1.625,0.44444444,0.34343434,0.21768707
19244,Cole Irvin,2 Tms,188,803,4.419026305,26,1.30851064,0.3961039,0.33602585,0.1618929
19249,Seranthony Dominguez,PHI,19,65,1.126694435,0,0.52631579,0.30555556,0.27777778,0.38461538
19264,Thomas Hatch,TOR,21.2,93,4.754728377,1,1.33846154,0.45901639,0.3442623,0.16129032
19266,Taylor Widener,ARI,52,230,5.28762552,9,1.34615385,0.43971631,0.40972222,0.23043478
19268,Justin Dunn,SEA,46.1,193,4.410558153,5,1.12230216,0.52985075,0.32089552,0.19170984
19269,T.J. Zeuch,TOR,20,85,6.480014102,5,1.25,0.30882353,0.39705882,0.11764706
19274,Jacob Webb,ATL,26.2,112,4.113147861,4,1.425,0.33333333,0.36842105,0.24107143
19276,Edgar Garcia,3 Tms,10.2,55,9.829625633,5,2.0625,0.39473684,0.42105263,0.16363636
19278,Vladimir Gutierrez,CIN,78.1,339,4.486990382,10,1.34042553,0.37554585,0.3106383,0.19764012
19291,Zac Gallen,ARI,133.1,559,4.236448342,23,1.17,0.42215569,0.36607143,0.29516995
19309,Trevor Richards,3 Tms,70.2,309,4.622858999,14,1.41509434,0.41666667,0.41062802,0.24919094
19312,Cal Quantrill,2 Tms,137.1,566,4.483310396,16,1.20145631,0.33255814,0.26773455,0.14487633
19316,Eric Lauer,MIL,163.2,682,4.577184488,31,1.16089613,0.45393258,0.36923077,0.24780059
19320,Joey Lucchesi,2 Tms,34,144,3.76057571,4,1.35294118,0.47916667,0.25510204,0.23611111
19330,Matthew Festa,SEA,14,58,3.339404156,3,1.21428571,0.53333333,0.3,0.4137931
19337,Richard Lovelady,KCR,12.1,53,5.442038366,3,1.37837838,0.28571429,0.34285714,0.24528302
19343,A.J. Puk,OAK,26.2,117,2.953900379,1,1.425,0.22891566,0.34939759,0.20512821
19345,Daulton Jefferies,OAK,29.1,130,4.640381874,4,1.43181818,0.38095238,0.33018868,0.12307692
19349,Caleb Ferguson,LAD,16.1,59,4.403731794,4,0.79591837,0.4375,0.3030303,0.37288136
19350,Dean Kremer,BAL,53.2,241,5.472874226,11,1.52795031,0.44692737,0.30167598,0.17012448
19361,Corbin Burnes,MIL,161,624,2.488257446,14,0.86335404,0.39495798,0.30362117,0.34775641
19362,Keegan Akin,BAL,116,510,5.137478503,22,1.44827586,0.43181818,0.33050847,0.20588235
19374,Walker Buehler,LAD,147.1,578,3.415043674,18,0.97058824,0.39267016,0.34366925,0.26643599
19388,Tony Gonsolin,LAD,79.2,313,3.910177275,10,1.0041841,0.41025641,0.3030303,0.26517572
19403,Colin Poche,TBR,18,71,5.125118446,3,0.88888889,0.42307692,0.21153846,0.16901408
19409,Dane Dunning,2 Tms,126.1,531,3.799360488,14,1.24274406,0.225,0.3030303,0.22787194
19427,Shane Bieber,CLE,138,556,2.943167067,15,1.10144928,0.32,0.28774929,0.30215827
19444,Yohan Ramirez,2 Tms,38.2,164,4.358932375,4,1.13793103,0.5952381,0.23255814,0.29268293
19447,Patrick Sandoval,LAA,131,579,4.141160625,15,1.45801527,0.29973475,0.29210526,0.22797927
19453,Shaun Anderson,4 Tms,24.1,118,5.438510815,4,1.7260274,0.46753247,0.28571429,0.20338983
19454,Michael Rucker,CHC,24.1,114,4.340280029,3,1.64383562,0.37681159,0.42028986,0.25438596
19456,Kyle Funkhouser,DET,51,214,4.703499375,6,1.35294118,0.23972603,0.33557047,0.18224299
19457,Bryan Garcia,DET,36.2,157,4.403916969,4,1.30909091,0.40740741,0.33333333,0.18471338
19459,Jorge Alcala,MIN,54,196,3.100487757,5,0.7962963,0.35251799,0.26618705,0.24489796
19479,Aaron Civale,CLE,117,506,5.150769987,24,1.38461538,0.35904255,0.35638298,0.18577075
19487,Devin Smeltzer,MIN,52,207,5.086304841,9,1.09615385,0.4522293,0.32075472,0.15458937
19493,Zach Jackson,OAK,18.1,75,2.797845716,0,1.36363636,0.48571429,0.2972973,0.32
19531,Jason Foley,DET,24,98,3.303014035,1,1.25,0.22666667,0.34210526,0.15306122
19535,Ryan Hendrix,CIN,18,90,6.110319704,5,2.11111111,0.2962963,0.51851852,0.26666667
19541,Jimmy Lambert,CHW,15,67,5.551022074,3,1.6,0.45833333,0.25,0.17910448
19548,JD Hammer,PHI,10,47,5.870034122,2,1.7,0.3,0.43333333,0.21276596
19558,Geoff Hartlieb,2 Tms,17.2,90,5.336310644,0,1.98113208,0.29166667,0.26530612,0.18888889
19569,David Bednar,2 Tms,57.1,230,2.475127986,5,1.02906977,0.39855072,0.28985507,0.33043478
19583,Sean Poppen,4 Tms,33,139,3.240656373,3,1.33333333,0.30769231,0.30769231,0.25899281
19614,Cionel Perez,3 Tms,32.2,152,4.988784802,4,1.83673469,0.34736842,0.3125,0.21052632
19618,Jordan Hicks,STL,20.2,90,5.801622141,3,1.4516129,0.22641509,0.20754717,0.21111111
19647,Matt Foster,CHW,58.2,237,4.574318518,11,1.14204545,0.46710526,0.28289474,0.26582278
19665,Kyle Wright,ATL,66.2,273,3.836698549,7,1.155,0.25,0.28813559,0.24175824
19666,Jason Alexander,MIL,16,66,3.312618446,0,1.5,0.12727273,0.4,0.09090909
19677,Gregory Soto,DET,81,344,4.373035877,10,1.2962963,0.41584158,0.36945813,0.26453488
19680,Sixto Sanchez,MIA,19,84,5.086156632,3,1.42105263,0.31666667,0.21666667,0.17857143
19682,Jordan Sheffield,COL,12,47,4.253367452,1,0.91666667,0.46875,0.1875,0.19148936
19686,Kyle Cody,TEX,19.2,93,4.964193902,2,1.6779661,0.30769231,0.33846154,0.16129032
19705,Matt Swarmer,CHC,13,52,7.971272296,6,1.07692308,0.54054054,0.45945946,0.23076923
19712,Patrick Murphy,2 Tms,21.2,102,3.999552403,2,1.66153846,0.20547945,0.34246575,0.18627451
19716,Dustin May,LAD,40,154,3.385716947,5,0.85,0.1981982,0.23893805,0.23376623
19731,Kodi Whitley,STL,23.1,100,4.961570106,3,1.2,0.49152542,0.30508475,0.24
19742,Anthony Bender,MIA,44.1,179,2.86903367,5,0.96992481,0.28421053,0.22105263,0.36871508
19753,Jonathan Loaisiga,NYY,68,274,3.622948802,7,1.08823529,0.22222222,0.19672131,0.24087591
19754,Reiver Sanmartin,CIN,19,96,5.665618134,3,2.26315789,0.30136986,0.35616438,0.125
19755,Shohei Ohtani,LAA,102,403,2.547351858,7,0.95098039,0.4254386,0.29257642,0.33498759
19766,Seth Elledge,STL,11.2,57,3.953072056,0,1.8,0.42424242,0.36363636,0.21052632
19769,Will Vest,2 Tms,35,146,3.89278615,3,1.37142857,0.27083333,0.28865979,0.21917808
19784,Justin Garza,CLE,18,75,4.336700792,3,1.27777778,0.40909091,0.43478261,0.28
19785,Jacob Lemoine,OAK,11,43,5.034209356,2,1,0.46428571,0.17857143,0.23255814
19789,Anthony Castro,3 Tms,20.1,95,5.421985534,5,1.52459016,0.43396226,0.32075472,0.30526316
19795,Keegan Thompson,CHC,63,265,4.510160339,9,1.22222222,0.37714286,0.33333333,0.22264151
19800,Wil Crowe,2 Tms,93.1,422,5.64557346,20,1.575,0.3754386,0.3125,0.20379147
19804,Bryan Baker,2 Tms,21,88,2.270114428,0,1.28571429,0.30508475,0.30508475,0.23863636
19805,Daniel Castano,MIA,51,218,4.540205449,5,1.37254902,0.28402367,0.2716763,0.11926606
19826,Riley Smith,ARI,51.2,232,4.220162407,5,1.60645161,0.30978261,0.36413043,0.13362069
19845,Alexander Wells,BAL,33.2,156,7.146674465,10,1.63366337,0.43902439,0.34146341,0.12179487
19848,Darwinzon Hernandez,BOS,31,142,4.690532268,3,1.48387097,0.33333333,0.28947368,0.26760563
19853,Michael King,NYY,81.1,341,3.037773575,5,1.21721311,0.27876106,0.2920354,0.24633431
19865,Charlie Barnes,MIN,29.2,138,5.428461092,4,1.68539326,0.39047619,0.40740741,0.10869565
19866,Brandon Bielak,HOU,44.2,206,6.576210653,11,1.63432836,0.40714286,0.29370629,0.17475728
19867,Griffin Canning,LAA,65,282,4.995398722,14,1.41538462,0.42328042,0.35449735,0.24113475
19871,Tucker Davidson,ATL,28,130,5.0089713,3,1.60714286,0.34408602,0.32978723,0.14615385
19874,Alex Faedo,DET,22.2,102,3.566294916,2,1.58823529,0.34782609,0.36231884,0.2254902
19876,Kevin Ginkel,ARI,28,123,4.605224926,4,1.57142857,0.38271605,0.37804878,0.2195122
19879,Tanner Houck,BOS,77,302,2.233900564,3,0.98701299,0.35672515,0.33139535,0.33112583
19883,Alex Lange,DET,35,159,3.891502845,4,1.42857143,0.27777778,0.37362637,0.28930818
19884,Corbin Martin,ARI,18,88,7.033969859,5,1.94444444,0.49180328,0.49206349,0.15909091
19899,Clarke Schmidt,NYY,21.1,96,4.547710147,2,1.265625,0.41935484,0.26984127,0.19791667
19903,Adonis Medina,2 Tms,16.1,78,4.929262319,2,1.46938775,0.26,0.28,0.19230769
19911,Jose Suarez,LAA,105.1,447,4.108720489,12,1.29113924,0.33887043,0.32894737,0.21700224
19926,Tony Santillan,CIN,38.1,159,3.911714161,6,1.14782609,0.4494382,0.25,0.31446541
19932,Trevor Stephan,CLE,52,223,5.059484222,12,1.17307692,0.47058824,0.32846715,0.28251121
19942,Ljay Newsome,SEA,21,86,3.60844975,3,1.0952381,0.38461538,0.39393939,0.20930233
19951,Ian Anderson,ATL,122.1,531,4.081063809,14,1.38964578,0.29096045,0.30362117,0.22033898
19959,Jesus Luzardo,2 Tms,139.2,623,5.382254853,30,1.51073986,0.41012658,0.3775,0.24077047
19979,Zach Plesac,CLE,149,599,4.141741105,24,1.02684564,0.37946429,0.32666667,0.20367279
19990,Bryse Wilson,2 Tms,67,290,4.846364172,12,1.41791045,0.34134615,0.36492891,0.19310345
19995,Joel Kuhnel,CIN,12,49,3.797310229,2,1.16666667,0.36666667,0.33333333,0.30612245
20000,Tyler Wells,BAL,71.1,294,4.689842241,13,1.12149533,0.53023256,0.30414747,0.19727891
20010,Wyatt Mills,SEA,16,72,3.840690744,0,1.5,0.18,0.24,0.15277778
20020,John Schreiber,2 Tms,29,113,2.565633797,2,0.89655172,0.39726027,0.33783784,0.28318584
20039,Adrian Morejon,SDP,17.2,74,7.080979415,7,1.30188679,0.39583333,0.41666667,0.27027027
20041,Ronald Bolanos,KCR,18.1,81,5.545378711,3,1.47272727,0.39215686,0.33333333,0.20987654
20045,Sean Guenther,MIA,13,59,3.939264892,1,1.53846154,0.30769231,0.3,0.20338983
20070,Bailey Falter,PHI,36,146,5.373125592,8,1.13888889,0.50458716,0.31192661,0.18493151
20074,Miguel Sanchez,MIL,21,96,3.342686631,1,1.52380952,0.38983051,0.3559322,0.25
20080,Mauricio Llovera,2 Tms,10.1,47,4.500931516,2,1.4516129,0.4,0.29032258,0.25531915
20099,Chris Paddack,2 Tms,91.2,399,3.933187452,16,1.36363636,0.34172662,0.33333333,0.2406015
20132,Adam Oller,OAK,10.1,57,6.318666836,2,2.41935484,0.44186047,0.27906977,0.12280702
20151,James Karinchak,CLE,38.2,163,3.954376717,6,1.18965517,0.44303797,0.39240506,0.36809816
20153,Nick Nelson,2 Tms,37,169,4.425004088,3,1.51351351,0.34693878,0.31632653,0.24260355
20160,Nate Pearson,TOR,20.2,85,4.777846077,3,1.16129032,0.46153846,0.30769231,0.24705882
20167,Kyle Muller,ATL,30,134,3.633207351,1,1.46666667,0.41025641,0.24390244,0.23134328
20185,Zach Pop,MIA,36.1,168,3.220135147,1,1.4587156,0.26851852,0.28181818,0.2202381
20191,Garrett Whitlock,BOS,74.2,299,2.927116305,7,1.07142857,0.28205128,0.31282051,0.28093645
20198,Ben Bowden,COL,20.1,100,4.940525922,3,1.72131148,0.49206349,0.3030303,0.21
20203,Eli Morgan,CLE,76.2,307,3.966036212,13,1.06956522,0.4611399,0.35384615,0.28664495
20205,Jeremy Beasley,2 Tms,11.2,56,6.148828956,3,1.54285714,0.55172414,0.31034483,0.30357143
20206,Mike Baumann,BAL,11.2,55,5.976789367,2,1.8,0.3902439,0.41463415,0.12727273
20218,Yennsy Diaz,NYM,14,63,4.955748412,2,1.5,0.53846154,0.2,0.22222222
20231,Zach Logue,OAK,19.1,88,6.900980516,6,1.55172414,0.55555556,0.36507937,0.18181818
20243,Zac Lowther,BAL,27.2,125,5.514561338,5,1.44578313,0.41176471,0.43529412,0.192
20253,Griffin Jax,MIN,72.1,303,5.478953783,18,1.21658986,0.51674641,0.36666667,0.22772277
20276,Deivi Garcia,NYY,23,97,4.448260178,5,1.17391304,0.453125,0.296875,0.27835052
20277,Cory Abbott,2 Tms,10.1,46,8.683265367,4,1.5483871,0.4516129,0.38709677,0.17391304
20298,Jhonathan Diaz,LAA,19.2,91,4.972375145,2,1.6779661,0.33333333,0.33333333,0.14285714
20302,David Peterson,NYM,130.2,555,4.440946835,15,1.30867347,0.30517711,0.35309973,0.20900901
20329,Andre Scrubb,HOU,25,111,5.060299244,3,1.56,0.47692308,0.27692308,0.23423423
20339,Matt Peacock,2 Tms,52,227,3.973407617,6,1.42307692,0.23952096,0.26035503,0.18502203
20353,Steven Wilson,SDP,17.1,67,6.009733836,5,0.92307692,0.63414634,0.23809524,0.26865672
20367,Brusdar Graterol,LAD,59.2,232,3.09390115,2,0.90502793,0.20481928,0.18674699,0.19396552
20368,Ramon Rosso,PHI,11,47,5.636244483,2,1.36363636,0.36,0.48,0.27659574
20369,Matt Manning,DET,48.1,222,4.511144553,6,1.55172414,0.37349398,0.37125749,0.15765766
20370,Bruce Zimmermann,BAL,113.1,491,5.75146095,27,1.42058824,0.41424802,0.34203655,0.15478615
20373,Andres Munoz,SEA,16.2,67,3.846915073,3,1.26,0.25,0.25,0.35820896
20379,Tyler Zuber,KCR,27.1,114,5.228464244,4,1.35365854,0.37704918,0.32786885,0.27192982
20383,Antonio Santos,COL,10.2,48,4.770467144,2,1.6875,0.44444444,0.36111111,0.1875
20387,Anthony Kay,TOR,36.2,168,4.456420797,4,1.5,0.2815534,0.27184466,0.23809524
20395,Nick Margevicius,SEA,37,166,4.673475017,5,1.54054054,0.39130435,0.37931034,0.19277108
20418,Josh Fleming,TBR,112,490,4.410551181,10,1.4375,0.26455026,0.29319372,0.12857143
20422,Jovani Moran,MIN,13.1,59,2.845330501,0,1.65,0.22580645,0.1875,0.28813559
20430,Rony Garcia,DET,36.2,154,6.719602821,12,1.41818182,0.40366972,0.34862385,0.20779221
20447,Enoli Paredes,HOU,14.2,78,5.023580199,1,2.31818182,0.34285714,0.31428571,0.29487179
20468,Huascar Ynoa,ATL,64.2,282,4.517500171,12,1.32989691,0.27472527,0.31351351,0.25531915
20491,J.B. Bukauskas,ARI,11,47,4.897306852,2,1.36363636,0.27777778,0.38888889,0.17021277
20492,Casey Mize,DET,101.2,408,3.682091182,9,1.03278689,0.31208054,0.25503356,0.19362745
20515,Kyle Nelson,2 Tms,19,86,2.935042359,1,1.47368421,0.36666667,0.25,0.22093023
20517,Nick Sandlin,CLE,35,147,3.810066249,3,1.22857143,0.36708861,0.21518987,0.29931973
20531,Kutter Crawford,BOS,11,57,5.12920169,2,2.18181818,0.475,0.325,0.19298246
20539,Edwin Uceta,2 Tms,13.1,55,5.40655942,2,1.05,0.47222222,0.35135135,0.18181818
20617,J.C. Mejia,2 Tms,25,111,4.608237495,3,1.52,0.31343284,0.31343284,0.24324324
20631,Jordan Holloway,MIA,20.1,94,5.285790676,2,1.57377049,0.38181818,0.41818182,0.21276596
20633,Yusei Kikuchi,2 Tms,194,862,4.988873874,36,1.5257732,0.31617647,0.35963303,0.24709977
20666,Felix Bautista,BAL,19,76,3.072486866,1,1.15789474,0.40816327,0.28571429,0.25
20739,Humberto Mejia,2 Tms,16.2,80,5.75602211,3,1.86,0.42857143,0.43859649,0.1625
20778,Cristopher Sanchez,PHI,17,76,5.557139246,3,1.47058824,0.3,0.34615385,0.18421053
20962,Elvin Rodriguez,DET,13.2,67,8.905606246,6,1.90243902,0.52,0.32,0.14925373
21025,Oliver Ortega,LAA,24,101,5.511971194,4,1.45833333,0.24285714,0.38028169,0.16831683
21029,Jhoan Duran,MIN,19.1,71,2.607877066,3,0.62068966,0.33333333,0.25641026,0.4084507
21032,Emmanuel Clase,CLE,54,215,1.840801935,1,1,0.18309859,0.25174825,0.27906977
21045,Seth Martinez,HOU,12.1,52,3.940785005,1,1.13513514,0.65625,0.18181818,0.23076923
21052,Luis Gil,NYY,20.2,90,3.890045001,3,1.35483871,0.45833333,0.3125,0.33333333
21087,Demarcus Evans,TEX,20.2,83,4.382815914,4,1.01612903,0.65217391,0.34042553,0.3253012
21101,Dauri Moreta,CIN,10.2,46,5.382136521,3,1.3125,0.69230769,0.30769231,0.32608696
21111,Miguel Yajure,2 Tms,17.1,72,5.755986656,3,1.15384615,0.46,0.26,0.16666667
21132,Alexis Diaz,CIN,15.2,62,2.805969506,1,0.89361702,0.46428571,0.21428571,0.38709677
21170,Dany Jimenez,2 Tms,17.1,72,1.917405064,0,1.09615385,0.36734694,0.32653061,0.25
21183,Humberto Castellanos,2 Tms,52.1,238,4.184579444,6,1.50955414,0.32142857,0.32352941,0.18907563
21189,Brooks Kriske,2 Tms,10,49,8.973598401,5,1.9,0.59259259,0.25,0.28571429
21205,Connor Brogdon,PHI,42.2,177,4.196020116,7,1.171875,0.41284404,0.35135135,0.27683616
21224,Bailey Ober,MIN,72.1,280,3.931808592,14,0.96774194,0.45685279,0.38071066,0.26785714
21290,Lucas Gilbreath,COL,34.1,144,3.76598593,2,1.2815534,0.32978723,0.23404255,0.21527778
21318,Tylor Megill,NYM,70.2,273,2.888242352,8,0.91981132,0.29761905,0.30057803,0.30769231
21345,Bennett Sousa,CHW,12,53,5.625118446,2,1.41666667,0.35,0.25,0.13207547
21366,Glenn Otto,TEX,37.1,170,4.53842826,5,1.52678571,0.30909091,0.33333333,0.22352941
21390,Joe Ryan,MIN,46.1,186,2.663223681,4,0.99280576,0.44537815,0.24369748,0.29569892
21446,Ryan Feltner,COL,21,97,4.037009819,3,1.47619048,0.31818182,0.3030303,0.22680412
21453,Konnor Pilkington,CLE,22.1,100,3.304222926,1,1.43283582,0.47619048,0.3015873,0.24
21455,Kris Bubic,KCR,180.1,772,4.754186546,28,1.38077634,0.31538462,0.33269598,0.21373057
21483,Shane McClanahan,TBR,179.1,715,3.038890662,21,1.05947955,0.32346241,0.30786517,0.30769231
21537,Daniel Lynch,KCR,116.1,537,4.772282464,18,1.64183381,0.41961853,0.38692098,0.20670391
21541,Reiss Knehr,SDP,21.1,97,4.143180203,1,1.5,0.46666667,0.32786885,0.20618557
21549,Jackson Kowar,KCR,19.2,101,4.586911389,3,2.08474576,0.27941176,0.35294118,0.21782178
21620,Jake Cousins,MIL,23.1,96,3.458484377,3,1.07142857,0.3877551,0.34,0.35416667
21690,Edward Cabrera,MIA,17.1,88,6.153622625,3,1.84615385,0.35555556,0.40425532,0.25
21728,Luis Oviedo,PIT,16.2,78,4.250034122,1,1.74,0.39583333,0.27083333,0.21794872
21844,Braxton Garrett,MIA,44.2,206,5.019368075,7,1.7238806,0.34814815,0.32116788,0.20873786
21850,Mason Thompson,2 Tms,15,75,3.835702666,2,1.86666667,0.23529412,0.34615385,0.22666667
21992,Camilo Doval,SFG,38,145,2.329028834,2,0.86842105,0.30337079,0.26966292,0.31034483
22051,John King,TEX,56.2,259,4.33917623,7,1.53529412,0.2,0.25520833,0.17374517
22052,Aaron Fletcher,2 Tms,11.2,59,7.864214181,4,1.97142857,0.3255814,0.44186047,0.15254237
22092,Kyle Tyler,2 Tms,10,43,5.258056609,1,1.2,0.4375,0.28125,0.11627907
22175,Max Kranick,PIT,22.1,98,4.822728243,3,1.43283582,0.44285714,0.30555556,0.16326531
22182,Hunter Greene,CIN,34.2,155,6.702041526,13,1.47115385,0.54,0.37,0.27096774
22201,MacKenzie Gore,SDP,47,194,3.167671636,4,1.23404255,0.36065574,0.34677419,0.26804124
22224,Jonathan Heasley,KCR,28.1,119,4.016982941,1,1.23529412,0.37647059,0.4,0.1512605
22248,Paul Campbell,MIA,14.2,67,3.920034122,2,1.56818182,0.43478261,0.25531915,0.2238806
22250,Logan Gilbert,SEA,110.2,470,4.117825959,18,1.18373494,0.45962733,0.36728395,0.24042553
22264,Shane Baz,TBR,16.1,61,3.701804957,3,0.73469388,0.36111111,0.36111111,0.3442623
22267,Tarik Skubal,DET,209.2,882,4.918881552,48,1.24483307,0.44699647,0.37237762,0.26870748
22276,Dylan Coleman,KCR,24,106,4.75885205,3,1.375,0.44262295,0.26229508,0.25471698
22286,Trevor Rogers,MIA,172.2,727,3.570705807,20,1.22779923,0.38185654,0.32985386,0.25584594
22294,Matthew Liberatore,STL,14,63,7.125118446,4,1.64285714,0.52272727,0.44444444,0.15873016
22296,Joe Barlow,TEX,30.1,116,4.270676509,5,0.85714286,0.53846154,0.35897436,0.25
22310,Chris Rodriguez,LAA,17,79,2.993563532,0,1.58823529,0.22,0.2,0.2278481
22343,A.J. Alexy,TEX,11.2,56,8.827176982,4,1.71428571,0.6969697,0.24242424,0.19642857
22387,Josh Winckowski,BOS,10.1,45,2.060602316,0,1.4516129,0.21621622,0.2972973,0.15555556
22487,Johan Oviedo,STL,51,235,4.892504189,8,1.49019608,0.38064516,0.32484076,0.21276596
22713,Carlos Hernandez,KCR,67.1,307,4.187003898,6,1.67821782,0.3411215,0.36744186,0.18566775
22810,Roansy Contreras,PIT,22.2,101,4.36371519,3,1.5,0.35483871,0.38095238,0.24752475
22815,Luis Patino,2 Tms,55.2,234,4.088679902,9,1.18562874,0.49668874,0.37086093,0.26923077
22925,Joan Adon,WSN,36,170,4.490804301,3,1.66666667,0.26315789,0.30434783,0.18235294
23252,Spencer Howard,2 Tms,43.1,205,6.010255291,12,1.73076923,0.35294118,0.40441176,0.23414634
23292,Packy Naughton,2 Tms,25,120,5.233864479,3,1.84,0.2247191,0.33707865,0.13333333
23293,Codi Heuer,2 Tms,51.1,207,3.5444689,3,1.18831169,0.28571429,0.23943662,0.20772947
23307,Collin Snider,KCR,14.2,62,3.670572996,0,1.56818182,0.21568627,0.29411765,0.08064516
23460,Brandon Hughes,CHC,10,38,5.025118446,2,0.8,0.45454545,0.40909091,0.28947368
23550,Aaron Ashby,MIL,74,308,3.68285643,9,1.18918919,0.22513089,0.28645833,0.27597403
23592,Brett de Geus,2 Tms,34,147,4.170034122,2,1.38235294,0.20792079,0.30693069,0.17687075
23735,Luis Garcia,HOU,127,494,3.291867572,13,0.95275591,0.44479495,0.33647799,0.27530364
23779,Justin Bruihl,LAD,13,64,7.299694908,3,1.69230769,0.35714286,0.25,0.140625
23796,Ryan Weathers,SDP,69,298,5.964748749,16,1.47826087,0.375,0.4084507,0.18120805
23798,Randy Dobnak,MIN,56,233,4.126900936,6,1.30357143,0.15555556,0.25,0.15021459
24580,Josiah Gray,2 Tms,83.1,341,4.52595932,16,1.104,0.49763033,0.30555556,0.27272727
24586,Kyle Bradish,BAL,25,126,7.525118446,9,2.2,0.38888889,0.37777778,0.18253968
24606,Josh Winder,MIN,17.2,74,4.653420336,3,1.30188679,0.37931034,0.24137931,0.16216216
24933,Andrew Wantz,LAA,28.1,113,2.905537452,3,0.81176471,0.55714286,0.4,0.30973451
24937,Austin Warren,LAA,23.1,97,2.810494017,1,1.2,0.34848485,0.33333333,0.21649485
25007,Alex Vesia,2 Tms,37,163,5.209250989,8,1.43243243,0.5,0.38297872,0.28834356
25174,Penn Murfee,SEA,20.1,72,2.141511886,0,0.63934426,0.54761905,0.19047619,0.30555556
25376,Nick Mears,PIT,16.1,79,5.50005627,3,1.83673469,0.36956522,0.34782609,0.25316456
25377,Brady Singer,KCR,119.1,508,3.180633602,9,1.31564246,0.22160665,0.25068871,0.21653543
25379,Sam Long,SFG,45,188,4.725520419,6,1.15555556,0.48571429,0.32394366,0.15425532
25385,Drew Rasmussen,2 Tms,89.1,359,3.670530035,11,1.0858209,0.31512605,0.35294118,0.25626741
25436,George Kirby,SEA,21.2,97,5.571272296,6,1.52307692,0.41666667,0.36111111,0.20618557
25756,Matt Brash,SEA,12.1,55,6.287280606,2,1.94594595,0.17948718,0.30769231,0.12727273
25918,Zack Thompson,STL,11,42,4.306936626,2,1,0.3030303,0.24242424,0.19047619
26079,Beau Brieske,DET,34.1,147,6.445506796,10,1.39805825,0.42982456,0.37719298,0.15646259
26108,Andre Pallante,STL,25,117,5.045118446,3,1.84,0.17721519,0.25316456,0.17948718
26378,Nick Lodolo,CIN,13,63,4.740503066,3,1.69230769,0.28205128,0.33333333,0.28571429
26410,Alek Manoah,TOR,104.1,395,2.862260603,7,0.69009585,0.42063492,0.21031746,0.27848101
27458,Kwang Hyun Kim,STL,112.1,473,4.725024144,15,1.26409496,0.31024931,0.31780822,0.14587738
27460,Shun Yamaguchi,TOR,13.2,70,6.191419792,3,2.12195122,0.43902439,0.31707317,0.24285714
27463,Garrett Crochet,CHW,38.2,160,2.758453333,2,1.21551724,0.39175258,0.32323232,0.28125
27468,Reid Detmers,LAA,58,258,5.723457742,11,1.44827586,0.47457627,0.31843575,0.17829457
27498,Spencer Strider,ATL,22.2,97,2.332321846,1,1.32352941,0.40909091,0.38636364,0.39175258
27505,Kohei Arihara,TEX,22.2,102,7.537681182,8,1.5,0.40789474,0.45454545,0.15686275
27513,Hyeon-Jong Yang,TEX,25.1,115,6.564770962,7,1.65789474,0.32911392,0.3,0.19130435
27515,Hirokazu Sawamura,BOS,53,225,4.290245074,7,1.33962264,0.31724138,0.29931973,0.23555556
27517,Jared Koenig,OAK,14.2,66,5.170572986,2,1.43181818,0.31914894,0.3125,0.15151515
27552,Graham Ashcraft,CIN,16.2,78,4.745118446,3,1.44,0.33870968,0.38709677,0.15384615
30074,Chase Silseth,LAA,10.2,42,3.218868446,0,1.03125,0.27586207,0.3,0.16666667
30115,Robert Suarez,SDP,11.2,49,6.467975586,4,1.28571429,0.4,0.32,0.34693878
