#,Name,Team,GS,IP,HR,TBF,K,K%,BB%,Pitches,Contact%,SwStr%,CStr%,CSW%,SIERA,HardHit%,HR/FB,GB/FB,LD%,GB%,FB%,FIP,EV,Barrel%
1,Wily Peralta,DET,1,2.0,0,9,3,33.3%,33.3%,44,60.0%,13.6%,18.2%,31.8%,7.37,33.3%,0.0%,1.00,33.3%,33.3%,33.3%,4.62,89.9,0.0%
2,John Brebbia,SFG,2,2.0,0,8,2,25.0%,0.0%,30,80.0%,10.0%,16.7%,26.7%,4.04,33.3%,0.0%,0.25,16.7%,16.7%,66.7%,1.12,87.3,16.7%
3,Reynaldo Lopez,CHW,1,2.0,0,7,3,42.9%,0.0%,24,50.0%,37.5%,4.2%,41.7%,1.31,0.0%,0.0%,1.00,50.0%,25.0%,25.0%,0.12,83.9,0.0%
4,J.P. Feyereisen,TBR,2,4.0,0,12,5,41.7%,0.0%,52,57.7%,21.2%,13.5%,34.6%,2.32,28.6%,0.0%,0.17,0.0%,14.3%,85.7%,0.62,86.7,14.3%
5,Austin Davis,BOS,1,2.0,0,7,2,28.6%,14.3%,35,75.0%,11.4%,8.6%,20.0%,2.47,25.0%,0.0%,4.00,0.0%,100.0%,0.0%,2.62,84.0,0.0%
6,Gabe Speier,KCR,1,2.0,0,6,1,16.7%,0.0%,17,88.9%,5.9%,11.8%,17.6%,4.32,0.0%,0.0%,0.67,0.0%,40.0%,60.0%,2.12,85.0,0.0%
7,Brett Martin,TEX,1,1.0,0,5,0,0.0%,40.0%,17,80.0%,5.9%,5.9%,11.8%,11.72,0.0%,0.0%,3.00,0.0%,100.0%,0.0%,9.12,78.4,0.0%
8,Nabil Crismatt,SDP,1,3.0,0,12,4,33.3%,25.0%,53,57.9%,15.1%,15.1%,30.2%,5.36,40.0%,0.0%,4.00,0.0%,80.0%,20.0%,3.45,80.6,0.0%
9,Scott Effross,CHC,1,1.1,0,7,0,0.0%,0.0%,18,88.9%,5.6%,22.2%,27.8%,6.22,71.4%,0.0%,1.00,14.3%,42.9%,42.9%,3.12,92.1,14.3%
10,Clarke Schmidt,NYY,1,3.0,0,11,5,45.5%,9.1%,50,65.2%,16.0%,22.0%,38.0%,1.86,40.0%,0.0%,3.00,20.0%,60.0%,20.0%,0.78,98.3,0.0%
11,Kenny Rosenberg,LAA,1,4.2,0,19,1,5.3%,15.8%,71,84.8%,7.0%,14.1%,21.1%,7.74,26.7%,0.0%,0.63,13.3%,33.3%,53.3%,4.62,82.7,0.0%
12,Mauricio Llovera,SFG,1,1.0,0,3,1,33.3%,0.0%,17,80.0%,11.8%,17.6%,29.4%,4.70,50.0%,0.0%,0.00,0.0%,0.0%,100.0%,1.12,92.1,0.0%
13,Kyle Nelson,ARI,1,1.0,0,3,0,0.0%,33.3%,15,83.3%,6.7%,6.7%,13.3%,11.97,50.0%,0.0%,1.00,0.0%,50.0%,50.0%,6.12,89.1,0.0%
14,Miguel Yajure,PIT,1,4.0,0,18,0,0.0%,16.7%,65,90.3%,4.6%,15.4%,20.0%,8.03,46.7%,0.0%,1.75,26.7%,46.7%,26.7%,5.37,91.9,13.3%
15,Michael Grove,LAD,1,3.2,0,19,3,15.8%,15.8%,70,78.8%,10.0%,14.3%,24.3%,5.91,46.2%,0.0%,1.00,23.1%,38.5%,38.5%,3.93,93.6,0.0%
16,JP Sears,NYY,2,10.2,0,40,6,15.0%,7.5%,162,78.1%,9.9%,19.1%,29.0%,4.92,38.7%,0.0%,0.92,16.7%,40.0%,43.3%,2.83,89.0,6.5%
17,Andrew Wantz,LAA,1,1.0,0,4,2,50.0%,0.0%,13,42.9%,30.8%,15.4%,46.2%,0.81,100.0%,0.0%,0.00,100.0%,0.0%,0.0%,2.12,106.5,0.0%
18,Penn Murfee,SEA,1,2.0,0,8,2,25.0%,12.5%,34,80.0%,8.8%,20.6%,29.4%,4.45,20.0%,0.0%,0.67,0.0%,40.0%,60.0%,2.62,85.8,0.0%
19,Andrew Heaney,LAD,3,15.1,1,63,23,36.5%,6.3%,233,61.6%,18.5%,16.3%,34.8%,2.39,47.1%,7.1%,0.86,23.5%,35.3%,41.2%,2.14,91.3,5.9%
20,Sammy Long,SFG,5,10.0,1,40,6,15.0%,0.0%,158,74.3%,12.0%,19.0%,31.0%,4.36,26.5%,6.3%,0.75,15.2%,36.4%,48.5%,3.22,84.7,2.9%
21,Josh Winder,MIN,4,21.1,1,83,18,21.7%,6.0%,321,79.4%,10.0%,18.1%,28.0%,3.99,32.2%,4.2%,0.75,28.8%,30.5%,40.7%,2.88,89.3,1.7%
22,Dean Kremer,BAL,5,28.0,1,111,19,17.1%,6.3%,419,79.8%,9.8%,15.5%,25.3%,4.62,42.9%,2.6%,0.77,17.9%,35.7%,46.4%,3.08,89.2,9.5%
23,Tony Gonsolin,LAD,15,81.2,7,309,77,24.9%,7.4%,1249,74.1%,12.7%,17.0%,29.6%,3.69,29.6%,8.0%,0.98,16.1%,41.5%,42.4%,3.30,88.2,6.3%
24,Shane McClanahan,TBR,16,98.1,11,370,133,35.9%,4.6%,1442,66.0%,16.8%,18.6%,35.4%,2.17,31.1%,16.4%,1.66,18.0%,51.2%,30.9%,2.41,87.0,7.8%
25,Connor Overton,CIN,4,24.2,0,89,10,11.2%,7.9%,341,87.3%,5.3%,21.1%,26.4%,5.35,44.4%,0.0%,1.19,20.8%,43.1%,36.1%,3.16,91.0,4.2%
26,Sandy Alcantara,MIA,16,115.1,6,443,97,21.9%,6.8%,1639,76.3%,12.0%,15.4%,27.5%,3.63,35.7%,6.6%,1.90,14.3%,56.2%,29.5%,3.02,86.8,4.8%
27,Justin Verlander,HOU,15,97.1,11,372,90,24.2%,4.6%,1414,79.3%,11.2%,14.9%,26.1%,3.48,36.4%,10.2%,0.94,19.3%,39.0%,41.7%,3.38,88.5,7.3%
28,Austin Voth,BAL,3,8.2,0,38,9,23.7%,10.5%,150,66.2%,15.3%,14.0%,29.3%,4.14,52.0%,0.0%,1.29,33.3%,37.5%,29.2%,2.42,92.7,8.0%
29,Alek Manoah,TOR,15,94.2,7,374,85,22.7%,5.1%,1386,77.4%,11.2%,16.7%,27.8%,3.70,25.8%,6.7%,0.92,21.7%,37.6%,40.7%,3.07,86.8,3.8%
30,Joe Musgrove,SDP,14,92.0,9,359,92,25.6%,5.3%,1353,75.4%,11.5%,20.5%,31.9%,3.24,36.3%,11.7%,1.51,20.6%,47.7%,31.7%,3.10,86.5,5.7%
31,Matt Manning,DET,2,8.0,1,29,4,13.8%,0.0%,106,83.6%,8.5%,17.0%,25.5%,3.77,28.0%,14.3%,1.86,20.0%,52.0%,28.0%,3.74,86.9,12.0%
32,Mike Clevinger,SDP,6,27.0,3,111,29,26.1%,9.0%,488,77.0%,10.5%,17.6%,28.1%,3.73,36.1%,10.3%,1.07,14.3%,44.3%,41.4%,3.52,87.5,5.6%
33,Martin Perez,TEX,16,100.0,4,409,81,19.8%,6.1%,1465,81.5%,8.3%,19.1%,27.4%,3.87,36.3%,4.4%,1.69,16.4%,52.6%,31.1%,2.86,88.7,3.3%
34,Corbin Burnes,MIL,16,99.1,12,390,124,31.8%,6.4%,1604,65.1%,16.1%,17.1%,33.2%,2.83,35.5%,13.5%,1.13,18.8%,43.2%,38.0%,3.16,88.0,6.0%
35,Jhonathan Diaz,LAA,3,11.1,0,50,9,18.0%,20.0%,183,78.3%,8.2%,15.8%,24.0%,6.03,48.4%,0.0%,2.83,25.8%,54.8%,19.4%,4.17,90.7,3.2%
36,Nestor Cortes,NYY,15,85.0,11,332,91,27.4%,5.7%,1339,79.0%,10.5%,17.8%,28.3%,3.33,37.1%,10.3%,0.70,17.6%,33.9%,48.4%,3.36,89.0,5.9%
37,Denyi Reyes,BAL,1,3.2,0,16,1,6.3%,6.3%,61,84.4%,8.2%,11.5%,19.7%,6.05,50.0%,0.0%,0.83,21.4%,35.7%,42.9%,3.39,90.7,0.0%
38,Sonny Gray,MIN,11,54.2,5,219,54,24.7%,6.4%,848,78.7%,9.4%,20.2%,29.6%,3.56,37.3%,8.9%,1.16,18.8%,43.6%,37.6%,3.15,87.3,6.0%
39,Dylan Cease,CHW,16,86.0,7,364,125,34.3%,11.0%,1543,66.2%,16.1%,15.3%,31.4%,3.13,35.0%,9.5%,1.16,18.4%,43.9%,37.8%,2.73,88.1,7.1%
40,Max Scherzer,NYM,8,49.2,5,193,59,30.6%,5.7%,759,72.7%,14.0%,15.7%,29.6%,2.96,27.7%,9.1%,0.73,19.5%,33.9%,46.6%,2.95,87.2,9.2%
41,Clayton Kershaw,LAD,10,56.0,5,222,59,26.6%,5.4%,815,72.9%,13.3%,16.8%,30.1%,3.20,32.7%,9.4%,1.34,17.3%,47.3%,35.3%,2.87,87.1,4.7%
42,Neil Pallante,STL,5,28.0,2,113,14,12.4%,9.7%,403,82.9%,7.9%,15.4%,23.3%,4.40,44.8%,14.3%,4.00,19.5%,64.4%,16.1%,4.33,89.3,3.4%
43,Miles Mikolas,STL,16,100.0,9,398,79,19.8%,5.3%,1572,83.1%,8.1%,18.6%,26.8%,3.96,33.4%,8.7%,1.23,20.5%,43.8%,35.6%,3.49,87.5,6.1%
44,Carlos Rodon,SFG,15,86.0,4,346,105,30.3%,8.1%,1421,73.0%,13.8%,16.4%,30.2%,3.19,37.7%,4.7%,0.94,21.1%,38.3%,40.7%,2.29,87.8,4.7%
45,Julio Urias,LAD,15,81.2,12,324,76,23.5%,6.2%,1205,76.1%,12.2%,17.0%,29.2%,3.78,26.9%,11.7%,0.81,16.6%,37.2%,46.2%,3.94,86.6,8.4%
46,Zack Wheeler,PHI,15,88.0,5,355,99,27.9%,5.6%,1370,75.5%,12.3%,16.6%,29.0%,3.09,33.9%,6.6%,1.36,21.8%,45.0%,33.2%,2.49,86.2,5.7%
47,Logan Gilbert,SEA,16,94.2,10,384,92,24.0%,6.8%,1553,78.5%,10.9%,14.5%,25.4%,3.74,46.0%,9.8%,0.93,24.2%,36.5%,39.2%,3.46,91.1,6.5%
48,Max Fried,ATL,16,101.1,6,402,96,23.9%,4.0%,1525,75.8%,12.1%,16.1%,28.3%,3.12,34.4%,8.0%,1.96,21.8%,51.8%,26.4%,2.52,86.5,4.5%
49,Framber Valdez,HOU,16,101.0,6,411,93,22.6%,9.2%,1529,78.2%,10.1%,17.9%,28.1%,3.33,36.0%,15.0%,4.55,18.4%,66.9%,14.7%,3.32,89.1,4.7%
50,Shohei Ohtani,LAA,13,74.0,8,296,101,34.1%,5.7%,1179,69.1%,14.9%,17.5%,32.4%,2.55,36.2%,11.4%,1.00,20.9%,39.5%,39.5%,2.52,87.4,7.3%
51,Michael Wacha,BOS,13,70.1,7,284,50,17.6%,7.7%,1092,83.0%,8.5%,14.2%,22.7%,4.55,36.5%,9.1%,1.13,22.3%,41.2%,36.5%,3.97,89.1,7.1%
52,Matt Wisler,TBR,4,6.2,1,25,5,20.0%,8.0%,92,80.4%,9.8%,18.5%,28.3%,4.41,33.3%,12.5%,0.75,22.2%,33.3%,44.4%,4.47,87.9,11.1%
53,Jeffrey Springs,TBR,10,49.2,8,198,54,27.3%,5.1%,795,74.0%,13.1%,16.0%,29.1%,3.17,38.8%,14.8%,0.98,18.9%,40.2%,40.9%,3.64,87.5,9.0%
54,Taijuan Walker,NYM,13,72.2,3,293,52,17.7%,7.2%,1130,79.3%,10.3%,15.0%,25.3%,4.26,41.8%,4.6%,1.65,21.5%,48.9%,29.7%,3.09,89.3,6.4%
55,Michael Kopech,CHW,14,68.0,5,272,63,23.2%,11.4%,1139,77.2%,10.1%,16.6%,26.7%,4.58,39.2%,5.4%,0.56,17.1%,29.7%,53.1%,3.67,89.9,7.4%
56,Wade Miley,CHC,4,19.0,0,79,12,15.2%,10.1%,271,77.3%,10.0%,18.5%,28.4%,4.83,39.7%,0.0%,1.94,19.0%,53.4%,27.6%,3.27,88.3,0.0%
57,Kevin Gausman,TOR,16,88.0,2,371,100,27.0%,4.3%,1413,71.7%,16.0%,13.8%,29.8%,3.07,38.8%,2.4%,1.29,24.4%,42.5%,33.1%,1.68,88.5,7.1%
58,Daniel Castano,MIA,4,22.0,3,94,13,13.8%,9.6%,350,84.7%,7.4%,16.3%,23.7%,5.11,32.4%,14.3%,1.52,23.2%,46.4%,30.4%,5.07,86.3,8.5%
59,Paul Blackburn,OAK,16,87.0,7,356,67,18.8%,6.2%,1336,78.2%,9.6%,19.1%,28.7%,3.99,39.8%,9.7%,1.76,23.8%,48.7%,27.6%,3.48,87.7,4.5%
60,Shane Baz,TBR,5,24.2,2,101,28,27.7%,8.9%,391,70.9%,13.0%,16.6%,29.7%,3.49,52.4%,9.5%,1.33,22.2%,44.4%,33.3%,3.12,90.9,6.3%
61,Pablo Lopez,MIA,16,94.0,10,378,93,24.6%,7.1%,1476,72.6%,13.4%,15.6%,29.0%,3.60,36.0%,11.9%,1.38,20.6%,46.0%,33.3%,3.54,88.3,9.5%
62,Gerrit Cole,NYY,16,93.1,14,372,117,31.5%,7.0%,1515,70.9%,14.2%,16.9%,31.1%,2.92,38.6%,15.7%,1.15,16.2%,44.7%,39.0%,3.43,89.1,8.3%
63,Matt Bush,TEX,3,3.0,1,11,5,45.5%,9.1%,32,64.3%,15.6%,28.1%,43.8%,1.95,40.0%,50.0%,1.50,0.0%,60.0%,40.0%,5.12,91.4,20.0%
64,Jimmy Herget,LAA,1,3.0,0,10,2,20.0%,0.0%,43,76.5%,9.3%,20.9%,30.2%,1.68,37.5%,0.0%,6.00,12.5%,75.0%,12.5%,1.78,81.0,0.0%
65,Joe Ryan,MIN,12,66.0,7,267,60,22.5%,6.7%,1046,79.5%,10.1%,16.6%,26.8%,4.21,35.7%,6.9%,0.51,16.4%,28.4%,55.2%,3.68,87.7,8.1%
66,Kyle Wright,ATL,15,92.0,6,373,96,25.7%,8.0%,1380,74.4%,12.0%,17.9%,29.9%,3.47,37.8%,8.6%,1.80,17.6%,52.9%,29.4%,3.05,89.1,6.2%
67,Devin Smeltzer,MIN,10,56.1,10,220,34,15.5%,5.5%,858,83.7%,7.7%,18.3%,26.0%,4.70,39.3%,12.7%,0.84,14.7%,38.8%,46.5%,4.91,88.7,6.9%
68,Chris Archer,MIN,15,61.1,8,262,47,17.9%,11.5%,1065,78.0%,9.7%,15.6%,25.3%,5.04,41.2%,10.8%,0.96,19.4%,39.4%,41.1%,4.89,89.0,9.3%
69,Patrick Sandoval,LAA,13,70.0,4,311,74,23.8%,10.3%,1170,72.7%,12.5%,17.4%,29.9%,4.09,32.5%,5.9%,1.34,20.1%,45.7%,34.2%,3.20,87.1,6.9%
70,Cristian Javier,HOU,11,58.1,5,236,78,33.1%,9.3%,1015,72.0%,13.6%,12.6%,26.2%,3.28,32.3%,6.4%,0.40,16.8%,23.7%,59.5%,2.84,88.3,8.3%
71,Tyler Wells,BAL,16,75.2,9,300,50,16.7%,5.7%,1176,79.8%,10.4%,15.6%,25.9%,4.62,36.4%,8.3%,0.76,16.7%,36.0%,47.4%,4.09,87.6,6.9%
72,Luis Castillo,CIN,11,64.0,5,267,66,24.7%,8.2%,1117,75.8%,11.5%,16.2%,27.7%,3.67,37.5%,9.4%,1.57,20.9%,48.3%,30.8%,3.24,88.5,5.7%
73,Josh Winckowski,BOS,5,26.0,1,110,19,17.3%,6.4%,404,81.6%,8.2%,20.0%,28.2%,3.97,41.7%,4.8%,2.19,18.3%,56.1%,25.6%,2.96,88.1,6.0%
74,Johnny Cueto,CHW,8,49.0,7,198,41,20.7%,6.1%,742,83.1%,8.4%,15.5%,23.9%,4.02,42.4%,12.3%,1.02,20.1%,40.3%,39.6%,4.10,90.2,9.0%
75,Aaron Nola,PHI,16,103.2,12,402,117,29.1%,3.5%,1549,76.2%,11.5%,19.8%,31.2%,2.79,33.6%,12.0%,1.16,17.6%,44.3%,38.2%,2.94,88.6,8.3%
76,Jake Odorizzi,HOU,7,31.2,1,128,21,16.4%,9.4%,496,82.1%,8.7%,13.7%,22.4%,5.02,28.7%,2.5%,0.83,21.5%,35.5%,43.0%,3.43,87.0,4.3%
77,Logan Webb,SFG,16,97.2,6,397,86,21.7%,5.8%,1521,76.6%,11.1%,18.1%,29.2%,3.40,38.7%,8.8%,2.35,18.9%,56.9%,24.2%,2.98,88.0,5.6%
78,Ross Stripling,TOR,11,51.1,4,203,38,18.7%,3.4%,816,80.9%,9.8%,16.3%,26.1%,3.78,37.3%,7.8%,1.49,19.6%,48.1%,32.3%,3.06,89.0,7.6%
79,Nathan Eovaldi,BOS,12,68.1,16,279,72,25.8%,3.6%,1063,74.6%,13.6%,15.7%,29.4%,3.14,45.9%,21.6%,1.19,16.9%,45.1%,37.9%,4.54,91.3,11.7%
80,Shane Bieber,CLE,15,91.0,7,368,93,25.3%,6.0%,1372,71.5%,13.6%,17.9%,31.5%,3.43,44.4%,8.2%,1.24,24.0%,42.0%,34.0%,2.83,90.5,8.7%
81,Ryan Pepiot,LAD,3,11.1,1,52,13,25.0%,21.2%,248,72.9%,9.3%,21.4%,30.6%,5.78,42.3%,7.1%,0.57,12.0%,32.0%,56.0%,5.41,86.6,11.5%
82,Tyler Anderson,LAD,13,76.1,8,309,65,21.0%,4.9%,1138,75.4%,12.7%,16.4%,29.2%,3.96,32.7%,7.9%,0.77,20.1%,34.8%,45.1%,3.48,86.7,6.6%
83,Jordan Montgomery,NYY,16,90.1,10,364,72,19.8%,4.7%,1310,71.7%,14.0%,16.0%,30.0%,3.78,34.0%,12.3%,1.57,20.9%,48.3%,30.8%,3.76,87.7,6.0%
84,Jason Alexander,MIL,5,28.0,1,124,13,10.5%,8.9%,426,87.6%,5.2%,20.0%,25.1%,5.24,40.4%,3.8%,1.92,21.6%,51.5%,26.8%,3.94,88.4,6.1%
85,Nick Pivetta,BOS,16,94.2,10,385,91,23.6%,8.3%,1489,80.0%,9.5%,17.5%,27.0%,3.99,45.6%,8.9%,0.79,22.4%,34.4%,43.2%,3.68,91.1,9.3%
86,Adam Wainwright,STL,16,96.2,9,399,81,20.3%,6.8%,1555,84.3%,6.8%,21.5%,28.3%,3.98,35.3%,10.2%,1.51,23.5%,46.0%,30.4%,3.55,88.5,8.0%
87,Frankie Montas,OAK,17,96.2,11,387,100,25.8%,6.2%,1501,75.2%,12.9%,13.5%,26.4%,3.34,36.6%,12.8%,1.42,19.7%,47.1%,33.2%,3.30,88.6,7.6%
88,Marco Gonzales,SEA,16,87.2,14,376,49,13.0%,8.5%,1402,84.5%,7.6%,14.6%,22.2%,5.16,36.5%,13.5%,1.29,18.5%,45.9%,35.6%,5.24,87.5,7.5%
89,Drew Rasmussen,TBR,13,62.2,7,257,51,19.8%,7.0%,1015,78.0%,11.2%,14.2%,25.4%,4.02,41.7%,13.0%,1.63,23.7%,47.3%,29.0%,3.85,90.2,8.0%
90,Spencer Strider,ATL,7,35.1,3,144,53,36.8%,8.3%,615,68.6%,15.8%,14.0%,29.8%,2.55,39.0%,12.0%,1.40,22.1%,45.5%,32.5%,2.41,88.1,6.5%
91,Jakob Junis,SFG,7,38.0,6,152,30,19.7%,5.9%,584,80.2%,8.4%,21.9%,30.3%,4.02,39.3%,15.4%,1.31,19.6%,45.5%,34.8%,4.38,89.4,7.1%
92,Jameson Taillon,NYY,15,84.0,8,348,69,19.8%,3.2%,1295,80.6%,9.8%,16.2%,26.0%,3.79,35.2%,8.5%,1.13,22.8%,40.9%,36.3%,3.25,88.7,6.1%
93,MacKenzie Gore,SDP,12,62.0,4,267,64,24.0%,12.0%,1082,77.5%,10.4%,15.9%,26.3%,4.38,45.5%,6.2%,0.95,23.5%,37.3%,39.2%,3.63,90.8,8.4%
94,Luis Severino,NYY,14,78.0,11,315,91,28.9%,7.3%,1274,72.9%,13.3%,15.3%,28.6%,3.24,39.1%,13.6%,0.99,16.6%,41.5%,42.0%,3.65,89.1,7.1%
95,John Means,BAL,2,8.0,0,34,7,20.6%,5.9%,135,79.5%,11.1%,11.1%,22.2%,3.99,40.0%,0.0%,1.11,24.0%,40.0%,36.0%,2.12,88.5,4.0%
96,Zac Gallen,ARI,15,82.0,9,337,77,22.8%,6.8%,1378,79.2%,9.8%,17.1%,26.9%,3.78,32.9%,11.1%,1.27,18.6%,45.6%,35.8%,3.84,87.2,8.8%
97,Jose Quintana,PIT,15,76.0,7,321,67,20.9%,7.8%,1287,74.4%,12.1%,14.2%,26.3%,4.13,36.8%,9.2%,1.26,24.2%,42.3%,33.5%,3.58,86.5,8.3%
98,Edward Cabrera,MIA,3,15.2,2,69,15,21.7%,13.0%,286,68.1%,12.9%,17.1%,30.1%,4.68,28.6%,13.3%,1.40,14.3%,50.0%,35.7%,5.16,85.3,7.1%
99,Merrill Kelly,ARI,16,91.0,6,377,74,19.6%,8.2%,1447,81.8%,8.8%,17.3%,26.1%,4.29,35.8%,6.5%,1.34,20.4%,45.6%,34.1%,3.40,88.2,7.0%
100,David Peterson,NYM,10,51.2,5,217,54,24.9%,8.8%,879,74.2%,11.5%,15.0%,26.5%,3.57,39.6%,13.5%,2.05,18.7%,54.7%,26.6%,3.68,87.9,6.5%
101,Jalen Beeks,TBR,4,7.2,1,32,8,25.0%,9.4%,115,72.5%,12.2%,20.9%,33.0%,3.94,50.0%,11.1%,0.78,20.0%,35.0%,45.0%,4.29,86.0,10.0%
102,Yu Darvish,SDP,15,94.1,9,379,85,22.4%,4.7%,1454,75.9%,11.6%,18.2%,29.7%,3.71,38.1%,8.0%,0.92,19.2%,38.7%,42.1%,3.38,88.0,7.8%
103,Luis Garcia,HOU,14,76.1,13,311,80,25.7%,6.8%,1187,72.4%,13.7%,14.7%,28.4%,3.57,37.8%,14.1%,0.83,18.8%,36.7%,44.4%,4.10,89.2,8.6%
104,Cole Irvin,OAK,13,75.1,11,312,52,16.7%,5.8%,1134,81.1%,9.5%,16.0%,25.6%,4.47,41.7%,12.1%,1.04,21.5%,40.1%,38.4%,4.43,89.9,10.8%
105,Mitch White,LAD,6,25.0,3,106,22,20.8%,7.5%,412,80.9%,8.7%,15.5%,24.3%,4.16,33.3%,11.1%,1.11,23.0%,40.5%,36.5%,4.00,89.8,6.7%
106,Michael Pineda,DET,6,27.1,6,109,15,13.8%,3.7%,389,83.0%,8.5%,16.2%,24.7%,4.69,45.6%,15.4%,0.92,16.7%,40.0%,43.3%,5.31,92.5,11.1%
107,Robbie Ray,SEA,17,104.1,15,423,117,27.7%,8.5%,1616,70.7%,15.3%,11.9%,27.2%,3.52,39.6%,13.3%,0.93,17.4%,39.8%,42.8%,3.92,89.9,8.3%
108,Triston McKenzie,CLE,14,84.1,16,333,79,23.7%,6.0%,1256,76.2%,12.2%,13.9%,26.0%,3.91,45.4%,13.3%,0.57,17.5%,29.8%,52.6%,4.60,91.2,12.7%
109,Madison Bumgarner,ARI,16,79.1,12,345,57,16.5%,7.5%,1385,83.1%,7.9%,16.8%,24.7%,4.71,44.6%,11.2%,0.99,17.1%,41.2%,41.6%,4.70,90.4,8.1%
110,Cal Quantrill,CLE,14,84.2,10,350,51,14.6%,7.1%,1297,84.2%,7.7%,16.5%,24.2%,4.90,36.7%,9.7%,1.05,21.0%,40.4%,38.6%,4.47,88.3,7.4%
111,George Kirby,SEA,11,60.0,12,250,58,23.2%,3.2%,1000,79.7%,10.6%,15.9%,26.5%,3.44,39.6%,16.2%,1.03,17.1%,42.0%,40.9%,4.28,90.2,10.4%
112,Drew Smyly,CHC,9,42.2,8,180,34,18.9%,5.6%,716,76.5%,12.2%,14.5%,26.7%,4.09,32.6%,15.4%,1.23,13.4%,47.8%,38.8%,4.73,84.3,8.9%
113,Dakota Hudson,STL,15,80.0,6,332,44,13.3%,10.8%,1302,83.4%,7.1%,15.4%,22.5%,5.10,43.8%,9.2%,2.09,18.6%,55.1%,26.3%,4.45,90.0,6.0%
114,Chad Kuhl,COL,15,82.1,8,349,59,16.9%,8.6%,1336,78.1%,10.0%,16.1%,26.1%,4.82,41.2%,7.6%,0.91,22.4%,37.1%,40.5%,4.04,89.5,6.5%
115,Zach Plesac,CLE,14,79.1,11,335,57,17.0%,6.0%,1243,80.8%,9.7%,15.2%,24.9%,4.47,43.5%,11.2%,0.99,22.6%,38.5%,38.9%,4.43,90.2,11.9%
116,Noah Syndergaard,LAA,12,65.1,6,272,47,17.3%,5.9%,974,77.8%,11.1%,18.1%,29.2%,4.29,35.4%,8.2%,1.32,17.6%,46.8%,35.6%,3.74,87.3,7.3%
117,Corey Kluber,TBR,15,76.0,9,314,67,21.3%,4.1%,1139,77.7%,11.1%,18.2%,29.2%,3.79,36.2%,9.4%,0.90,20.2%,37.7%,42.1%,3.60,87.2,7.4%
118,Sean Manaea,SDP,14,85.0,11,345,89,25.8%,9.0%,1318,75.2%,12.7%,14.8%,27.5%,3.79,37.3%,11.7%,0.91,18.6%,38.9%,42.5%,3.80,89.5,6.7%
119,Paolo Espino,WSN,4,18.1,4,76,14,18.4%,7.9%,297,85.6%,6.1%,20.5%,26.6%,4.54,41.1%,16.7%,0.92,17.9%,39.3%,42.9%,5.41,87.8,8.9%
120,Zach Davies,ARI,15,80.0,10,332,62,18.7%,7.8%,1317,79.3%,9.0%,18.5%,27.4%,4.44,31.4%,10.5%,1.09,17.4%,43.2%,39.4%,4.24,86.2,7.0%
121,Brandon Woodruff,MIL,11,54.2,7,226,71,31.4%,5.8%,980,70.8%,14.5%,16.1%,30.6%,2.84,36.4%,11.7%,0.83,19.7%,36.5%,43.8%,3.01,87.5,7.9%
122,Jon Gray,TEX,14,77.1,8,317,83,26.2%,8.2%,1252,74.8%,12.1%,17.2%,29.3%,3.58,39.0%,11.6%,1.29,22.5%,43.6%,33.8%,3.44,88.3,6.8%
123,Kutter Crawford,BOS,2,9.0,2,38,10,26.3%,10.5%,168,76.4%,10.1%,14.3%,24.4%,3.92,29.2%,18.2%,0.91,12.5%,41.7%,45.8%,5.12,85.3,4.2%
124,Bailey Ober,MIN,7,33.2,2,142,29,20.4%,4.9%,526,75.3%,13.3%,12.5%,25.9%,4.29,34.0%,3.8%,0.50,25.7%,24.8%,49.5%,2.79,89.2,10.4%
125,Chris Bassitt,NYM,15,89.2,13,369,95,25.7%,7.0%,1467,77.6%,10.2%,19.4%,29.6%,3.50,34.2%,14.1%,1.21,15.8%,46.1%,38.2%,3.92,86.0,7.0%
126,Walker Buehler,LAD,12,65.0,8,274,58,21.2%,6.2%,1046,76.5%,11.7%,14.5%,26.2%,3.82,41.6%,12.7%,1.49,19.9%,48.0%,32.1%,3.81,87.9,6.6%
127,Eric Lauer,MIL,14,78.1,16,329,80,24.3%,7.6%,1298,79.0%,10.2%,16.4%,26.6%,3.85,40.1%,16.7%,0.75,22.2%,33.3%,44.4%,4.76,89.0,10.8%
128,Chris Paddack,MIN,5,22.1,0,93,20,21.5%,2.2%,367,80.2%,10.4%,16.9%,27.2%,3.41,41.4%,0.0%,1.36,23.5%,44.1%,32.4%,1.73,88.7,5.7%
129,Jesus Luzardo,MIA,6,29.0,4,119,41,34.5%,13.4%,518,67.9%,13.7%,20.1%,33.8%,3.45,46.8%,16.7%,1.00,22.6%,38.7%,38.7%,3.74,90.3,11.3%
130,Tarik Skubal,DET,16,88.2,8,361,90,24.9%,6.6%,1462,76.5%,11.8%,16.4%,28.2%,3.50,39.4%,9.5%,1.36,18.5%,46.9%,34.6%,3.10,89.5,6.1%
131,Brady Singer,KCR,9,53.0,9,217,52,24.0%,5.5%,815,78.8%,9.3%,21.2%,30.6%,3.52,41.7%,16.4%,1.24,17.4%,45.6%,36.9%,4.15,90.6,11.3%
132,Dane Dunning,TEX,16,88.0,9,379,77,20.3%,8.4%,1408,77.4%,10.0%,18.3%,28.3%,4.05,37.3%,12.5%,1.92,18.6%,53.5%,27.9%,4.02,87.5,7.2%
133,Jose Urquidy,HOU,15,80.1,15,347,63,18.2%,5.5%,1317,79.9%,10.4%,15.6%,26.0%,4.35,45.2%,13.0%,0.83,19.5%,36.4%,44.1%,4.76,91.2,10.6%
134,Garrett Whitlock,BOS,9,39.0,5,164,38,23.2%,5.5%,645,77.1%,11.5%,15.5%,27.0%,3.63,42.2%,11.1%,1.16,16.4%,44.8%,38.8%,3.60,90.2,10.3%
135,Rich Hill,BOS,15,70.2,8,298,58,19.5%,7.7%,1134,80.9%,8.6%,21.1%,29.7%,4.35,34.6%,9.6%,1.02,21.1%,39.9%,39.0%,4.05,88.3,8.9%
136,Roansy Contreras,PIT,8,36.1,7,164,33,20.1%,11.0%,667,75.6%,11.4%,17.1%,28.5%,4.75,49.1%,14.3%,0.80,20.7%,35.1%,44.1%,5.37,92.0,13.4%
137,Josiah Gray,WSN,15,81.0,16,346,88,25.4%,10.1%,1383,72.5%,12.3%,16.3%,28.6%,4.11,37.6%,15.2%,0.56,23.7%,27.4%,48.8%,4.99,88.4,11.5%
138,Brad Keller,KCR,15,85.0,10,359,56,15.6%,7.8%,1313,82.2%,8.5%,14.5%,22.9%,4.59,39.1%,12.0%,1.64,19.8%,49.8%,30.4%,4.35,89.0,6.2%
139,Tucker Davidson,ATL,3,12.2,0,58,8,13.8%,19.0%,222,80.0%,8.6%,15.8%,24.3%,6.43,35.9%,0.0%,2.10,18.4%,55.3%,26.3%,4.46,89.1,0.0%
140,JT Brubaker,PIT,16,82.0,9,372,82,22.0%,8.9%,1358,74.9%,11.6%,17.2%,28.7%,4.16,35.7%,9.5%,1.14,19.4%,42.9%,37.7%,3.93,88.5,6.7%
141,Erick Fedde,WSN,16,79.2,9,342,65,19.0%,10.8%,1472,82.5%,7.3%,18.5%,25.7%,4.75,42.9%,10.2%,1.19,19.2%,43.9%,36.8%,4.35,88.6,7.1%
142,Nick Martinez,SDP,10,52.1,9,230,47,20.4%,11.7%,907,75.8%,11.5%,16.8%,28.2%,4.66,44.5%,17.6%,1.39,21.3%,45.8%,32.9%,5.16,89.0,11.0%
143,Kyle Freeland,COL,15,85.2,9,376,58,15.4%,6.9%,1338,80.1%,9.4%,15.5%,24.9%,4.72,42.0%,9.0%,1.15,23.8%,40.8%,35.5%,4.35,89.8,8.1%
144,Chris Flexen,SEA,15,83.1,11,361,58,16.1%,8.0%,1330,81.0%,8.9%,13.8%,22.7%,4.99,41.8%,8.9%,0.70,21.3%,32.5%,46.3%,4.52,90.5,11.0%
145,Tanner Houck,BOS,4,16.2,0,69,13,18.8%,10.1%,277,80.5%,8.3%,17.7%,26.0%,4.50,42.6%,0.0%,1.91,30.4%,45.7%,23.9%,3.18,92.4,4.3%
146,Ranger Suarez,PHI,15,79.0,9,344,64,18.6%,9.6%,1376,83.4%,7.4%,17.2%,24.6%,4.34,31.3%,13.4%,2.00,17.3%,55.1%,27.6%,4.27,86.9,6.9%
147,Charlie Morton,ATL,16,87.0,11,370,101,27.3%,8.4%,1467,75.8%,11.0%,17.9%,28.9%,3.54,39.5%,13.1%,1.00,26.0%,37.0%,37.0%,3.85,88.3,7.5%
148,Davis Martin,CHW,2,10.1,1,46,8,17.4%,8.7%,188,74.2%,13.3%,14.4%,27.7%,4.46,42.4%,12.5%,1.88,30.3%,45.5%,24.2%,4.28,89.2,6.1%
149,Zach Eflin,PHI,13,68.0,8,285,56,19.6%,5.3%,1091,79.2%,9.9%,16.9%,26.8%,4.01,31.9%,10.3%,1.17,19.1%,43.5%,37.3%,3.84,85.2,6.7%
150,Zack Greinke,KCR,12,63.2,8,268,32,11.9%,4.1%,1056,84.3%,7.1%,18.4%,25.5%,4.92,39.6%,9.4%,1.04,21.7%,39.8%,38.5%,4.40,88.1,7.7%
151,Eduardo Rodriguez,DET,8,39.0,4,169,34,20.1%,10.1%,671,85.6%,6.7%,16.5%,23.2%,4.59,35.6%,8.3%,0.92,21.4%,37.6%,41.0%,4.01,87.7,7.6%
152,Justin Steele,CHC,15,69.2,5,308,67,21.8%,10.4%,1206,80.3%,9.0%,16.7%,25.8%,4.16,34.4%,9.1%,1.93,22.6%,51.0%,26.4%,3.50,87.4,2.9%
153,Freddy Peralta,MIL,8,38.2,1,165,50,30.3%,7.9%,701,70.5%,12.8%,18.5%,31.4%,3.07,40.4%,3.3%,1.53,23.2%,46.5%,30.3%,2.11,87.5,3.0%
154,Tyler Mahle,CIN,17,92.1,10,395,102,25.8%,9.1%,1673,74.2%,11.5%,17.3%,28.8%,3.86,36.5%,8.5%,0.74,18.7%,34.5%,46.8%,3.55,88.3,6.3%
155,Lance Lynn,CHW,4,22.0,3,96,22,22.9%,5.2%,400,73.7%,12.8%,13.3%,26.0%,3.63,47.8%,12.5%,1.17,21.2%,42.4%,36.4%,3.84,89.5,6.0%
156,Zach Thompson,PIT,13,58.0,12,251,42,16.7%,9.2%,990,79.7%,9.3%,16.7%,26.0%,4.75,38.9%,19.4%,1.37,20.1%,46.2%,33.7%,5.60,88.2,8.1%
157,Wil Crowe,PIT,1,2.0,1,8,3,37.5%,12.5%,33,80.0%,6.1%,24.2%,30.3%,3.03,50.0%,50.0%,1.00,0.0%,50.0%,50.0%,8.12,94.4,25.0%
158,Graham Ashcraft,CIN,8,43.2,5,189,28,14.8%,4.8%,705,82.9%,8.5%,16.0%,24.5%,4.03,33.6%,13.9%,2.25,20.9%,54.7%,24.3%,4.15,85.4,4.7%
159,Beau Brieske,DET,13,69.1,14,293,46,15.7%,7.8%,1115,84.0%,8.0%,14.2%,22.2%,4.91,41.5%,14.3%,0.87,17.9%,38.1%,43.9%,5.41,89.0,11.6%
160,Keegan Thompson,CHC,10,45.1,6,195,41,21.0%,8.2%,737,81.1%,8.7%,17.1%,25.8%,4.27,37.8%,10.7%,0.86,22.4%,35.8%,41.8%,4.28,88.9,9.6%
161,Alex Cobb,SFG,11,51.0,5,219,56,25.6%,6.8%,818,77.0%,10.6%,19.3%,30.0%,3.01,32.7%,16.7%,2.97,17.4%,61.8%,20.8%,3.14,87.5,2.7%
162,Spenser Watkins,BAL,10,41.0,5,182,23,12.6%,9.3%,669,80.9%,8.8%,16.7%,25.6%,5.47,40.3%,8.8%,0.93,20.9%,38.1%,41.0%,5.04,91.2,10.1%
163,Carlos Carrasco,NYM,16,87.1,11,373,89,23.9%,5.9%,1355,75.2%,12.9%,14.6%,27.5%,3.56,38.3%,12.6%,1.30,21.3%,44.5%,34.3%,3.68,88.4,8.2%
164,Reid Detmers,LAA,12,58.0,11,237,44,18.6%,8.9%,967,81.4%,8.7%,16.5%,25.2%,4.69,41.7%,14.7%,0.80,19.2%,35.9%,44.9%,5.36,89.4,10.1%
165,Jordan Lyles,BAL,16,92.0,12,403,77,19.1%,7.2%,1532,79.0%,9.7%,16.6%,26.3%,4.30,39.7%,11.2%,1.14,21.0%,42.1%,36.9%,4.25,89.0,10.6%
166,Dylan Bundy,MIN,13,65.0,10,278,47,16.9%,4.7%,1002,81.0%,9.8%,16.8%,26.5%,4.40,37.8%,10.8%,0.88,18.6%,38.1%,43.3%,4.32,89.5,9.7%
167,Adrian Houser,MIL,15,76.1,8,336,57,17.0%,9.2%,1353,84.2%,7.0%,16.2%,23.2%,4.64,39.9%,11.1%,1.61,23.3%,47.3%,29.4%,4.20,88.6,5.6%
168,Bryce Elder,ATL,4,19.0,3,87,12,13.8%,16.1%,339,75.8%,10.6%,13.6%,24.2%,6.11,41.7%,15.0%,1.50,13.8%,51.7%,34.5%,6.27,87.8,8.3%
169,Yusei Kikuchi,TOR,15,62.2,14,281,74,26.3%,12.8%,1158,74.1%,12.4%,13.6%,26.0%,4.19,50.9%,22.2%,1.14,18.7%,43.4%,38.0%,5.57,92.9,16.8%
170,Kyle Hendricks,CHC,15,81.1,14,343,62,18.1%,6.4%,1278,77.6%,10.2%,18.0%,28.2%,4.45,38.7%,13.0%,0.85,20.9%,36.4%,42.7%,4.75,87.4,9.8%
171,Alex Faedo,DET,10,48.1,7,213,39,18.3%,8.0%,841,78.3%,10.5%,15.6%,26.0%,4.64,39.7%,10.4%,0.76,23.9%,32.9%,43.2%,4.50,91.2,10.3%
172,Bailey Falter,PHI,4,16.2,4,74,15,20.3%,6.8%,291,78.8%,10.7%,18.2%,28.9%,4.30,26.9%,16.0%,0.68,19.2%,32.7%,48.1%,5.70,87.7,9.6%
173,Lucas Giolito,CHW,14,75.1,15,326,89,27.3%,8.9%,1283,71.2%,13.2%,17.2%,30.4%,3.64,44.9%,17.0%,0.77,23.9%,33.2%,42.9%,4.54,90.1,11.1%
174,Kyle Gibson,PHI,16,84.1,13,359,70,19.5%,7.0%,1389,75.9%,11.7%,14.8%,26.4%,4.12,38.4%,15.9%,1.45,20.9%,46.9%,32.3%,4.56,88.8,7.4%
175,Evan Lee,WSN,1,3.2,0,19,2,10.5%,15.8%,67,87.0%,4.5%,17.9%,22.4%,6.56,30.8%,0.0%,1.20,15.4%,46.2%,38.5%,5.30,84.1,0.0%
176,Jose Suarez,LAA,7,31.0,5,140,29,20.7%,11.4%,560,77.7%,11.3%,12.1%,23.4%,4.71,40.0%,13.9%,0.86,28.7%,33.0%,38.3%,4.89,90.3,10.5%
177,Michael Lorenzen,LAA,13,71.0,8,304,55,18.1%,9.9%,1184,77.0%,11.1%,14.1%,25.2%,4.57,38.1%,11.8%,1.63,16.4%,51.9%,31.8%,4.47,88.8,7.4%
178,Daniel Lynch,KCR,13,63.2,9,290,65,22.4%,10.3%,1189,75.7%,12.5%,12.4%,25.0%,4.36,45.3%,10.8%,0.87,18.4%,37.9%,43.7%,4.47,91.0,8.9%
179,Antonio Senzatela,COL,13,60.0,5,276,34,12.3%,5.4%,1017,85.3%,7.1%,14.6%,21.6%,4.73,41.2%,8.3%,1.65,28.1%,44.8%,27.1%,3.87,90.4,5.3%
180,Rony Garcia,DET,7,34.1,7,141,31,22.0%,7.1%,576,81.7%,8.3%,16.3%,24.7%,4.19,52.5%,14.9%,0.60,24.2%,28.3%,47.5%,4.92,92.3,18.2%
181,Dillon Peters,PIT,4,9.0,0,37,6,16.2%,8.1%,134,88.3%,5.2%,17.2%,22.4%,4.74,46.4%,0.0%,1.22,28.6%,39.3%,32.1%,2.78,92.2,10.7%
182,Tylor Megill,NYM,9,41.1,6,174,47,27.0%,6.3%,695,75.3%,12.2%,14.7%,26.9%,3.27,33.9%,16.2%,1.30,24.1%,42.9%,33.0%,3.60,89.3,9.6%
183,Alex Wood,SFG,15,73.1,8,315,71,22.5%,6.3%,1287,78.0%,10.5%,18.8%,29.3%,3.58,38.6%,13.6%,1.85,23.3%,49.8%,26.9%,3.58,88.2,5.9%
184,Konnor Pilkington,CLE,6,26.1,2,127,27,21.3%,13.4%,507,74.2%,11.8%,13.2%,25.0%,4.89,39.0%,6.5%,0.97,25.6%,36.6%,37.8%,4.10,89.3,12.2%
185,Blake Snell,SDP,8,40.1,4,179,50,27.9%,12.8%,765,68.8%,14.4%,14.1%,28.5%,4.04,38.1%,9.1%,1.02,15.2%,42.9%,41.9%,3.71,89.6,8.6%
186,Jackson Tetreault,WSN,4,21.0,4,96,9,9.4%,10.4%,365,82.5%,7.7%,14.5%,22.2%,6.03,57.1%,13.3%,1.03,20.8%,40.3%,39.0%,6.16,92.8,9.1%
187,Josh Rogers,WSN,3,14.0,3,60,7,11.7%,8.3%,221,86.7%,6.3%,16.3%,22.6%,5.53,43.8%,13.6%,0.86,14.6%,39.6%,45.8%,5.97,90.0,10.4%
188,Drew Hutchison,DET,2,8.2,1,38,2,5.3%,10.5%,116,87.7%,6.0%,14.7%,20.7%,6.54,46.9%,8.3%,1.17,18.8%,43.8%,37.5%,5.54,91.4,6.3%
189,Jon Heasley,KCR,9,45.0,8,201,35,17.4%,11.9%,800,79.7%,9.1%,14.8%,23.9%,5.23,46.4%,13.1%,0.80,20.9%,35.3%,43.9%,5.60,90.8,9.3%
190,Adrian Sampson,CHC,2,10.1,1,45,9,20.0%,6.7%,183,76.9%,11.5%,12.0%,23.5%,4.00,36.4%,9.1%,1.45,18.2%,48.5%,33.3%,3.50,87.6,6.1%
191,Chase Silseth,LAA,5,20.2,5,89,17,19.1%,7.9%,348,76.1%,10.6%,18.7%,29.3%,4.20,53.1%,27.8%,1.67,23.8%,47.6%,28.6%,5.78,91.6,7.8%
192,Braxton Garrett,MIA,5,22.1,2,105,22,21.0%,5.7%,408,75.2%,12.5%,17.6%,30.1%,3.82,42.7%,9.1%,1.45,27.0%,43.2%,29.7%,3.38,90.0,6.7%
193,Ian Anderson,ATL,15,76.1,10,336,66,19.6%,11.0%,1344,74.0%,12.4%,13.2%,25.5%,4.64,42.2%,13.0%,1.40,20.3%,46.6%,33.2%,4.58,89.1,5.6%
194,Aaron Ashby,MIL,9,44.0,8,200,52,26.0%,11.5%,770,71.7%,12.2%,21.2%,33.4%,3.75,32.5%,26.7%,2.43,14.9%,60.3%,24.8%,4.82,88.5,5.7%
195,Marcus Stroman,CHC,9,47.1,8,198,45,22.7%,6.1%,777,79.9%,9.3%,19.2%,28.4%,3.72,47.5%,17.4%,1.26,25.2%,41.7%,33.1%,4.17,91.3,7.8%
196,Mitch Keller,PIT,13,64.0,6,285,53,18.6%,9.8%,1126,81.4%,8.3%,16.6%,25.0%,4.50,37.8%,9.8%,1.67,18.5%,51.0%,30.5%,4.13,88.2,7.5%
197,Vince Velasquez,CHW,8,35.1,7,157,31,19.7%,8.3%,624,76.9%,11.4%,15.9%,27.2%,4.49,43.8%,14.0%,0.76,20.7%,34.2%,45.0%,5.13,91.2,13.4%
198,Casey Mize,DET,2,10.0,1,45,4,8.9%,4.4%,169,88.0%,5.3%,16.6%,21.9%,5.58,41.0%,5.6%,0.78,15.8%,36.8%,47.4%,4.22,92.0,10.3%
199,Johan Oviedo,STL,1,5.0,1,26,5,19.2%,11.5%,103,75.5%,11.7%,17.5%,29.1%,4.72,29.4%,20.0%,1.60,23.5%,47.1%,29.4%,6.12,84.4,5.9%
200,Jimmy Lambert,CHW,2,6.2,1,31,6,19.4%,9.7%,122,78.6%,9.8%,15.6%,25.4%,4.52,31.8%,12.5%,1.25,18.2%,45.5%,36.4%,4.62,83.8,4.5%
201,James Kaprielian,OAK,12,58.0,11,251,40,15.9%,10.4%,971,79.9%,9.5%,15.1%,24.6%,5.16,36.5%,14.3%,0.95,16.7%,40.6%,42.8%,5.75,89.4,9.4%
202,Nick Lodolo,CIN,3,14.2,3,69,19,27.5%,7.2%,248,76.7%,11.3%,17.7%,29.0%,3.24,41.9%,25.0%,1.67,25.6%,46.5%,27.9%,4.62,86.1,9.3%
203,Trevor Rogers,MIA,15,68.0,10,309,62,20.1%,11.0%,1293,77.2%,10.9%,14.2%,25.1%,4.70,32.5%,12.7%,1.04,23.3%,39.0%,37.6%,4.75,87.7,8.0%
204,Jack Flaherty,STL,3,8.0,1,42,6,14.3%,21.4%,180,78.4%,8.9%,14.4%,23.3%,7.14,23.1%,9.1%,1.00,8.3%,45.8%,45.8%,6.99,86.6,7.7%
205,Glenn Otto,TEX,10,46.1,6,205,35,17.1%,14.1%,837,77.0%,9.8%,15.7%,25.4%,5.48,41.2%,13.0%,1.22,23.3%,42.1%,34.6%,5.49,90.2,10.3%
206,Humberto Castellanos,ARI,9,41.1,7,180,30,16.7%,6.1%,696,83.0%,7.9%,17.8%,25.7%,4.61,37.5%,13.0%,0.81,27.4%,32.6%,40.0%,4.88,89.5,7.4%
207,Matthew Liberatore,STL,5,20.2,4,98,18,18.4%,11.2%,406,82.1%,7.6%,16.7%,24.4%,5.11,53.6%,12.5%,0.63,23.5%,29.4%,47.1%,5.49,91.7,11.6%
208,Hyun-Jin Ryu,TOR,6,27.0,5,113,16,14.2%,3.5%,395,83.5%,7.6%,17.5%,25.1%,4.46,44.1%,14.7%,1.24,17.4%,45.7%,37.0%,4.78,91.1,9.7%
209,Hunter Greene,CIN,15,74.0,20,322,93,28.9%,9.9%,1333,71.6%,13.2%,15.2%,28.4%,3.76,37.1%,19.2%,0.47,20.7%,25.4%,53.9%,5.53,89.9,10.8%
210,Daulton Jefferies,OAK,8,39.1,4,172,28,16.3%,4.7%,611,79.7%,9.7%,15.7%,25.4%,4.31,38.1%,8.0%,1.24,15.8%,46.6%,37.6%,3.78,89.1,8.2%
211,Jose Berrios,TOR,16,83.1,17,367,67,18.3%,6.0%,1317,82.5%,8.5%,18.3%,26.8%,4.32,45.6%,16.2%,1.00,22.2%,38.9%,38.9%,5.17,90.8,11.8%
212,Zach Logue,OAK,5,23.1,7,107,20,18.7%,8.4%,422,78.6%,9.7%,14.7%,24.4%,5.06,48.1%,16.3%,0.40,21.1%,22.4%,56.6%,6.59,91.6,16.9%
213,Jordan Hicks,STL,7,24.2,3,112,24,21.4%,16.1%,456,78.5%,8.6%,16.2%,24.8%,5.05,41.5%,17.6%,2.12,18.5%,55.4%,26.2%,5.55,88.8,12.3%
214,Matt Swarmer,CHC,5,24.2,11,107,24,22.4%,9.3%,444,69.2%,13.7%,14.6%,28.4%,4.43,46.6%,28.2%,0.56,16.4%,30.1%,53.4%,8.18,91.3,13.7%
215,Trevor Williams,NYM,7,27.2,8,120,19,15.8%,5.0%,476,80.9%,9.2%,14.3%,23.5%,4.56,39.4%,20.5%,0.90,20.4%,37.6%,41.9%,6.26,89.0,12.8%
216,Cody Poteet,MIA,2,7.2,1,31,5,16.1%,12.9%,106,78.4%,10.4%,16.0%,26.4%,5.00,36.4%,16.7%,2.17,13.6%,59.1%,27.3%,5.07,88.9,9.1%
217,German Marquez,COL,15,84.0,15,375,70,18.7%,8.5%,1338,81.1%,9.1%,16.1%,25.3%,4.36,44.6%,17.9%,1.56,20.1%,48.7%,31.2%,4.98,90.3,8.1%
218,Elieser Hernandez,MIA,9,42.2,14,191,38,19.9%,6.8%,750,80.5%,9.7%,15.9%,25.6%,4.49,35.8%,18.9%,0.58,13.3%,31.9%,54.8%,6.73,88.4,13.1%
219,Bruce Zimmermann,BAL,13,66.2,18,289,46,15.9%,3.8%,1027,81.7%,9.3%,16.5%,25.7%,4.41,41.7%,19.1%,0.93,20.3%,38.3%,41.4%,5.83,91.0,13.5%
220,Garrett Richards,TEX,2,3.0,1,14,3,21.4%,14.3%,56,72.0%,12.5%,16.1%,28.6%,4.66,33.3%,50.0%,2.50,22.2%,55.6%,22.2%,7.45,88.7,11.1%
221,Ty Blach,COL,1,3.0,0,15,0,0.0%,6.7%,46,95.8%,2.2%,15.2%,17.4%,6.97,57.1%,0.0%,1.00,28.6%,35.7%,35.7%,4.12,89.6,0.0%
222,Eli Morgan,CLE,1,3.0,1,12,5,41.7%,16.7%,51,66.7%,13.7%,13.7%,27.5%,3.42,60.0%,25.0%,0.25,0.0%,20.0%,80.0%,6.12,92.2,20.0%
223,Steven Matz,STL,9,37.1,8,164,44,26.8%,4.9%,677,77.7%,11.1%,17.6%,28.7%,3.19,41.4%,21.1%,1.08,28.8%,36.9%,34.2%,4.27,89.6,10.8%
224,Patrick Corbin,WSN,16,81.2,14,386,75,19.4%,7.8%,1406,79.2%,9.8%,16.9%,26.7%,4.23,45.0%,15.6%,1.42,21.3%,46.2%,32.5%,4.72,90.8,10.8%
225,Ryan Feltner,COL,7,33.2,6,149,33,22.1%,5.4%,591,78.7%,10.3%,16.1%,26.4%,3.72,49.5%,15.8%,1.18,20.2%,43.3%,36.5%,4.45,90.1,8.6%
226,Ryan Yarbrough,TBR,6,24.2,3,115,16,13.9%,8.7%,439,82.7%,7.7%,16.4%,24.1%,5.42,34.5%,7.7%,0.62,24.1%,28.9%,47.0%,5.22,86.5,9.5%
227,Taylor Hearn,TEX,13,59.0,9,278,54,19.4%,10.1%,1070,80.6%,9.2%,16.4%,25.5%,4.66,44.0%,12.7%,1.01,25.1%,37.7%,37.2%,4.84,91.8,13.5%
228,Adrian Martinez,OAK,2,10.0,2,44,6,13.6%,4.5%,162,85.7%,6.8%,17.9%,24.7%,5.17,32.4%,11.1%,0.56,17.6%,29.4%,52.9%,5.72,87.4,8.8%
229,Jared Koenig,OAK,4,18.1,3,90,10,11.1%,12.2%,344,85.6%,6.1%,17.4%,23.5%,5.94,45.5%,13.0%,1.26,20.0%,44.6%,35.4%,6.44,90.6,7.6%
230,Austin Gomber,COL,13,68.2,11,293,51,17.4%,6.8%,1108,81.6%,9.1%,14.0%,23.1%,4.43,36.7%,14.3%,1.22,21.6%,43.1%,35.3%,4.63,88.2,8.6%
231,Ethan Small,MIL,1,2.2,0,15,4,26.7%,26.7%,69,62.1%,15.9%,13.0%,29.0%,6.41,57.1%,0.0%,4.00,28.6%,57.1%,14.3%,4.62,91.1,14.3%
232,Mike Minor,CIN,6,31.2,11,143,24,16.8%,7.0%,532,82.7%,7.7%,17.1%,24.8%,4.88,35.8%,20.0%,0.62,16.0%,32.1%,51.9%,7.35,88.7,13.2%
233,Joan Adon,WSN,13,60.2,8,289,50,17.3%,12.5%,1108,85.9%,6.1%,17.1%,23.2%,5.10,36.5%,12.7%,1.49,19.1%,48.5%,32.5%,5.26,88.9,10.2%
234,Kris Bubic,KCR,11,42.1,6,202,35,17.3%,12.9%,846,82.5%,7.6%,16.4%,24.0%,5.24,46.1%,12.8%,1.26,23.7%,42.4%,33.8%,5.15,89.5,8.5%
235,Aaron Civale,CLE,10,46.0,8,209,45,21.5%,7.2%,845,79.5%,9.5%,17.6%,27.1%,4.07,41.0%,14.0%,0.93,23.1%,37.1%,39.9%,4.72,90.5,11.1%
236,Chi Chi Gonzalez,- - -,4,15.0,4,64,9,14.1%,4.7%,245,85.7%,6.5%,20.0%,26.5%,4.42,38.5%,25.0%,1.56,21.2%,48.1%,30.8%,5.98,86.3,7.7%
237,Bryan Baker,BAL,2,3.2,0,15,4,26.7%,6.7%,60,72.0%,11.7%,21.7%,33.3%,4.12,33.3%,0.0%,0.17,22.2%,11.1%,66.7%,2.57,87.9,11.1%
238,Kyle Bradish,BAL,10,46.1,11,212,46,21.7%,8.5%,832,76.4%,10.7%,15.9%,26.6%,4.12,42.8%,22.9%,1.27,24.8%,42.1%,33.1%,5.58,91.4,11.7%
239,Matt Brash,SEA,5,20.0,3,95,19,20.0%,17.9%,391,72.9%,10.7%,19.7%,30.4%,5.41,44.8%,25.0%,2.75,22.4%,56.9%,20.7%,5.87,92.0,8.6%
240,Vladimir Gutierrez,CIN,8,35.0,7,168,28,16.7%,13.1%,643,83.8%,6.8%,17.9%,24.7%,5.55,43.8%,13.2%,0.70,18.9%,33.3%,47.7%,6.52,89.6,8.9%
241,Cristopher Sanchez,PHI,1,2.1,1,11,2,18.2%,9.1%,51,93.8%,2.0%,23.5%,25.5%,4.78,28.6%,25.0%,0.75,0.0%,42.9%,57.1%,9.54,91.2,14.3%
242,Kirk McCarty,CLE,2,9.0,4,43,5,11.6%,9.3%,155,80.0%,9.7%,16.1%,25.8%,5.55,44.1%,28.6%,1.07,14.7%,44.1%,41.2%,9.12,88.5,8.8%
243,Joey Wentz,DET,2,6.2,0,29,5,17.2%,6.9%,128,81.0%,8.6%,14.1%,22.7%,4.27,59.1%,0.0%,1.67,27.3%,45.5%,27.3%,2.52,94.0,9.1%
244,Dallas Keuchel,- - -,10,41.1,7,210,30,14.3%,12.4%,806,78.8%,9.4%,13.8%,23.2%,5.28,38.3%,17.9%,2.00,24.0%,50.6%,25.3%,5.75,89.0,7.8%
245,Connor Seabold,BOS,2,8.2,3,44,11,25.0%,6.8%,160,67.9%,16.3%,11.9%,28.1%,3.61,34.5%,25.0%,0.92,20.7%,37.9%,41.4%,6.46,88.4,10.3%
246,Aaron Sanchez,WSN,7,31.1,6,141,16,11.3%,5.7%,532,83.9%,7.5%,17.7%,25.2%,4.81,51.7%,17.6%,1.68,18.0%,51.4%,30.6%,5.45,93.8,5.2%
247,Mark Leiter,CHC,3,9.1,2,45,7,15.6%,15.6%,191,83.5%,6.8%,16.8%,23.6%,5.83,26.7%,20.0%,1.40,20.0%,46.7%,33.3%,6.97,88.2,10.0%
248,Tyler Alexander,DET,4,12.1,3,59,9,15.3%,8.5%,242,85.1%,7.0%,15.7%,22.7%,5.05,37.8%,16.7%,0.83,25.0%,34.1%,40.9%,6.03,87.1,11.1%
249,Richard Bleier,MIA,1,1.0,0,5,1,20.0%,20.0%,24,63.6%,16.7%,4.2%,20.8%,6.12,66.7%,0.0%,1.00,33.3%,33.3%,33.3%,4.12,97.7,0.0%
250,Luis Gil,NYY,1,4.0,0,19,5,26.3%,10.5%,83,65.2%,19.3%,9.6%,28.9%,3.80,41.7%,0.0%,1.67,33.3%,41.7%,25.0%,2.12,87.5,0.0%
251,Zack Thompson,STL,1,5.0,2,24,2,8.3%,8.3%,92,95.2%,2.2%,17.4%,19.6%,6.08,45.0%,22.2%,0.78,20.0%,35.0%,45.0%,8.72,87.9,15.0%
252,Tyler Gilbert,ARI,3,13.0,6,61,11,18.0%,8.2%,225,81.5%,8.9%,16.9%,25.8%,4.71,43.2%,31.6%,0.74,21.4%,33.3%,45.2%,8.81,90.2,13.6%
253,Carlos Hernandez,KCR,7,29.2,4,149,16,10.7%,13.4%,545,76.8%,10.6%,13.6%,24.2%,6.23,40.2%,9.5%,1.12,19.1%,42.7%,38.2%,5.91,88.9,8.9%
254,Cole Sands,MIN,3,12.1,3,65,12,18.5%,10.8%,281,75.4%,12.1%,12.1%,24.2%,4.81,36.4%,16.7%,1.17,11.4%,47.7%,40.9%,6.52,89.1,9.1%
255,Ryan Weathers,SDP,1,3.2,0,21,3,14.3%,19.0%,89,76.7%,11.2%,9.0%,20.2%,6.46,35.7%,0.0%,1.75,21.4%,50.0%,28.6%,4.75,88.1,0.0%
256,Anthony DeSclafani,SFG,5,19.0,4,94,17,18.1%,4.3%,329,79.7%,9.4%,17.6%,27.1%,4.08,45.8%,15.4%,1.19,19.7%,43.7%,36.6%,4.85,91.6,6.9%
257,Bryse Wilson,PIT,7,26.2,6,134,19,14.2%,9.7%,505,84.3%,7.1%,17.0%,24.2%,5.27,43.4%,17.1%,1.03,27.6%,36.7%,35.7%,6.42,92.0,9.1%
258,Josh Fleming,TBR,2,7.0,1,37,7,18.9%,10.8%,144,76.7%,11.8%,16.7%,28.5%,4.33,53.8%,14.3%,2.29,11.5%,61.5%,26.9%,4.69,95.3,15.4%
259,Packy Naughton,STL,3,7.0,2,33,6,18.2%,0.0%,122,74.6%,13.1%,13.9%,27.0%,3.60,40.7%,20.0%,1.30,14.8%,48.1%,37.0%,5.12,89.4,14.8%
260,Caleb Kilian,CHC,3,11.1,0,56,9,16.1%,21.4%,235,85.3%,6.0%,14.5%,20.4%,6.85,44.1%,0.0%,1.21,8.8%,50.0%,41.2%,4.97,91.1,2.9%
261,Chris Ellis,BAL,2,4.1,0,25,2,8.0%,24.0%,83,78.8%,8.4%,12.0%,20.5%,8.36,6.3%,0.0%,1.60,18.8%,50.0%,31.3%,7.04,83.7,0.0%
262,Elvin Rodriguez,DET,4,17.2,8,83,14,16.9%,8.4%,300,84.7%,6.3%,18.7%,25.0%,4.81,50.8%,29.6%,0.89,15.0%,40.0%,45.0%,8.78,94.3,13.1%
263,Adam Oller,OAK,4,14.2,6,76,11,14.5%,14.5%,314,80.6%,8.9%,10.5%,19.4%,6.03,49.1%,24.0%,0.72,18.9%,34.0%,47.2%,9.39,92.3,13.2%
264,Huascar Ynoa,ATL,2,6.2,2,37,8,21.6%,16.2%,147,78.1%,9.5%,11.6%,21.1%,5.05,65.2%,33.3%,2.00,21.7%,52.2%,26.1%,7.32,93.1,21.7%
265,Stephen Strasburg,WSN,1,4.2,1,23,5,21.7%,8.7%,83,86.7%,4.8%,27.7%,32.5%,4.17,33.3%,20.0%,1.00,23.1%,38.5%,38.5%,5.69,86.6,6.7%
266,Luis Patino,TBR,1,0.2,0,3,0,0.0%,0.0%,13,75.0%,7.7%,38.5%,46.2%,6.02,0.0%,0.0%,1.00,33.3%,33.3%,33.3%,3.12,78.0,0.0%
267,Alec Mills,CHC,2,3.0,3,17,2,11.8%,5.9%,58,100.0%,0.0%,12.1%,12.1%,5.55,46.2%,42.9%,0.57,15.4%,30.8%,53.8%,16.78,96.1,15.4%
268,Tommy Romero,TBR,1,1.2,1,11,1,9.1%,45.5%,59,85.7%,5.1%,16.9%,22.0%,13.83,40.0%,50.0%,1.00,20.0%,40.0%,40.0%,18.72,85.1,20.0%
269,Jesse Chavez,ATL,1,1.0,0,6,0,0.0%,0.0%,18,80.0%,11.1%,22.2%,33.3%,8.66,83.3%,0.0%,0.25,16.7%,16.7%,66.7%,3.12,98.0,33.3%
270,Erasmo Ramirez,WSN,1,3.0,3,18,4,22.2%,11.1%,54,74.1%,13.0%,9.3%,22.2%,4.84,45.5%,42.9%,0.43,9.1%,27.3%,63.6%,16.45,93.4,9.1%
271,Spencer Howard,TEX,1,3.0,4,15,5,33.3%,0.0%,49,80.0%,10.2%,18.4%,28.6%,2.29,70.0%,66.7%,0.67,0.0%,40.0%,60.0%,17.12,103.0,20.0%
272,Thomas Hatch,TOR,1,4.2,3,26,4,15.4%,7.7%,71,85.4%,8.5%,12.7%,21.1%,4.31,68.4%,75.0%,2.50,26.3%,52.6%,21.1%,11.69,93.0,10.5%
273,Reiver Sanmartin,CIN,4,11.1,4,67,8,11.9%,13.4%,249,80.2%,8.8%,14.9%,23.7%,5.90,50.0%,30.8%,1.62,32.0%,42.0%,26.0%,8.67,90.0,10.0%
274,Daniel Norris,CHC,1,1.1,0,7,1,14.3%,42.9%,32,88.9%,3.1%,15.6%,18.8%,12.29,100.0%,0.0%,1.00,33.3%,33.3%,33.3%,8.37,101.8,33.3%
275,Jerad Eickhoff,PIT,1,4.1,2,27,4,14.8%,3.7%,83,78.6%,10.8%,12.0%,22.9%,4.44,36.8%,28.6%,1.14,21.1%,42.1%,36.8%,10.04,87.4,10.5%
276,Luke Weaver,ARI,1,3.2,1,22,5,22.7%,4.5%,74,63.9%,17.6%,14.9%,32.4%,3.46,50.0%,25.0%,1.50,37.5%,37.5%,25.0%,4.75,95.2,12.5%
277,Kyle Muller,ATL,1,2.2,0,19,3,15.8%,31.6%,74,66.7%,10.8%,18.9%,29.7%,8.91,0.0%,0.0%,4.00,44.4%,44.4%,11.1%,7.62,85.3,0.0%
278,Luis Cessa,CIN,1,1.0,0,7,0,0.0%,0.0%,22,75.0%,13.6%,13.6%,27.3%,4.39,0.0%,0.0%,4.00,28.6%,57.1%,14.3%,3.12,86.3,0.0%
279,Caleb Smith,ARI,1,1.0,2,9,2,22.2%,33.3%,41,69.2%,9.8%,19.5%,29.3%,8.67,75.0%,100.0%,1.00,0.0%,50.0%,50.0%,34.12,90.3,50.0%
280,Dauri Moreta,CIN,1,0.1,1,3,1,33.3%,0.0%,10,66.7%,20.0%,0.0%,20.0%,1.87,100.0%,100.0%,1.00,0.0%,50.0%,50.0%,36.12,102.7,50.0%
281,Thomas Szapucki,NYM,1,1.1,4,13,2,15.4%,23.1%,49,76.5%,8.2%,12.2%,20.4%,7.85,100.0%,80.0%,0.20,25.0%,12.5%,62.5%,45.87,102.0,50.0%
