player_id,player_name,TBF,BIP,EV-OVR,LA-OVR,FB,HR,HH FB,HH HR,TBF/HR,FB%,HHFB%,80thPctEV-OVR,TBF-vLHH,BIP-vLHH,EV-vLHH,LA-vLHH,FB-vLHH,HR-vLHH,HH FB-vLHH,HH HR-vLHH,TBF/HR-vLHH,FB%-vLHH,HHFB%-vLHH,80thPctEV-vLHH,TBF-vRHH,BIP-vRHH,EV-vRHH,LA-vRHH,FB-vRHH,HR-vRHH,HH FB-vRHH,HH HR-vRHH,PA/HR-vRHH,FB%-vRHH,HHFB%-vRHH,80thPctEV-vRHH,EV-Pct,HHFB-Pct
592662,"Ray, Robbie",470,292,89.4451724137931,13.375862068965517,82.0,18.0,41.0,17.0,26.11111111111111,0.2808219178082192,0.1404109589041096,101.2,77.0,49.0,88.55306122448981,14.959183673469388,15.0,4.0,9.0,4.0,19.25,0.30612244897959184,0.1836734693877551,102.66000000000001,393.0,243.0,89.6265560165975,13.053941908713693,67.0,14.0,32.0,13.0,28.071428571428573,0.2757201646090535,0.13168724279835392,101.0,0.7516778523489933,0.785234899328859
571578,"Corbin, Patrick",467,339,90.22751479289941,11.414201183431953,76.0,17.0,46.0,16.0,27.470588235294116,0.22418879056047197,0.13569321533923304,102.5,107.0,79.0,90.21012658227849,8.455696202531646,14.0,3.0,7.0,3.0,35.666666666666664,0.17721518987341772,0.08860759493670886,100.10000000000001,360.0,260.0,90.23281853281853,12.316602316602317,62.0,14.0,39.0,13.0,25.714285714285715,0.23846153846153847,0.15,103.0,0.8791946308724832,0.7583892617449665
543475,"Lyles, Jordan",468,338,88.71656804733728,14.440828402366863,84.0,15.0,47.0,13.0,31.2,0.2485207100591716,0.1390532544378698,101.7,206.0,143.0,89.83916083916084,14.153846153846153,41.0,10.0,29.0,9.0,20.6,0.2867132867132867,0.20279720279720279,102.06,262.0,195.0,87.89333333333333,14.65128205128205,43.0,5.0,18.0,4.0,52.4,0.2205128205128205,0.09230769230769231,101.24000000000001,0.5973154362416108,0.7718120805369127
607536,"Freeland, Kyle",445,335,88.90748502994012,12.751497005988025,85.0,12.0,41.0,12.0,37.083333333333336,0.2537313432835821,0.12238805970149254,101.04,115.0,81.0,87.92222222222222,16.28395061728395,25.0,6.0,13.0,6.0,19.166666666666668,0.30864197530864196,0.16049382716049382,101.2,330.0,254.0,89.22292490118578,11.620553359683795,60.0,6.0,28.0,6.0,55.0,0.23622047244094488,0.11023622047244094,100.62,0.6510067114093959,0.6241610738255033
601713,"Pivetta, Nick",452,305,91.20032786885245,17.79605263157895,83.0,14.0,48.0,12.0,32.285714285714285,0.2721311475409836,0.15737704918032788,101.64,175.0,118.0,90.02033898305085,19.440677966101696,38.0,7.0,18.0,6.0,25.0,0.3220338983050847,0.15254237288135594,100.06,277.0,187.0,91.94491978609626,16.752688172043012,45.0,7.0,30.0,6.0,39.57142857142857,0.24064171122994651,0.16042780748663102,102.4,0.9865771812080537,0.8859060402684564
669302,"Gilbert, Logan",451,319,90.39779179810725,14.138801261829652,90.0,12.0,42.0,11.0,37.583333333333336,0.28213166144200624,0.13166144200626959,101.88000000000001,201.0,137.0,90.33235294117648,14.441176470588236,43.0,3.0,18.0,3.0,67.0,0.31386861313868614,0.13138686131386862,101.5,250.0,182.0,90.44696132596685,13.911602209944752,47.0,9.0,24.0,8.0,27.77777777777778,0.25824175824175827,0.13186813186813187,102.1,0.9060402684563759,0.7181208053691275
506433,"Darvish, Yu",429,299,87.86174496644296,15.738255033557047,96.0,11.0,45.0,9.0,39.0,0.3210702341137124,0.1505016722408027,100.78,230.0,157.0,88.93974358974359,13.967948717948717,43.0,3.0,21.0,2.0,76.66666666666667,0.27388535031847133,0.1337579617834395,100.3,199.0,142.0,86.6774647887324,17.683098591549296,53.0,8.0,24.0,7.0,24.875,0.3732394366197183,0.16901408450704225,100.9,0.3624161073825503,0.8322147651006712
518516,"Bumgarner, Madison",421,315,89.55015873015873,15.40952380952381,92.0,13.0,52.0,13.0,32.38461538461539,0.2920634920634921,0.16507936507936508,101.54,101.0,76.0,86.35000000000001,18.82894736842105,25.0,2.0,15.0,2.0,50.5,0.32894736842105265,0.19736842105263158,97.8,320.0,239.0,90.56778242677825,14.322175732217573,67.0,11.0,37.0,11.0,29.09090909090909,0.2803347280334728,0.15481171548117154,103.0,0.785234899328859,0.912751677852349
450203,"Morton, Charlie",418,257,88.44855967078189,14.292181069958847,74.0,15.0,34.0,14.0,27.866666666666667,0.28793774319066145,0.13229571984435798,101.06,208.0,121.0,89.62252252252253,18.693693693693692,43.0,10.0,18.0,9.0,20.8,0.35537190082644626,0.1487603305785124,101.6,210.0,136.0,87.46136363636363,10.590909090909092,31.0,5.0,16.0,5.0,42.0,0.22794117647058823,0.11764705882352941,100.58,0.5302013422818792,0.7315436241610739
664141,"Brubaker, JT",421,279,88.85833333333333,11.974820143884893,71.0,9.0,34.0,8.0,46.77777777777778,0.25448028673835127,0.12186379928315412,100.1,203.0,135.0,90.72835820895523,16.474074074074075,41.0,5.0,18.0,4.0,40.6,0.3037037037037037,0.13333333333333333,100.2,218.0,144.0,87.09366197183098,7.7272727272727275,30.0,4.0,16.0,4.0,54.5,0.20833333333333334,0.1111111111111111,99.78,0.6241610738255033,0.6174496644295302
641816,"Mahle, Tyler",392,253,87.8509881422925,17.849802371541504,90.0,10.0,43.0,9.0,39.2,0.3557312252964427,0.16996047430830039,99.56,211.0,130.0,85.44538461538461,17.338461538461537,46.0,5.0,19.0,5.0,42.2,0.35384615384615387,0.14615384615384616,98.11999999999999,181.0,123.0,90.39349593495935,18.390243902439025,44.0,5.0,24.0,4.0,36.2,0.35772357723577236,0.1951219512195122,100.86,0.35570469798657717,0.9463087248322147
605135,"Bassitt, Chris",417,280,85.5060606060606,12.522727272727273,72.0,14.0,34.0,14.0,29.785714285714285,0.2571428571428571,0.12142857142857143,99.2,181.0,117.0,86.0359649122807,16.149122807017545,33.0,9.0,15.0,9.0,20.11111111111111,0.28205128205128205,0.1282051282051282,98.28,236.0,163.0,85.10333333333334,9.766666666666667,39.0,5.0,19.0,5.0,47.2,0.2392638036809816,0.1165644171779141,99.94,0.03355704697986577,0.6040268456375839
623167,"Flexen, Chris",427,322,89.08105590062111,18.0,110.0,12.0,45.0,11.0,35.583333333333336,0.3416149068322981,0.13975155279503104,101.88000000000001,194.0,140.0,86.03357142857143,18.557142857142857,44.0,3.0,13.0,3.0,64.66666666666667,0.3142857142857143,0.09285714285714286,100.11999999999999,233.0,182.0,91.42527472527473,17.571428571428573,66.0,9.0,32.0,8.0,25.88888888888889,0.3626373626373626,0.17582417582417584,103.38000000000001,0.6845637583892618,0.7785234899328859
664353,"Urquidy, Jos√©",401,305,90.23036303630363,18.264026402640265,94.0,16.0,47.0,15.0,25.0625,0.3081967213114754,0.1540983606557377,101.7,178.0,131.0,87.19461538461537,18.453846153846154,44.0,3.0,15.0,3.0,59.333333333333336,0.33587786259541985,0.11450381679389313,100.0,223.0,174.0,92.51156069364161,18.121387283236995,50.0,13.0,32.0,12.0,17.153846153846153,0.28735632183908044,0.1839080459770115,102.96000000000001,0.8859060402684564,0.8557046979865772
668881,"Greene, Hunter",390,233,89.9931330472103,20.510729613733904,92.0,23.0,36.0,18.0,16.956521739130434,0.3948497854077253,0.15450643776824036,102.28,193.0,108.0,89.30277777777779,21.055555555555557,45.0,10.0,15.0,8.0,19.3,0.4166666666666667,0.1388888888888889,101.88000000000001,197.0,125.0,90.5896,20.04,47.0,13.0,21.0,10.0,15.153846153846153,0.376,0.168,102.98,0.8590604026845637,0.8657718120805369
680686,"Gray, Josiah",392,241,87.67489539748954,22.640167364016737,80.0,21.0,40.0,20.0,18.666666666666668,0.33195020746887965,0.16597510373443983,101.1,174.0,104.0,89.26862745098039,26.372549019607842,38.0,13.0,24.0,12.0,13.384615384615385,0.36538461538461536,0.23076923076923078,101.68,218.0,137.0,86.48832116788321,19.861313868613138,42.0,8.0,16.0,8.0,27.25,0.30656934306569344,0.11678832116788321,100.28,0.2953020134228188,0.9194630872483222
663474,"McKenzie, Triston",390,265,90.16641509433961,20.173584905660377,90.0,15.0,52.0,15.0,26.0,0.33962264150943394,0.19622641509433963,101.6,158.0,94.0,90.96489361702129,22.54255319148936,37.0,5.0,20.0,5.0,31.6,0.39361702127659576,0.2127659574468085,101.53999999999999,232.0,171.0,89.72748538011696,18.871345029239766,53.0,10.0,32.0,10.0,23.2,0.30994152046783624,0.1871345029239766,101.6,0.87248322147651,0.9865771812080537
640455,"Manaea, Sean",415,278,89.21877256317688,15.844765342960288,86.0,14.0,37.0,12.0,29.642857142857142,0.30935251798561153,0.13309352517985612,101.08,110.0,74.0,86.86756756756756,15.932432432432432,23.0,3.0,6.0,3.0,36.666666666666664,0.3108108108108108,0.08108108108108109,98.44,305.0,204.0,90.07586206896552,15.812807881773399,63.0,11.0,31.0,9.0,27.727272727272727,0.3088235294117647,0.15196078431372548,102.22,0.7248322147651006,0.738255033557047
542881,"Anderson, Tyler",384,282,85.19087591240876,16.17153284671533,78.0,9.0,35.0,9.0,42.666666666666664,0.2765957446808511,0.12411347517730496,98.14,76.0,52.0,80.80784313725489,8.823529411764707,10.0,2.0,6.0,2.0,38.0,0.19230769230769232,0.11538461538461539,97.8,308.0,230.0,86.19327354260089,17.85201793721973,68.0,7.0,29.0,7.0,44.0,0.2956521739130435,0.12608695652173912,98.7,0.020134228187919462,0.6375838926174496
668676,"Plesac, Zach",401,305,89.96875,12.019736842105264,83.0,12.0,47.0,11.0,33.416666666666664,0.2721311475409836,0.1540983606557377,102.1,197.0,155.0,90.01225806451613,15.754838709677419,47.0,8.0,25.0,7.0,24.625,0.3032258064516129,0.16129032258064516,101.44,204.0,150.0,89.92348993288591,8.134228187919463,36.0,4.0,22.0,4.0,51.0,0.24,0.14666666666666667,102.7,0.8456375838926175,0.8557046979865772
543294,"Hendricks, Kyle",355,262,87.105,16.134615384615383,73.0,15.0,34.0,14.0,23.666666666666668,0.2786259541984733,0.1297709923664122,100.2,191.0,136.0,89.6511111111111,18.644444444444446,46.0,12.0,23.0,11.0,15.916666666666666,0.3382352941176471,0.16911764705882354,101.34,164.0,126.0,84.3552,13.424,27.0,3.0,11.0,3.0,54.666666666666664,0.21428571428571427,0.0873015873015873,98.96000000000001,0.19463087248322147,0.697986577181208
641778,"Lauer, Eric",398,263,87.98702290076335,17.9467680608365,80.0,19.0,39.0,17.0,20.94736842105263,0.3041825095057034,0.1482889733840304,100.3,58.0,35.0,86.14,9.314285714285715,10.0,2.0,3.0,2.0,29.0,0.2857142857142857,0.08571428571428572,102.32000000000001,340.0,228.0,88.27180616740088,19.271929824561404,70.0,17.0,36.0,15.0,20.0,0.30701754385964913,0.15789473684210525,100.28,0.40268456375838924,0.8053691275167785
608337,"Giolito, Lucas",375,241,88.98464730290456,15.232365145228215,81.0,16.0,36.0,15.0,23.4375,0.3360995850622407,0.14937759336099585,101.9,153.0,88.0,86.84772727272728,15.261363636363637,32.0,3.0,12.0,3.0,51.0,0.36363636363636365,0.13636363636363635,100.18,222.0,153.0,90.21372549019608,15.215686274509803,49.0,13.0,24.0,12.0,17.076923076923077,0.3202614379084967,0.1568627450980392,103.1,0.6711409395973155,0.8187919463087249
608344,"Irvin, Cole",384,302,89.36059602649007,14.897350993377483,87.0,11.0,47.0,11.0,34.90909090909091,0.28807947019867547,0.15562913907284767,100.5,83.0,67.0,86.65820895522388,12.17910447761194,15.0,2.0,7.0,2.0,41.5,0.22388059701492538,0.1044776119402985,98.8,301.0,235.0,90.13106382978724,15.672340425531916,72.0,9.0,40.0,9.0,33.44444444444444,0.30638297872340425,0.1702127659574468,100.74000000000001,0.738255033557047,0.8791946308724832
622663,"Severino, Luis",349,225,88.14954954954955,10.547085201793722,61.0,14.0,33.0,13.0,24.928571428571427,0.27111111111111114,0.14666666666666667,100.36000000000001,146.0,111.0,88.77999999999999,14.236363636363636,36.0,8.0,21.0,8.0,18.25,0.32432432432432434,0.1891891891891892,99.88,203.0,114.0,87.53035714285714,6.95575221238938,25.0,6.0,12.0,5.0,33.833333333333336,0.21929824561403508,0.10526315789473684,101.0,0.4429530201342282,0.7986577181208053
677651,"Garcia, Luis",359,240,88.45864978902954,17.206751054852322,77.0,15.0,40.0,13.0,23.933333333333334,0.32083333333333336,0.16666666666666666,100.16000000000001,168.0,111.0,87.84454545454545,16.19090909090909,34.0,7.0,16.0,5.0,24.0,0.3063063063063063,0.14414414414414414,99.92,191.0,129.0,88.99055118110236,18.086614173228348,43.0,8.0,24.0,8.0,23.875,0.3333333333333333,0.18604651162790697,100.53999999999999,0.5436241610738255,0.9261744966442953
446372,"Kluber, Corey",384,281,86.86975088967972,18.508896797153024,77.0,10.0,37.0,10.0,38.4,0.27402135231316727,0.13167259786476868,100.4,175.0,126.0,86.3484126984127,19.666666666666668,35.0,3.0,14.0,3.0,58.333333333333336,0.2777777777777778,0.1111111111111111,99.9,209.0,155.0,87.29354838709678,17.56774193548387,42.0,7.0,23.0,7.0,29.857142857142858,0.2709677419354839,0.14838709677419354,100.94,0.174496644295302,0.7248322147651006
596295,"Gomber, Austin",382,288,87.20592334494773,11.456445993031359,85.0,14.0,37.0,13.0,27.285714285714285,0.2951388888888889,0.1284722222222222,100.3,87.0,63.0,87.20645161290322,18.016129032258064,20.0,1.0,6.0,1.0,87.0,0.31746031746031744,0.09523809523809523,99.2,295.0,225.0,87.20577777777777,9.648888888888889,65.0,13.0,31.0,12.0,22.692307692307693,0.28888888888888886,0.13777777777777778,101.14,0.2214765100671141,0.6845637583892618
605200,"Davies, Zach",330,240,85.8325,13.645833333333334,66.0,10.0,30.0,9.0,33.0,0.275,0.125,100.4,163.0,132.0,84.52878787878787,11.431818181818182,33.0,4.0,17.0,4.0,40.75,0.25,0.12878787878787878,97.1,167.0,108.0,87.42592592592592,16.35185185185185,33.0,6.0,13.0,5.0,27.833333333333332,0.3055555555555556,0.12037037037037036,101.26,0.040268456375838924,0.6543624161073825
669330,"Wells, Tyler",342,260,87.29370078740156,19.64566929133858,72.0,10.0,34.0,10.0,34.2,0.27692307692307694,0.13076923076923078,100.5,154.0,114.0,85.12636363636364,19.12727272727273,28.0,4.0,13.0,4.0,38.5,0.24561403508771928,0.11403508771929824,97.82000000000001,188.0,146.0,88.94930555555555,20.041666666666668,44.0,6.0,21.0,6.0,31.333333333333332,0.3013698630136986,0.14383561643835616,101.3,0.24161073825503357,0.7046979865771812
689225,"Brieske, Beau",339,259,88.59186046511628,17.027131782945737,81.0,14.0,41.0,14.0,24.214285714285715,0.3127413127413127,0.1583011583011583,101.76,150.0,111.0,86.63545454545454,18.736363636363638,35.0,4.0,13.0,4.0,37.5,0.3153153153153153,0.11711711711711711,100.14,189.0,148.0,90.04594594594595,15.756756756756756,46.0,10.0,28.0,10.0,18.9,0.3108108108108108,0.1891891891891892,102.26,0.5838926174496645,0.8926174496644296
624522,"Thompson, Keegan",339,228,88.18744394618834,12.210762331838565,64.0,7.0,33.0,7.0,48.42857142857143,0.2807017543859649,0.14473684210526316,100.86,153.0,97.0,87.10515463917527,12.587628865979381,26.0,1.0,13.0,1.0,153.0,0.26804123711340205,0.13402061855670103,97.82000000000001,186.0,131.0,89.02063492063492,11.920634920634921,38.0,6.0,20.0,6.0,31.0,0.2900763358778626,0.15267175572519084,102.4,0.46308724832214765,0.7919463087248322
656629,"Kopech, Michael",342,224,89.74887892376681,20.96412556053812,88.0,10.0,38.0,10.0,34.2,0.39285714285714285,0.16964285714285715,100.48,152.0,87.0,89.76206896551724,27.448275862068964,42.0,5.0,19.0,5.0,30.4,0.4827586206896552,0.21839080459770116,100.03999999999999,190.0,137.0,89.7404411764706,16.816176470588236,46.0,5.0,19.0,5.0,38.0,0.3357664233576642,0.1386861313868613,100.6,0.8053691275167785,0.9328859060402684
664299,"Javier, Cristian",317,171,87.31461988304093,24.391812865497077,72.0,8.0,31.0,8.0,39.625,0.42105263157894735,0.18128654970760233,99.5,172.0,104.0,86.04423076923078,23.432692307692307,38.0,4.0,14.0,4.0,43.0,0.36538461538461536,0.1346153846153846,97.84,145.0,67.0,89.2865671641791,25.880597014925375,34.0,4.0,17.0,4.0,36.25,0.5074626865671642,0.2537313432835821,101.18,0.2483221476510067,0.9664429530201343
448179,"Hill, Rich",298,214,87.98726415094339,14.79245283018868,57.0,8.0,29.0,8.0,37.25,0.26635514018691586,0.13551401869158877,100.36000000000001,42.0,27.0,83.33333333333333,19.37037037037037,7.0,1.0,3.0,1.0,42.0,0.25925925925925924,0.1111111111111111,99.9,256.0,187.0,88.66648648648648,14.124324324324323,50.0,7.0,26.0,7.0,36.57142857142857,0.26737967914438504,0.13903743315508021,100.30000000000001,0.40939597315436244,0.7449664429530202
579328,"Kikuchi, Yusei",292,173,92.63684210526316,9.222222222222221,41.0,14.0,31.0,13.0,20.857142857142858,0.23699421965317918,0.1791907514450867,104.2,56.0,40.0,88.90512820512821,6.846153846153846,9.0,2.0,7.0,2.0,28.0,0.225,0.175,102.50000000000001,236.0,133.0,93.73939393939395,9.924242424242424,32.0,12.0,24.0,11.0,19.666666666666668,0.24060150375939848,0.18045112781954886,104.28,1.0,0.959731543624161
669145,"Zimmermann, Bruce",292,233,90.42260869565217,13.708695652173914,65.0,18.0,40.0,17.0,16.22222222222222,0.27896995708154504,0.17167381974248927,102.1,45.0,30.0,92.83333333333333,6.2,6.0,4.0,4.0,4.0,11.25,0.2,0.13333333333333333,102.94,247.0,203.0,90.061,14.835,59.0,14.0,36.0,13.0,17.642857142857142,0.29064039408866993,0.17733990147783252,101.56,0.912751677852349,0.9530201342281879
425844,"Greinke, Zack",330,271,88.38228782287823,13.398523985239853,67.0,10.0,33.0,9.0,33.0,0.24723247232472326,0.12177121771217712,100.3,131.0,112.0,88.17857142857143,8.214285714285714,17.0,3.0,8.0,3.0,43.666666666666664,0.15178571428571427,0.07142857142857142,98.74,199.0,159.0,88.52578616352201,17.050314465408807,50.0,7.0,25.0,6.0,28.428571428571427,0.31446540880503143,0.15723270440251572,101.5,0.5033557046979866,0.610738255033557
657746,"Ryan, Joe",306,213,86.80281690140845,23.230046948356808,76.0,9.0,34.0,9.0,34.0,0.3568075117370892,0.1596244131455399,99.36,137.0,103.0,87.68349514563107,25.271844660194176,36.0,5.0,18.0,5.0,27.4,0.34951456310679613,0.17475728155339806,100.42,169.0,110.0,85.97818181818182,21.318181818181817,40.0,4.0,16.0,4.0,42.25,0.36363636363636365,0.14545454545454545,98.64,0.1476510067114094,0.8993288590604027
605507,"Thompson, Zach",301,223,87.67657657657658,11.585585585585585,46.0,13.0,28.0,13.0,23.153846153846153,0.2062780269058296,0.12556053811659193,101.48,140.0,99.0,86.26666666666667,10.98989898989899,19.0,5.0,10.0,5.0,28.0,0.1919191919191919,0.10101010101010101,100.5,161.0,124.0,88.81138211382114,12.065040650406504,27.0,8.0,18.0,8.0,20.125,0.21774193548387097,0.14516129032258066,101.8,0.30201342281879195,0.6644295302013423
621076,"Kaprielian, James",296,216,89.38287037037037,15.12037037037037,66.0,13.0,28.0,12.0,22.76923076923077,0.3055555555555556,0.12962962962962962,100.4,151.0,113.0,89.75929203539822,10.460176991150442,28.0,7.0,11.0,6.0,21.571428571428573,0.24778761061946902,0.09734513274336283,100.24000000000001,145.0,103.0,88.96990291262135,20.233009708737864,38.0,6.0,17.0,6.0,24.166666666666668,0.36893203883495146,0.1650485436893204,100.78000000000002,0.7449664429530202,0.6912751677852349
656876,"Rasmussen, Drew",296,213,89.5175355450237,9.018867924528301,46.0,8.0,29.0,8.0,37.0,0.215962441314554,0.13615023474178403,100.9,130.0,95.0,87.25473684210527,7.515789473684211,17.0,2.0,10.0,2.0,65.0,0.17894736842105263,0.10526315789473684,99.24000000000001,166.0,118.0,91.37068965517241,10.239316239316238,29.0,6.0,19.0,6.0,27.666666666666668,0.2457627118644068,0.16101694915254236,101.8,0.7785234899328859,0.7651006711409396
669923,"Kirby, George",274,201,89.773,11.475,54.0,12.0,30.0,9.0,22.833333333333332,0.26865671641791045,0.14925373134328357,102.22,134.0,97.0,89.95876288659794,16.329896907216494,28.0,4.0,15.0,3.0,33.5,0.28865979381443296,0.15463917525773196,102.14,140.0,104.0,89.5980582524272,6.902912621359223,26.0,8.0,15.0,6.0,17.5,0.25,0.14423076923076922,102.06,0.8120805369127517,0.8120805369127517
621111,"Buehler, Walker",271,195,87.71623036649214,6.911458333333333,39.0,8.0,25.0,8.0,33.875,0.2,0.1282051282051282,101.3,155.0,113.0,86.22477064220183,5.654545454545454,22.0,4.0,10.0,4.0,38.75,0.19469026548672566,0.08849557522123894,100.03999999999999,116.0,82.0,89.69878048780488,8.597560975609756,17.0,4.0,15.0,4.0,29.0,0.2073170731707317,0.18292682926829268,103.34,0.3087248322147651,0.6778523489932886
456501,"Cueto, Johnny",296,219,89.09311926605504,13.325688073394495,71.0,9.0,28.0,9.0,32.888888888888886,0.3242009132420091,0.1278538812785388,102.14000000000001,120.0,89.0,90.34886363636363,12.306818181818182,32.0,4.0,12.0,4.0,30.0,0.3595505617977528,0.1348314606741573,100.98,176.0,130.0,88.24307692307693,14.015384615384615,39.0,5.0,16.0,5.0,35.2,0.3,0.12307692307692308,102.94,0.6912751677852349,0.6711409395973155
502042,"Archer, Chris",282,195,88.89740932642488,13.471502590673575,58.0,8.0,24.0,8.0,35.25,0.29743589743589743,0.12307692307692308,99.76,121.0,77.0,87.36315789473684,13.328947368421053,25.0,2.0,10.0,2.0,60.5,0.3246753246753247,0.12987012987012986,99.4,161.0,118.0,89.8940170940171,13.564102564102564,33.0,6.0,14.0,6.0,26.833333333333332,0.2796610169491525,0.11864406779661017,100.44,0.6308724832214765,0.6308724832214765
672282,"Detmers, Reid",280,194,88.84565217391305,16.706521739130434,58.0,11.0,30.0,11.0,25.454545454545453,0.29896907216494845,0.15463917525773196,100.14,61.0,45.0,86.52666666666666,9.71111111111111,13.0,3.0,8.0,3.0,20.333333333333332,0.28888888888888886,0.17777777777777778,100.02,219.0,149.0,89.59640287769784,18.971223021582734,45.0,8.0,22.0,8.0,27.375,0.30201342281879195,0.1476510067114094,100.24,0.610738255033557,0.87248322147651
605488,"Springs, Jeffrey",252,166,87.51024096385542,14.072289156626505,46.0,10.0,25.0,10.0,25.2,0.27710843373493976,0.15060240963855423,100.3,67.0,44.0,90.75909090909092,16.022727272727273,14.0,4.0,9.0,4.0,16.75,0.3181818181818182,0.20454545454545456,101.24,185.0,122.0,86.33852459016393,13.368852459016393,32.0,6.0,16.0,6.0,30.833333333333332,0.26229508196721313,0.13114754098360656,99.86000000000001,0.2751677852348993,0.8389261744966443
605540,"Woodruff, Brandon",278,168,86.85602409638554,18.957831325301203,52.0,7.0,22.0,6.0,39.714285714285715,0.30952380952380953,0.13095238095238096,100.8,135.0,70.0,85.03857142857143,20.02857142857143,22.0,2.0,9.0,1.0,67.5,0.3142857142857143,0.12857142857142856,100.02,143.0,98.0,88.18124999999999,18.177083333333332,30.0,5.0,13.0,5.0,28.6,0.30612244897959184,0.1326530612244898,101.5,0.1610738255033557,0.7114093959731543
656970,"Smeltzer, Devin",255,200,88.13316582914572,15.402010050251256,65.0,13.0,33.0,13.0,19.615384615384617,0.325,0.165,100.17999999999999,47.0,36.0,89.32857142857142,14.714285714285714,12.0,3.0,6.0,3.0,15.666666666666666,0.3333333333333333,0.16666666666666666,98.48,208.0,164.0,87.8780487804878,15.548780487804878,53.0,10.0,27.0,10.0,20.8,0.3231707317073171,0.16463414634146342,100.4,0.42953020134228187,0.9060402684563759
669169,"Heasley, Jonathan",236,167,90.73892215568863,14.58682634730539,47.0,9.0,25.0,8.0,26.22222222222222,0.281437125748503,0.1497005988023952,102.0,117.0,82.0,90.89390243902439,16.670731707317074,25.0,8.0,15.0,7.0,14.625,0.3048780487804878,0.18292682926829268,102.5,119.0,85.0,90.58941176470589,12.576470588235294,22.0,1.0,10.0,1.0,119.0,0.25882352941176473,0.11764705882352941,100.4,0.9395973154362416,0.825503355704698
650644,"Civale, Aaron",239,168,89.73452380952381,14.273809523809524,47.0,8.0,21.0,6.0,29.875,0.27976190476190477,0.125,101.08,100.0,68.0,88.84558823529412,14.191176470588236,18.0,3.0,7.0,2.0,33.333333333333336,0.2647058823529412,0.10294117647058823,102.24000000000001,139.0,100.0,90.339,14.33,29.0,5.0,14.0,4.0,27.8,0.29,0.14,100.46000000000001,0.7986577181208053,0.6543624161073825
663460,"Bubic, Kris",285,199,89.24646464646464,9.165829145728644,50.0,9.0,27.0,8.0,31.666666666666668,0.25125628140703515,0.135678391959799,102.7,68.0,47.0,88.87826086956522,8.72340425531915,10.0,4.0,6.0,3.0,17.0,0.2127659574468085,0.1276595744680851,104.1,217.0,152.0,89.3578947368421,9.302631578947368,40.0,5.0,21.0,5.0,43.4,0.2631578947368421,0.13815789473684212,101.74,0.7315436241610739,0.7516778523489933
622694,"Hernandez, Elieser",232,159,88.16477987421383,21.245283018867923,57.0,18.0,31.0,15.0,12.88888888888889,0.3584905660377358,0.1949685534591195,101.14,127.0,86.0,88.38837209302325,16.011627906976745,38.0,11.0,19.0,10.0,11.545454545454545,0.4418604651162791,0.22093023255813954,101.0,105.0,73.0,87.9013698630137,27.410958904109588,19.0,7.0,12.0,5.0,15.0,0.2602739726027397,0.1643835616438356,101.5,0.44966442953020136,0.9798657718120806
672710,"Contreras, Roansy",217,143,90.76853146853146,16.496503496503497,39.0,9.0,26.0,8.0,24.11111111111111,0.2727272727272727,0.18181818181818182,102.2,100.0,68.0,91.13823529411764,20.852941176470587,17.0,3.0,11.0,2.0,33.333333333333336,0.25,0.16176470588235295,101.24000000000001,117.0,75.0,90.43333333333334,12.546666666666667,22.0,6.0,15.0,6.0,19.5,0.29333333333333333,0.2,102.56,0.9463087248322147,0.9731543624161074
592866,"Williams, Trevor",224,159,86.66037735849056,16.40251572327044,46.0,9.0,27.0,8.0,24.88888888888889,0.2893081761006289,0.16981132075471697,100.48,96.0,83.0,86.055421686747,13.855421686746988,22.0,4.0,13.0,4.0,24.0,0.26506024096385544,0.1566265060240964,100.52,128.0,76.0,87.32105263157894,19.18421052631579,24.0,5.0,14.0,4.0,25.6,0.3157894736842105,0.18421052631578946,100.2,0.10067114093959731,0.9395973154362416
680694,"Bradish, Kyle",212,145,91.43586206896552,9.951724137931034,40.0,11.0,18.0,9.0,19.272727272727273,0.27586206896551724,0.12413793103448276,103.11999999999999,86.0,55.0,89.84545454545454,4.0,12.0,2.0,6.0,2.0,43.0,0.21818181818181817,0.10909090909090909,102.38,126.0,90.0,92.40777777777778,13.588888888888889,28.0,9.0,12.0,7.0,14.0,0.3111111111111111,0.13333333333333333,104.32,0.9932885906040269,0.6442953020134228
605483,"Snell, Blake",223,126,89.79920634920636,16.523809523809526,40.0,5.0,19.0,5.0,44.6,0.31746031746031744,0.15079365079365079,100.9,45.0,23.0,91.43478260869566,12.478260869565217,6.0,1.0,5.0,1.0,45.0,0.2608695652173913,0.21739130434782608,100.74000000000001,178.0,103.0,89.43398058252428,17.42718446601942,34.0,4.0,14.0,4.0,44.5,0.3300970873786408,0.13592233009708737,100.78,0.8187919463087249,0.8456375838926175
592826,"Velasquez, Vince",200,141,90.70285714285714,18.53900709219858,50.0,8.0,29.0,7.0,25.0,0.3546099290780142,0.20567375886524822,102.72,88.0,59.0,90.15862068965517,19.084745762711865,22.0,2.0,14.0,2.0,44.0,0.3728813559322034,0.23728813559322035,102.1,112.0,82.0,91.08780487804877,18.146341463414632,28.0,6.0,15.0,5.0,18.666666666666668,0.34146341463414637,0.18292682926829268,103.18,0.9328859060402684,0.9932885906040269
502179,"Espino, Paolo",232,175,89.45862068965516,16.971264367816094,62.0,10.0,37.0,10.0,23.2,0.35428571428571426,0.21142857142857144,100.0,102.0,80.0,92.23037974683544,18.367088607594937,34.0,5.0,19.0,5.0,20.4,0.425,0.2375,100.16000000000001,130.0,95.0,87.15368421052632,15.810526315789474,28.0,5.0,18.0,5.0,26.0,0.29473684210526313,0.18947368421052632,99.84,0.7718120805369127,1.0
